model,animal,trial,lag_s,acc
XGBoost,1,1,-60,0.8071829925273707
XGBoost,1,1,-59,0.8077181519069465
XGBoost,1,1,-58,0.8082301284799055
XGBoost,1,1,-57,0.8086725827753192
XGBoost,1,1,-56,0.8093003857783339
XGBoost,1,1,-55,0.8097544022242817
XGBoost,1,1,-54,0.8102431621505775
XGBoost,1,1,-53,0.810708741688098
XGBoost,1,1,-52,0.8112554012256293
XGBoost,1,1,-51,0.8118483851536074
XGBoost,1,1,-50,0.8123486823052418
XGBoost,1,1,-49,0.8128837198526516
XGBoost,1,1,-48,0.8133376579749093
XGBoost,1,1,-47,0.8139769252154573
XGBoost,1,1,-46,0.8146277612389811
XGBoost,1,1,-45,0.8154986679022356
XGBoost,1,1,-44,0.8162768877923342
XGBoost,1,1,-43,0.8170782560348422
XGBoost,1,1,-42,0.8178911887690686
XGBoost,1,1,-41,0.8187967660481387
XGBoost,1,1,-40,0.8197370707129206
XGBoost,1,1,-39,0.8205962750185323
XGBoost,1,1,-38,0.8214322943813197
XGBoost,1,1,-37,0.8221988000648613
XGBoost,1,1,-36,0.8228726299818159
XGBoost,1,1,-35,0.8234653694695391
XGBoost,1,1,-34,0.8241391691085348
XGBoost,1,1,-33,0.8248245349887656
XGBoost,1,1,-32,0.8255793752823043
XGBoost,1,1,-31,0.826287871768739
XGBoost,1,1,-30,0.8269963518443454
XGBoost,1,1,-29,0.8277974660088481
XGBoost,1,1,-28,0.828598561617659
XGBoost,1,1,-27,0.8294691249363042
XGBoost,1,1,-26,0.8303628299111744
XGBoost,1,1,-25,0.8315344528083382
XGBoost,1,1,-24,0.8324628550914291
XGBoost,1,1,-23,0.8333912358717807
XGBoost,1,1,-22,0.834134309172814
XGBoost,1,1,-21,0.8350047478981866
XGBoost,1,1,-20,0.8359446470962886
XGBoost,1,1,-19,0.8368382046412525
XGBoost,1,1,-18,0.8378012205148395
XGBoost,1,1,-17,0.8386368373514903
XGBoost,1,1,-16,0.8394724348359754
XGBoost,1,1,-15,0.8402269569245021
XGBoost,1,1,-14,0.8409467236368268
XGBoost,1,1,-13,0.8416317361802644
XGBoost,1,1,-12,0.842432523187013
XGBoost,1,1,-11,0.8430827659673011
XGBoost,1,1,-10,0.8439066751577606
XGBoost,1,1,-9,0.8444989926591483
XGBoost,1,1,-8,0.8453576018618222
XGBoost,1,1,-7,0.8459383104853649
XGBoost,1,1,-6,0.8466926790862462
XGBoost,1,1,-5,0.8473312492763692
XGBoost,1,1,-4,0.848189785923516
XGBoost,1,1,-3,0.8489556800815079
XGBoost,1,1,-2,0.8496636680444121
XGBoost,1,1,-1,0.8503253293815268
XGBoost,1,1,0,0.8510217076700434
XGBoost,1,1,1,0.85178410169727
XGBoost,1,1,2,0.8524770472254061
XGBoost,1,1,3,0.8531468531468531
XGBoost,1,1,4,0.853724050896713
XGBoost,1,1,5,0.8543938867662383
XGBoost,1,1,6,0.8550058470052913
XGBoost,1,1,7,0.8557336050389033
XGBoost,1,1,8,0.85643822293237
XGBoost,1,1,9,0.8572933793390918
XGBoost,1,1,10,0.8580327679036647
XGBoost,1,1,11,0.8586332268074661
XGBoost,1,1,12,0.8592221205840465
XGBoost,1,1,13,0.8599499779995832
XGBoost,1,1,14,0.8603652111485508
XGBoost,1,1,15,0.8606183418249189
XGBoost,1,1,16,0.8608251600875415
XGBoost,1,1,17,0.861194098983302
XGBoost,1,1,18,0.8614009287029424
XGBoost,1,1,19,0.8617467228681273
XGBoost,1,1,20,0.8622430664119044
XGBoost,1,1,21,0.8624962364221692
XGBoost,1,1,22,0.862726251548875
XGBoost,1,1,23,0.8629678525106541
XGBoost,1,1,24,0.863174717142824
XGBoost,1,1,25,0.86332368268674
XGBoost,1,1,26,0.8634031662208016
XGBoost,1,1,27,0.8631120581831658
XGBoost,1,1,28,0.8631104728595087
XGBoost,1,1,29,0.862877261251245
XGBoost,1,1,30,0.8626092999015577
XGBoost,1,1,31,0.8624803113128879
XGBoost,1,1,32,0.862397646595555
XGBoost,1,1,33,0.8621412522295059
XGBoost,1,1,34,0.8620006717550179
XGBoost,1,1,35,0.8617674310864026
XGBoost,1,1,36,0.8616268430257473
XGBoost,1,1,37,0.8614167573953532
XGBoost,1,1,38,0.861276162016285
XGBoost,1,1,39,0.8609734062268347
XGBoost,1,1,40,0.8605200671801703
XGBoost,1,1,41,0.8601477980865012
XGBoost,1,1,42,0.8597639373124992
XGBoost,1,1,43,0.8593684844553584
XGBoost,1,1,44,0.8590193557354832
XGBoost,1,1,45,0.8587513031391173
XGBoost,1,1,46,0.8585295787047227
XGBoost,1,1,47,0.8580877583171161
XGBoost,1,1,48,0.8574605859117078
XGBoost,1,1,49,0.8569839909181475
XGBoost,1,1,50,0.8564726324934839
XGBoost,1,1,51,0.8558570038459756
XGBoost,1,1,52,0.8552529453332253
XGBoost,1,1,53,0.8546025346956744
XGBoost,1,1,54,0.8539521089885428
XGBoost,1,1,55,0.8531163113994439
XGBoost,1,1,56,0.8523615889896778
XGBoost,1,1,57,0.851699529646192
XGBoost,1,1,58,0.8509563585388742
XGBoost,1,1,59,0.8501552435237962
XGBoost,1,1,60,0.8491687423970341
XGBoost,2,1,-60,0.7909517465098767
XGBoost,2,1,-59,0.7912669725195792
XGBoost,2,1,-58,0.7918949917165796
XGBoost,2,1,-57,0.7924187307398225
XGBoost,2,1,-56,0.793069891912557
XGBoost,2,1,-55,0.7936978683966636
XGBoost,2,1,-54,0.7943605843305801
XGBoost,2,1,-53,0.7950696230393179
XGBoost,2,1,-52,0.7957091389316868
XGBoost,2,1,-51,0.7962212131041194
XGBoost,2,1,-50,0.7968607008398494
XGBoost,2,1,-49,0.7973727498088641
XGBoost,2,1,-48,0.7978732030535058
XGBoost,2,1,-47,0.7983041423408396
XGBoost,2,1,-46,0.7986887372725272
XGBoost,2,1,-45,0.7992007413413645
XGBoost,2,1,-44,0.7997011502241373
XGBoost,2,1,-43,0.8000857156095075
XGBoost,2,1,-42,0.800389190691856
XGBoost,2,1,-41,0.8007158245882271
XGBoost,2,1,-40,0.8010424509179359
XGBoost,2,1,-39,0.8014154002965159
XGBoost,2,1,-38,0.8017188459177409
XGBoost,2,1,-37,0.8020801964372583
XGBoost,2,1,-36,0.8024183740835543
XGBoost,2,1,-35,0.8027797081306463
XGBoost,2,1,-34,0.8032105257062114
XGBoost,2,1,-33,0.8036876606981539
XGBoost,2,1,-32,0.8040837126344926
XGBoost,2,1,-31,0.8045608264615954
XGBoost,2,1,-30,0.8049684405582257
XGBoost,2,1,-29,0.8054339517754152
XGBoost,2,1,-28,0.8058762898537297
XGBoost,2,1,-27,0.8062143882892482
XGBoost,2,1,-26,0.8066682879940705
XGBoost,2,1,-25,0.8071685002895194
XGBoost,2,1,-24,0.8076455397158111
XGBoost,2,1,-23,0.8082383731702798
XGBoost,2,1,-22,0.8087848713999514
XGBoost,2,1,-21,0.8091808138592306
XGBoost,2,1,-20,0.8096230675699149
XGBoost,2,1,-19,0.8099842512390569
XGBoost,2,1,-18,0.8102527878458029
XGBoost,2,1,-17,0.810729752889136
XGBoost,2,1,-16,0.8112877638694288
XGBoost,2,1,-15,0.8117994441871237
XGBoost,2,1,-14,0.8124963814684869
XGBoost,2,1,-13,0.8130775109423126
XGBoost,2,1,-12,0.8138786285793684
XGBoost,2,1,-11,0.8146913065629198
XGBoost,2,1,-10,0.8155039657268569
XGBoost,2,1,-9,0.8163166060718339
XGBoost,2,1,-8,0.8170944921092547
XGBoost,2,1,-7,0.817907095220452
XGBoost,2,1,-6,0.8187196795146406
XGBoost,2,1,-5,0.8194975107097372
XGBoost,2,1,-4,0.8200900765303168
XGBoost,2,1,-3,0.8208447181957116
XGBoost,2,1,-2,0.8214719877739571
XGBoost,2,1,-1,0.8220760877115799
XGBoost,2,1,0,0.8226222865412446
XGBoost,2,1,1,0.8232917313080325
XGBoost,2,1,2,0.8238917254234541
XGBoost,2,1,3,0.8245843560413096
XGBoost,2,1,4,0.8252770026976647
XGBoost,2,1,5,0.8260275558643048
XGBoost,2,1,6,0.826627609443203
XGBoost,2,1,7,0.8271466283808818
XGBoost,2,1,8,0.8277930227980594
XGBoost,2,1,9,0.8283236458791654
XGBoost,2,1,10,0.8290279627163781
XGBoost,2,1,11,0.8294428233986383
XGBoost,2,1,12,0.8299619049824578
XGBoost,2,1,13,0.8303304694194206
XGBoost,2,1,14,0.8306411458876113
XGBoost,2,1,15,0.8309865678554886
XGBoost,2,1,16,0.8312046225639481
XGBoost,2,1,17,0.8313763635100396
XGBoost,2,1,18,0.8317218059914078
XGBoost,2,1,19,0.8321483162721757
XGBoost,2,1,20,0.8325632563256326
XGBoost,2,1,21,0.8327813419181509
XGBoost,2,1,22,0.8330573344296087
XGBoost,2,1,23,0.8332175282564388
XGBoost,2,1,24,0.8333545645099651
XGBoost,2,1,25,0.8335031847133758
XGBoost,2,1,26,0.8337097129092405
XGBoost,2,1,27,0.8339394079770233
XGBoost,2,1,28,0.8339606471562416
XGBoost,2,1,29,0.8338544923910778
XGBoost,2,1,30,0.8337367537205397
XGBoost,2,1,31,0.8337579912906513
XGBoost,2,1,32,0.8338023927822753
XGBoost,2,1,33,0.8339047045470339
XGBoost,2,1,34,0.8337869610034631
XGBoost,2,1,35,0.8339356034283067
XGBoost,2,1,36,0.8341421605531684
XGBoost,2,1,37,0.834209733836781
XGBoost,2,1,38,0.8342657261660702
XGBoost,2,1,39,0.8341943106004448
XGBoost,2,1,40,0.8341344761684137
XGBoost,2,1,41,0.8340398915838487
XGBoost,2,1,42,0.8337947250761586
XGBoost,2,1,43,0.8337233007459575
XGBoost,2,1,44,0.8334897082160522
XGBoost,2,1,45,0.8331171087686783
XGBoost,2,1,46,0.8326518319452327
XGBoost,2,1,47,0.8322907978871281
XGBoost,2,1,48,0.8317675814055857
XGBoost,2,1,49,0.831267520793272
XGBoost,2,1,50,0.8308253692441355
XGBoost,2,1,51,0.8302326120198322
XGBoost,2,1,52,0.8297209318489858
XGBoost,2,1,53,0.829116563564329
XGBoost,2,1,54,0.8285237659433973
XGBoost,2,1,55,0.8280120481927711
XGBoost,2,1,56,0.8273381294964028
XGBoost,2,1,57,0.8266294399777566
XGBoost,2,1,58,0.8259786600553772
XGBoost,2,1,59,0.8252931090411975
XGBoost,2,1,60,0.8247465678039738
XGBoost,3,1,-60,0.780362625267914
XGBoost,3,1,-59,0.7805621205801937
XGBoost,3,1,-58,0.7809933153376507
XGBoost,3,1,-57,0.7814476702425913
XGBoost,3,1,-56,0.7817977502056326
XGBoost,3,1,-55,0.782321594068582
XGBoost,3,1,-54,0.7828222564613477
XGBoost,3,1,-53,0.7833576608512315
XGBoost,3,1,-52,0.7838930528364398
XGBoost,3,1,-51,0.7843820953616607
XGBoost,3,1,-50,0.7848595424268752
XGBoost,3,1,-49,0.785394898408359
XGBoost,3,1,-48,0.7858144033732204
XGBoost,3,1,-47,0.7864192382541006
XGBoost,3,1,-46,0.7867460528906857
XGBoost,3,1,-45,0.7872118614618325
XGBoost,3,1,-44,0.7877008258910473
XGBoost,3,1,-43,0.7880507807070379
XGBoost,3,1,-42,0.7885049749226831
XGBoost,3,1,-41,0.7888433293951398
XGBoost,3,1,-40,0.7892280071813286
XGBoost,3,1,-39,0.789809581171238
XGBoost,3,1,-38,0.7904953843659149
XGBoost,3,1,-37,0.7910537654335287
XGBoost,3,1,-36,0.7916584625719547
XGBoost,3,1,-35,0.7923558026407227
XGBoost,3,1,-34,0.7929141427595233
XGBoost,3,1,-33,0.7935303791897339
XGBoost,3,1,-32,0.7942508367788935
XGBoost,3,1,-31,0.7949828592606318
XGBoost,3,1,-30,0.7957959349122705
XGBoost,3,1,-29,0.796539503856577
XGBoost,3,1,-28,0.797352542647689
XGBoost,3,1,-27,0.7982350488720062
XGBoost,3,1,-26,0.79902488737565
XGBoost,3,1,-25,0.7997799652576723
XGBoost,3,1,-24,0.8004423805167282
XGBoost,3,1,-23,0.8011974244950899
XGBoost,3,1,-22,0.8018829687445717
XGBoost,3,1,-21,0.8027422007087106
XGBoost,3,1,-20,0.8035087719298246
XGBoost,3,1,-19,0.8041595256843763
XGBoost,3,1,-18,0.8048450038792455
XGBoost,3,1,-17,0.8057157414483893
XGBoost,3,1,-16,0.80659803842101
XGBoost,3,1,-15,0.8074339972209357
XGBoost,3,1,-14,0.8084436261738516
XGBoost,3,1,-13,0.8094879692457331
XGBoost,3,1,-12,0.8103701816750228
XGBoost,3,1,-11,0.81117132138391
XGBoost,3,1,-10,0.812099808950385
XGBoost,3,1,-9,0.8130630109070699
XGBoost,3,1,-8,0.8140609260481434
XGBoost,3,1,-7,0.8148967210077807
XGBoost,3,1,-6,0.8158367006680638
XGBoost,3,1,-5,0.8167766585620007
XGBoost,3,1,-4,0.8175892371282028
XGBoost,3,1,-3,0.818494419487797
XGBoost,3,1,-2,0.8193764255033401
XGBoost,3,1,-1,0.8202352559798087
XGBoost,3,1,0,0.8210477568740955
XGBoost,3,1,1,0.8217287609697362
XGBoost,3,1,2,0.8223055816053628
XGBoost,3,1,3,0.8229403047283842
XGBoost,3,1,4,0.8235055747878339
XGBoost,3,1,5,0.8242908417274517
XGBoost,3,1,6,0.8251224397642672
XGBoost,3,1,7,0.8258614301593182
XGBoost,3,1,8,0.8264962311994164
XGBoost,3,1,9,0.8271773614616863
XGBoost,3,1,10,0.8278121924390668
XGBoost,3,1,11,0.8284933537121949
XGBoost,3,1,12,0.8291861097923879
XGBoost,3,1,13,0.82970519441421
XGBoost,3,1,14,0.8301895531547805
XGBoost,3,1,15,0.8305697081982399
XGBoost,3,1,16,0.8309846107527877
XGBoost,3,1,17,0.8313416244007503
XGBoost,3,1,18,0.8317912850145327
XGBoost,3,1,19,0.8322872759275557
XGBoost,3,1,20,0.8326443170632852
XGBoost,3,1,21,0.8330824281446141
XGBoost,3,1,22,0.8335900316144199
XGBoost,3,1,23,0.8339934222716324
XGBoost,3,1,24,0.8344778867644845
XGBoost,3,1,25,0.8347539085118703
XGBoost,3,1,26,0.8351573266627291
XGBoost,3,1,27,0.8356418214666235
XGBoost,3,1,28,0.8358599603923703
XGBoost,3,1,29,0.8359738725592384
XGBoost,3,1,30,0.8360530430250739
XGBoost,3,1,31,0.8361206337440934
XGBoost,3,1,32,0.8359102648738173
XGBoost,3,1,33,0.8358967825623682
XGBoost,3,1,34,0.8359759558031526
XGBoost,3,1,35,0.8359624739402363
XGBoost,3,1,36,0.8360069030218094
XGBoost,3,1,37,0.8358196854224096
XGBoost,3,1,38,0.8356903760844134
XGBoost,3,1,39,0.8355494810971089
XGBoost,3,1,40,0.8353159205420745
XGBoost,3,1,41,0.8351286862649709
XGBoost,3,1,42,0.8349182815377666
XGBoost,3,1,43,0.8345457072696103
XGBoost,3,1,44,0.8341267910715734
XGBoost,3,1,45,0.8336151974979729
XGBoost,3,1,46,0.8331615100371833
XGBoost,3,1,47,0.8326035585209897
XGBoost,3,1,48,0.8321150972465161
XGBoost,3,1,49,0.8315107846998587
XGBoost,3,1,50,0.8308022009846511
XGBoost,3,1,51,0.8298155785181409
XGBoost,3,1,52,0.8290606211554279
XGBoost,3,1,53,0.8282593081717291
XGBoost,3,1,54,0.8275043152882844
XGBoost,3,1,55,0.8264596848934198
XGBoost,3,1,56,0.8253918604247037
XGBoost,3,1,57,0.824486202182627
XGBoost,3,1,58,0.8236268637695935
XGBoost,3,1,59,0.8227443347699152
XGBoost,3,1,60,0.8218733707930256
XGBoost,4,1,-60,0.7977640039390604
XGBoost,4,1,-59,0.7982645164280087
XGBoost,4,1,-58,0.7987070913029878
XGBoost,4,1,-57,0.7993234319608888
XGBoost,4,1,-56,0.7998702487285534
XGBoost,4,1,-55,0.8003938832252085
XGBoost,4,1,-54,0.8009522595892077
XGBoost,4,1,-53,0.8014295312898219
XGBoost,4,1,-52,0.8017909479512992
XGBoost,4,1,-51,0.8022218618228998
XGBoost,4,1,-50,0.8027222704894295
XGBoost,4,1,-49,0.8031531635891852
XGBoost,4,1,-48,0.803584046706129
XGBoost,4,1,-47,0.8038759151144472
XGBoost,4,1,-46,0.8041561931679968
XGBoost,4,1,-45,0.8045175489401135
XGBoost,4,1,-44,0.8049136463147653
XGBoost,4,1,-43,0.8051823194180605
XGBoost,4,1,-42,0.8055899829729072
XGBoost,4,1,-41,0.8059165566289064
XGBoost,4,1,-40,0.8063705333873863
XGBoost,4,1,-39,0.8067897516679021
XGBoost,4,1,-38,0.8071394651192421
XGBoost,4,1,-37,0.8073617642289606
XGBoost,4,1,-36,0.8077114629541691
XGBoost,4,1,-35,0.8080032429928191
XGBoost,4,1,-34,0.8083181802388205
XGBoost,4,1,-33,0.8087257649811216
XGBoost,4,1,-32,0.8090985951379961
XGBoost,4,1,-31,0.8095293245622163
XGBoost,4,1,-30,0.8099484625629741
XGBoost,4,1,-29,0.810344428230607
XGBoost,4,1,-28,0.8107403847267421
XGBoost,4,1,-27,0.8113447908463427
XGBoost,4,1,-26,0.8118333738665184
XGBoost,4,1,-25,0.8124377533294731
XGBoost,4,1,-24,0.8129378930180311
XGBoost,4,1,-23,0.8134496016305355
XGBoost,4,1,-22,0.8139612983914861
XGBoost,4,1,-21,0.8144266623433772
XGBoost,4,1,-20,0.8149499160442361
XGBoost,4,1,-19,0.8155889573393857
XGBoost,4,1,-18,0.8162164039973598
XGBoost,4,1,-17,0.8169017346395239
XGBoost,4,1,-16,0.8174712537199366
XGBoost,4,1,-15,0.8181102362204724
XGBoost,4,1,-14,0.8187723625247507
XGBoost,4,1,-13,0.8195271068293926
XGBoost,4,1,-12,0.8203744659171173
XGBoost,4,1,-11,0.8210597008012598
XGBoost,4,1,-10,0.8217217622879639
XGBoost,4,1,-9,0.8223259152907394
XGBoost,4,1,-8,0.8230689962601456
XGBoost,4,1,-7,0.8237541682104483
XGBoost,4,1,-6,0.824497215436094
XGBoost,4,1,-5,0.8252518235498437
XGBoost,4,1,-4,0.8258559007074133
XGBoost,4,1,-3,0.8264831195294772
XGBoost,4,1,-2,0.827283989209591
XGBoost,4,1,-1,0.8279343320906755
XGBoost,4,1,0,0.8287698986975398
XGBoost,4,1,1,0.8295088799870332
XGBoost,4,1,2,0.8303752330010535
XGBoost,4,1,3,0.8313458065113695
XGBoost,4,1,4,0.8323511363767931
XGBoost,4,1,5,0.8332638647678592
XGBoost,4,1,6,0.8341534578378816
XGBoost,4,1,7,0.8351472767691738
XGBoost,4,1,8,0.8361642757071567
XGBoost,4,1,9,0.8373433990227636
XGBoost,4,1,10,0.8384299195275864
XGBoost,4,1,11,0.8393312028159882
XGBoost,4,1,12,0.8403135602051804
XGBoost,4,1,13,0.8412264653435538
XGBoost,4,1,14,0.8421741295260592
XGBoost,4,1,15,0.8430523390458545
XGBoost,4,1,16,0.8439421484732338
XGBoost,4,1,17,0.8447509205863961
XGBoost,4,1,18,0.8454439130585824
XGBoost,4,1,19,0.8460327018388994
XGBoost,4,1,20,0.8466794047825835
XGBoost,4,1,21,0.8472566412673415
XGBoost,4,1,22,0.8479496948571561
XGBoost,4,1,23,0.8484458958680748
XGBoost,4,1,24,0.8488610438790518
XGBoost,4,1,25,0.8493804284887088
XGBoost,4,1,26,0.8500387960485934
XGBoost,4,1,27,0.8505813684161764
XGBoost,4,1,28,0.8509039109639015
XGBoost,4,1,29,0.8512959488569245
XGBoost,4,1,30,0.8515721813654525
XGBoost,4,1,31,0.8517094413045493
XGBoost,4,1,32,0.851916194711789
XGBoost,4,1,33,0.8520534618146441
XGBoost,4,1,34,0.8521791501140825
XGBoost,4,1,35,0.8522469307389391
XGBoost,4,1,36,0.85225680167711
XGBoost,4,1,37,0.8523361671569877
XGBoost,4,1,38,0.8522649617197725
XGBoost,4,1,39,0.8523211638250556
XGBoost,4,1,40,0.8523773672322928
XGBoost,4,1,41,0.8525146523965066
XGBoost,4,1,42,0.8524318626712845
XGBoost,4,1,43,0.8525228188852337
XGBoost,4,1,44,0.8526948604788547
XGBoost,4,1,45,0.852565736128808
XGBoost,4,1,46,0.8525292775313047
XGBoost,4,1,47,0.8524812343619683
XGBoost,4,1,48,0.8526532834455037
XGBoost,4,1,49,0.8526515765817946
XGBoost,4,1,50,0.8526151172893136
XGBoost,4,1,51,0.8526481627357397
XGBoost,4,1,52,0.8526001181608609
XGBoost,4,1,53,0.8524593962141749
XGBoost,4,1,54,0.8521449010090244
XGBoost,4,1,55,0.8519230769230769
XGBoost,4,1,56,0.8514811339334329
XGBoost,4,1,57,0.851027595634746
XGBoost,4,1,58,0.8503307575564489
XGBoost,4,1,59,0.8498308540710876
XGBoost,4,1,60,0.8492150842843075
XGBoost,5,1,-60,0.7934426229508197
XGBoost,5,1,-59,0.7938273321284582
XGBoost,5,1,-58,0.7941656915787156
XGBoost,5,1,-57,0.7946083088116036
XGBoost,5,1,-56,0.7949929911143548
XGBoost,5,1,-55,0.7955630213160334
XGBoost,5,1,-54,0.7961098689774215
XGBoost,5,1,-53,0.7965640277102013
XGBoost,5,1,-52,0.7969486695318745
XGBoost,5,1,-51,0.7972753811222835
XGBoost,5,1,-50,0.7976715899218071
XGBoost,5,1,-49,0.798195213493038
XGBoost,5,1,-48,0.7987535765171963
XGBoost,5,1,-47,0.7991613381521638
XGBoost,5,1,-46,0.7996038411194384
XGBoost,5,1,-45,0.7999652496235375
XGBoost,5,1,-44,0.800233983157846
XGBoost,5,1,-43,0.8006880415141546
XGBoost,5,1,-42,0.8010841740701702
XGBoost,5,1,-41,0.8015497949822781
XGBoost,5,1,-40,0.8020154051080095
XGBoost,5,1,-39,0.8024115085248332
XGBoost,5,1,-38,0.8029813405608256
XGBoost,5,1,-37,0.8033658412286595
XGBoost,5,1,-36,0.8039009022573808
XGBoost,5,1,-35,0.8042853833680796
XGBoost,5,1,-34,0.8047972573864097
XGBoost,5,1,-33,0.8052280466053601
XGBoost,5,1,-32,0.8057051527049095
XGBoost,5,1,-31,0.8062285740757899
XGBoost,5,1,-30,0.8067404018761943
XGBoost,5,1,-29,0.8072290551965349
XGBoost,5,1,-28,0.8076829536637058
XGBoost,5,1,-27,0.8081484226617872
XGBoost,5,1,-26,0.8086949472489549
XGBoost,5,1,-25,0.8093109438332369
XGBoost,5,1,-24,0.8100079906428415
XGBoost,5,1,-23,0.8107629238465814
XGBoost,5,1,-22,0.8115641610598358
XGBoost,5,1,-21,0.8123190587581351
XGBoost,5,1,-20,0.8132129002373921
XGBoost,5,1,-19,0.8141298809578952
XGBoost,5,1,-18,0.814919462232361
XGBoost,5,1,-17,0.8158595613608467
XGBoost,5,1,-16,0.816799638717447
XGBoost,5,1,-15,0.8177281148679945
XGBoost,5,1,-14,0.8188765762323271
XGBoost,5,1,-13,0.8198281651652347
XGBoost,5,1,-12,0.8208028901265588
XGBoost,5,1,-11,0.8217544347181696
XGBoost,5,1,-10,0.8226017483934465
XGBoost,5,1,-9,0.8234721997082185
XGBoost,5,1,-8,0.8244815728229532
XGBoost,5,1,-7,0.8254330307521304
XGBoost,5,1,-6,0.826534983616807
XGBoost,5,1,-5,0.8275790204932268
XGBoost,5,1,-4,0.8284956756318672
XGBoost,5,1,-3,0.8297017551984439
XGBoost,5,1,-2,0.8307920299167564
XGBoost,5,1,-1,0.8318012364832009
XGBoost,5,1,0,0.8327872648335746
XGBoost,5,1,1,0.833665223331095
XGBoost,5,1,2,0.8345084690817732
XGBoost,5,1,3,0.8353054230537674
XGBoost,5,1,4,0.8361602852809392
XGBoost,5,1,5,0.8370962139631817
XGBoost,5,1,6,0.8378121779805254
XGBoost,5,1,7,0.8383313264171915
XGBoost,5,1,8,0.8390241643220211
XGBoost,5,1,9,0.8397749114234768
XGBoost,5,1,10,0.8405256759103804
XGBoost,5,1,11,0.8413343522764115
XGBoost,5,1,12,0.8419462038141333
XGBoost,5,1,13,0.8425928070216068
XGBoost,5,1,14,0.8430309977883536
XGBoost,5,1,15,0.8435155164427975
XGBoost,5,1,16,0.8437568753690987
XGBoost,5,1,17,0.844102457212997
XGBoost,5,1,18,0.8444480470604583
XGBoost,5,1,19,0.8447820649404789
XGBoost,5,1,20,0.845127670661803
XGBoost,5,1,21,0.8453806424716863
XGBoost,5,1,22,0.8456220397670029
XGBoost,5,1,23,0.8458287011302575
XGBoost,5,1,24,0.8458848189366655
XGBoost,5,1,25,0.8458714533873769
XGBoost,5,1,26,0.8460433820889646
XGBoost,5,1,27,0.8460531801547228
XGBoost,5,1,28,0.846016653734351
XGBoost,5,1,29,0.8458758946563825
XGBoost,5,1,30,0.8459551798019572
XGBoost,5,1,31,0.8459997220420643
XGBoost,5,1,32,0.8460442653139224
XGBoost,5,1,33,0.8459961548261564
XGBoost,5,1,34,0.8459712071900951
XGBoost,5,1,35,0.8459230947417188
XGBoost,5,1,36,0.8459213101842736
XGBoost,5,1,37,0.8460237670550627
XGBoost,5,1,38,0.8459640710240106
XGBoost,5,1,39,0.846020200148258
XGBoost,5,1,40,0.8457404297214339
XGBoost,5,1,41,0.8455533161906086
XGBoost,5,1,42,0.8452851169309534
XGBoost,5,1,43,0.8448894963628782
XGBoost,5,1,44,0.844644449849996
XGBoost,5,1,45,0.8442951465307541
XGBoost,5,1,46,0.8440269202701294
XGBoost,5,1,47,0.8436660179779446
XGBoost,5,1,48,0.8432935234631111
XGBoost,5,1,49,0.84293260431388
XGBoost,5,1,50,0.8426991022299449
XGBoost,5,1,51,0.8422686622492007
XGBoost,5,1,52,0.841757121508752
XGBoost,5,1,53,0.8413729987720395
XGBoost,5,1,54,0.8407803431378228
XGBoost,5,1,55,0.8402803521779425
XGBoost,5,1,56,0.8398498592430403
XGBoost,5,1,57,0.8392571653652773
XGBoost,5,1,58,0.8388498210086078
XGBoost,5,1,59,0.8383497845127207
XGBoost,5,1,60,0.8377338817123328
XGBoost,6,1,-60,0.7806406765915542
XGBoost,6,1,-59,0.7808980953704991
XGBoost,6,1,-58,0.7810628265579203
XGBoost,6,1,-57,0.7813434046201256
XGBoost,6,1,-56,0.7817050707260279
XGBoost,6,1,-55,0.7819624652455978
XGBoost,6,1,-54,0.7822661924676498
XGBoost,6,1,-53,0.7825004054586316
XGBoost,6,1,-52,0.7828852101989041
XGBoost,6,1,-51,0.7832468374959455
XGBoost,6,1,-50,0.7834231103388358
XGBoost,6,1,-49,0.7837731390311146
XGBoost,6,1,-48,0.7842737498117622
XGBoost,6,1,-47,0.7846353442683718
XGBoost,6,1,-46,0.7849390123828609
XGBoost,6,1,-45,0.7852774238387582
XGBoost,6,1,-44,0.7854999942083377
XGBoost,6,1,-43,0.7858847240884029
XGBoost,6,1,-42,0.7862810281120777
XGBoost,6,1,-41,0.7866425741886163
XGBoost,6,1,-40,0.7870388602536631
XGBoost,6,1,-39,0.7875277983691623
XGBoost,6,1,-38,0.7879008999617777
XGBoost,6,1,-37,0.7883319048391206
XGBoost,6,1,-36,0.7887860642351661
XGBoost,6,1,-35,0.7892054667593236
XGBoost,6,1,-34,0.7895669496531196
XGBoost,6,1,-33,0.7899631697204141
XGBoost,6,1,-32,0.7903941257542592
XGBoost,6,1,-31,0.7908713981284166
XGBoost,6,1,-30,0.791383403787133
XGBoost,6,1,-29,0.7918953975864546
XGBoost,6,1,-28,0.7923610548137168
XGBoost,6,1,-27,0.7928267012553852
XGBoost,6,1,-26,0.7933734032820299
XGBoost,6,1,-25,0.7937927041111754
XGBoost,6,1,-24,0.7943857048557631
XGBoost,6,1,-23,0.7950018528812303
XGBoost,6,1,-22,0.7957337903720774
XGBoost,6,1,-21,0.7964193899529842
XGBoost,6,1,-20,0.797174454287534
XGBoost,6,1,-19,0.7977789615081755
XGBoost,6,1,-18,0.798441353914564
XGBoost,6,1,-17,0.7991847889020125
XGBoost,6,1,-16,0.7998239905510717
XGBoost,6,1,-15,0.800544233441408
XGBoost,6,1,-14,0.8015771007746553
XGBoost,6,1,-13,0.8025057316875478
XGBoost,6,1,-12,0.8033069717355812
XGBoost,6,1,-11,0.8042702978092724
XGBoost,6,1,-10,0.805233601574712
XGBoost,6,1,-9,0.8063126693374708
XGBoost,6,1,-8,0.8072643486516841
XGBoost,6,1,-7,0.8080770655798444
XGBoost,6,1,-6,0.808924498373259
XGBoost,6,1,-5,0.8098992705800625
XGBoost,6,1,-4,0.8108277083743386
XGBoost,6,1,-3,0.8118024359746214
XGBoost,6,1,-2,0.8127308302363007
XGBoost,6,1,-1,0.813659203000903
XGBoost,6,1,0,0.8147033285094066
XGBoost,6,1,1,0.8157431634519647
XGBoost,6,1,2,0.8167830224723004
XGBoost,6,1,3,0.8180660399203445
XGBoost,6,1,4,0.8191291058341341
XGBoost,6,1,5,0.8200648373277758
XGBoost,6,1,6,0.8210584816311408
XGBoost,6,1,7,0.8220753056687662
XGBoost,6,1,8,0.8231847812243102
XGBoost,6,1,9,0.8242595465808304
XGBoost,6,1,10,0.8253574943553523
XGBoost,6,1,11,0.8262933629753137
XGBoost,6,1,12,0.8271829371374315
XGBoost,6,1,13,0.8278756860656307
XGBoost,6,1,14,0.8287421405495536
XGBoost,6,1,15,0.8297012505789717
XGBoost,6,1,16,0.8304172118713742
XGBoost,6,1,17,0.8310984506357257
XGBoost,6,1,18,0.8315249487592205
XGBoost,6,1,19,0.8321598962434573
XGBoost,6,1,20,0.83270221759018
XGBoost,6,1,21,0.8332213910183662
XGBoost,6,1,22,0.8337521568445798
XGBoost,6,1,23,0.834109227348527
XGBoost,6,1,24,0.834443144839087
XGBoost,6,1,25,0.8348118123914302
XGBoost,6,1,26,0.8352268121228966
XGBoost,6,1,27,0.8354796868485662
XGBoost,6,1,28,0.8356862427183341
XGBoost,6,1,29,0.8357885715609293
XGBoost,6,1,30,0.8360414615785512
XGBoost,6,1,31,0.8362132863893265
XGBoost,6,1,32,0.8365125140428292
XGBoost,6,1,33,0.8367306756850663
XGBoost,6,1,34,0.8370994081606653
XGBoost,6,1,35,0.8373523280055594
XGBoost,6,1,36,0.8374546844415618
XGBoost,6,1,37,0.8375222960921032
XGBoost,6,1,38,0.837694151985823
XGBoost,6,1,39,0.8375532802075611
XGBoost,6,1,40,0.8374124051659234
XGBoost,6,1,41,0.8372831097829361
XGBoost,6,1,42,0.8373159741929506
XGBoost,6,1,43,0.8372445906500486
XGBoost,6,1,44,0.8372311220766584
XGBoost,6,1,45,0.8368933163442603
XGBoost,6,1,46,0.8365786699718518
XGBoost,6,1,47,0.8362176814011676
XGBoost,6,1,48,0.8359030199126577
XGBoost,6,1,49,0.8354030072052452
XGBoost,6,1,50,0.8348682305241819
XGBoost,6,1,51,0.8343450257170659
XGBoost,6,1,52,0.8337407180009963
XGBoost,6,1,53,0.8331595653483469
XGBoost,6,1,54,0.8326710765630612
XGBoost,6,1,55,0.8321825764596849
XGBoost,6,1,56,0.8316708951679236
XGBoost,6,1,57,0.8311128617437846
XGBoost,6,1,58,0.8305316449830277
XGBoost,6,1,59,0.8300199267806664
XGBoost,6,1,60,0.8294039274749464
XGBoost,7,2,-60,0.7584660835312518
XGBoost,7,2,-59,0.757947541591362
XGBoost,7,2,-58,0.7574290116662998
XGBoost,7,2,-57,0.7569800041706249
XGBoost,7,2,-56,0.7566005166880988
XGBoost,7,2,-55,0.7561978683966636
XGBoost,7,2,-54,0.7558415681004622
XGBoost,7,2,-53,0.7554852760594055
XGBoost,7,2,-52,0.7549668106993501
XGBoost,7,2,-51,0.7543325147120152
XGBoost,7,2,-50,0.7538372429771213
XGBoost,7,2,-49,0.7533883186988857
XGBoost,7,2,-48,0.7530436595734822
XGBoost,7,2,-47,0.7526990084329533
XGBoost,7,2,-46,0.7522964473120273
XGBoost,7,2,-45,0.7518938955172014
XGBoost,7,2,-44,0.7515840196453186
XGBoost,7,2,-43,0.7512741509521382
XGBoost,7,2,-42,0.7509758724937162
XGBoost,7,2,-41,0.7505965204901892
XGBoost,7,2,-40,0.7501708461226617
XGBoost,7,2,-39,0.7496872683469237
XGBoost,7,2,-38,0.7491342066553158
XGBoost,7,2,-37,0.7486274873172879
XGBoost,7,2,-36,0.7481207797171614
XGBoost,7,2,-35,0.7476256659717396
XGBoost,7,2,-34,0.7471537276612502
XGBoost,7,2,-33,0.7465543999444071
XGBoost,7,2,-32,0.746012994683993
XGBoost,7,2,-31,0.7454716019642361
XGBoost,7,2,-30,0.7448838959986103
XGBoost,7,2,-29,0.7441688092094596
XGBoost,7,2,-28,0.7435579695878258
XGBoost,7,2,-27,0.7429008199379256
XGBoost,7,2,-26,0.7423942373391701
XGBoost,7,2,-25,0.7418413433700058
XGBoost,7,2,-24,0.7412421396393788
XGBoost,7,2,-23,0.7406545302946081
XGBoost,7,2,-22,0.7401132560536403
XGBoost,7,2,-21,0.7395951548278018
XGBoost,7,2,-20,0.7391233860228128
XGBoost,7,2,-19,0.7387095280003706
XGBoost,7,2,-18,0.7381219820049331
XGBoost,7,2,-17,0.7375228699136154
XGBoost,7,2,-16,0.7369353512662259
XGBoost,7,2,-15,0.736544696618805
XGBoost,7,2,-14,0.7361424717175576
XGBoost,7,2,-13,0.735751835297932
XGBoost,7,2,-12,0.7353843659900652
XGBoost,7,2,-11,0.7349242740030568
XGBoost,7,2,-10,0.7344294563770045
XGBoost,7,2,-9,0.7338420211657365
XGBoost,7,2,-8,0.733347227529033
XGBoost,7,2,-7,0.7327829751759911
XGBoost,7,2,-6,0.7321840012041357
XGBoost,7,2,-5,0.7315387287252518
XGBoost,7,2,-4,0.730939783029026
XGBoost,7,2,-3,0.7301787616357153
XGBoost,7,2,-2,0.7294756463246617
XGBoost,7,2,-1,0.728934633107185
XGBoost,7,2,0,0.728451519536903
XGBoost,7,2,1,0.7278463426494084
XGBoost,7,2,2,0.7272179963646047
XGBoost,7,2,3,0.726659102486917
XGBoost,7,2,4,0.7260654617869424
XGBoost,7,2,5,0.7255412759059858
XGBoost,7,2,6,0.7248318262339497
XGBoost,7,2,7,0.7243539273805113
XGBoost,7,2,8,0.7238875959567891
XGBoost,7,2,9,0.723513882777945
XGBoost,7,2,10,0.7230012157702773
XGBoost,7,2,11,0.722558010282062
XGBoost,7,2,12,0.7220800574320021
XGBoost,7,2,13,0.7216484101804034
XGBoost,7,2,14,0.7212167529324579
XGBoost,7,2,15,0.7208082445576656
XGBoost,7,2,16,0.7204460449982052
XGBoost,7,2,17,0.720083837050418
XGBoost,7,2,18,0.7197563602255752
XGBoost,7,2,19,0.7194288758163879
XGBoost,7,2,20,0.7191477042441087
XGBoost,7,2,21,0.718901266878199
XGBoost,7,2,22,0.718573761189536
XGBoost,7,2,23,0.7182230869001297
XGBoost,7,2,24,0.7179650496230501
XGBoost,7,2,25,0.7175680370584829
XGBoost,7,2,26,0.7171015298382147
XGBoost,7,2,27,0.7166813359892528
XGBoost,7,2,28,0.7162148076945348
XGBoost,7,2,29,0.7157714312185857
XGBoost,7,2,30,0.7152933001331866
XGBoost,7,2,31,0.7148499027147225
XGBoost,7,2,32,0.7144528218848083
XGBoost,7,2,33,0.7141252229505919
XGBoost,7,2,34,0.7137049605633476
XGBoost,7,2,35,0.7134236738475793
XGBoost,7,2,36,0.7132697853808824
XGBoost,7,2,37,0.7128726632537238
XGBoost,7,2,38,0.7124523668878928
XGBoost,7,2,39,0.7119162342475908
XGBoost,7,2,40,0.711484334279261
XGBoost,7,2,41,0.7111682535269997
XGBoost,7,2,42,0.7108174162834605
XGBoost,7,2,43,0.7103970717694482
XGBoost,7,2,44,0.7099303842188786
XGBoost,7,2,45,0.7093826016448511
XGBoost,7,2,46,0.7088927243452374
XGBoost,7,2,47,0.7084375868779539
XGBoost,7,2,48,0.7079708550048073
XGBoost,7,2,49,0.7073882723629034
XGBoost,7,2,50,0.706909933391254
XGBoost,7,2,51,0.7063041564339002
XGBoost,7,2,52,0.7058257938208821
XGBoost,7,2,53,0.7052199902689928
XGBoost,7,2,54,0.7047763580125346
XGBoost,7,2,55,0.7042516218721038
XGBoost,7,2,56,0.7036921187687531
XGBoost,7,2,57,0.7032368683241039
XGBoost,7,2,58,0.7028742889581426
XGBoost,7,2,59,0.7024306038277955
XGBoost,7,2,60,0.7018826391704802
XGBoost,8,2,-60,0.5151132479870243
XGBoost,8,2,-59,0.5144237453079382
XGBoost,8,2,-58,0.5136763325880186
XGBoost,8,2,-57,0.5127435760791492
XGBoost,8,2,-56,0.5118455959869785
XGBoost,8,2,-55,0.5108665430954588
XGBoost,8,2,-54,0.5100381135529014
XGBoost,8,2,-53,0.5092907949306087
XGBoost,8,2,-52,0.5084276496414629
XGBoost,8,2,-51,0.5074834345025717
XGBoost,8,2,-50,0.5067593397046047
XGBoost,8,2,-49,0.5058383337580798
XGBoost,8,2,-48,0.5049752684559872
XGBoost,8,2,-47,0.5043670651468817
XGBoost,8,2,-46,0.5037241251491388
XGBoost,8,2,-45,0.5032202015521835
XGBoost,8,2,-44,0.502751039603387
XGBoost,8,2,-43,0.5021081406662651
XGBoost,8,2,-42,0.5016274194108857
XGBoost,8,2,-41,0.5012393726689369
XGBoost,8,2,-40,0.5007007586726125
XGBoost,8,2,-39,0.500324314306894
XGBoost,8,2,-38,0.5000057912598307
XGBoost,8,2,-37,0.499803099446362
XGBoost,8,2,-36,0.499391931803704
XGBoost,8,2,-35,0.49899235580264073
XGBoost,8,2,-34,0.49862753500654383
XGBoost,8,2,-33,0.49827430450997195
XGBoost,8,2,-32,0.4978979187658525
XGBoost,8,2,-31,0.49752154174001667
XGBoost,8,2,-30,0.49720308066477503
XGBoost,8,2,-29,0.4966182567808584
XGBoost,8,2,-28,0.49616083940380096
XGBoost,8,2,-27,0.4955644600917219
XGBoost,8,2,-26,0.49511864642323594
XGBoost,8,2,-25,0.4947654892877823
XGBoost,8,2,-24,0.49445866289909784
XGBoost,8,2,-23,0.4943950342783028
XGBoost,8,2,-22,0.4941229604067027
XGBoost,8,2,-21,0.4938161521180258
XGBoost,8,2,-20,0.4936251519888831
XGBoost,8,2,-19,0.4935731159386725
XGBoost,8,2,-18,0.4935558206051623
XGBoost,8,2,-17,0.49306375784524886
XGBoost,8,2,-16,0.49273382044720293
XGBoost,8,2,-15,0.4924154701250579
XGBoost,8,2,-14,0.49210870647630295
XGBoost,8,2,-13,0.4917208957643408
XGBoost,8,2,-12,0.4915994117851395
XGBoost,8,2,-11,0.49114214255939975
XGBoost,8,2,-10,0.49104382562380594
XGBoost,8,2,-9,0.49072551698585093
XGBoost,8,2,-8,0.4905461576759642
XGBoost,8,2,-7,0.49019312708410523
XGBoost,8,2,-6,0.4898979958086814
XGBoost,8,2,-5,0.48975338659256684
XGBoost,8,2,-4,0.4897477162473515
XGBoost,8,2,-3,0.48970731255499467
XGBoost,8,2,-2,0.48971322056661226
XGBoost,8,2,-1,0.4896612406511219
XGBoost,8,2,0,0.48947033285094066
XGBoost,8,2,1,0.4893254914673397
XGBoost,8,2,2,0.489088025193058
XGBoost,8,2,3,0.488920020376974
XGBoost,8,2,4,0.4888330573919487
XGBoost,8,2,5,0.48860715526224385
XGBoost,8,2,6,0.4882654656184511
XGBoost,8,2,7,0.4877964060763246
XGBoost,8,2,8,0.4873041786793567
XGBoost,8,2,9,0.4869277261885464
XGBoost,8,2,10,0.48647021362820586
XGBoost,8,2,11,0.4861863739521097
XGBoost,8,2,12,0.48580989544133485
XGBoost,8,2,13,0.48546814571223457
XGBoost,8,2,14,0.4850569122636375
XGBoost,8,2,15,0.4846225104214914
XGBoost,8,2,16,0.4841880985189731
XGBoost,8,2,17,0.48367261863405825
XGBoost,8,2,18,0.4832960848570469
XGBoost,8,2,19,0.4826532030200565
XGBoost,8,2,20,0.4821376874529558
XGBoost,8,2,21,0.4818421844963754
XGBoost,8,2,22,0.4814656120806457
XGBoost,8,2,23,0.48112377246618493
XGBoost,8,2,24,0.48088615071047236
XGBoost,8,2,25,0.48061378112333525
XGBoost,8,2,26,0.48039930977776235
XGBoost,8,2,27,0.4801848334645852
XGBoost,8,2,28,0.47998193336190026
XGBoost,8,2,29,0.4799064229958539
XGBoost,8,2,30,0.47973825930858766
XGBoost,8,2,31,0.4793732048549986
XGBoost,8,2,32,0.4790544688046512
XGBoost,8,2,33,0.478886289407241
XGBoost,8,2,34,0.47848646645278603
XGBoost,8,2,35,0.4781792911744267
XGBoost,8,2,36,0.47761729925062835
XGBoost,8,2,37,0.4770900414649401
XGBoost,8,2,38,0.47660910154394986
XGBoost,8,2,39,0.47616289844329135
XGBoost,8,2,40,0.47571668500608094
XGBoost,8,2,41,0.4752125466212616
XGBoost,8,2,42,0.47480106100795755
XGBoost,8,2,43,0.47440114905249503
XGBoost,8,2,44,0.4740823111049333
XGBoost,8,2,45,0.473832966523804
XGBoost,8,2,46,0.47371103568905004
XGBoost,8,2,47,0.4733690112130479
XGBoost,8,2,48,0.4730153949517532
XGBoost,8,2,49,0.4728123624400528
XGBoost,8,2,50,0.47237764262959747
XGBoost,8,2,51,0.4719544970112599
XGBoost,8,2,52,0.4714270820059544
XGBoost,8,2,53,0.4708649011839392
XGBoost,8,2,54,0.4705228160007414
XGBoost,8,2,55,0.47013438368860055
XGBoost,8,2,56,0.4696996026367312
XGBoost,8,2,57,0.46932273685673903
XGBoost,8,2,58,0.4687025730736703
XGBoost,8,2,59,0.46824458964734234
XGBoost,8,2,60,0.4680298905172913
XGBoost,9,2,-60,0.7907663789607832
XGBoost,9,2,-59,0.7898072199823903
XGBoost,9,2,-58,0.7888712536348575
XGBoost,9,2,-57,0.787981649250446
XGBoost,9,2,-56,0.7869182914537934
XGBoost,9,2,-55,0.7859592215013902
XGBoost,9,2,-54,0.7848495731050382
XGBoost,9,2,-53,0.783832626676861
XGBoost,9,2,-52,0.7825376782549263
XGBoost,9,2,-51,0.7814860293776933
XGBoost,9,2,-50,0.78041123660585
XGBoost,9,2,-49,0.7792901327525891
XGBoost,9,2,-48,0.778261725763666
XGBoost,9,2,-47,0.7772796775090353
XGBoost,9,2,-46,0.7760080621807273
XGBoost,9,2,-45,0.774898644735318
XGBoost,9,2,-44,0.7737313363681644
XGBoost,9,2,-43,0.7725177222814252
XGBoost,9,2,-42,0.7714894652102904
XGBoost,9,2,-41,0.7703569856603424
XGBoost,9,2,-40,0.7692476979208895
XGBoost,9,2,-39,0.7680689399555226
XGBoost,9,2,-38,0.7669017918157917
XGBoost,9,2,-37,0.765827329796845
XGBoost,9,2,-36,0.7650540312025852
XGBoost,9,2,-35,0.764153347231874
XGBoost,9,2,-34,0.7631137003277702
XGBoost,9,2,-33,0.7621088230525122
XGBoost,9,2,-32,0.7611966227719676
XGBoost,9,2,-31,0.7604234225887149
XGBoost,9,2,-30,0.7598355434593781
XGBoost,9,2,-29,0.7593403284460195
XGBoost,9,2,-28,0.7586714072289715
XGBoost,9,2,-27,0.7580719877704174
XGBoost,9,2,-26,0.757333611275174
XGBoost,9,2,-25,0.7568731905037638
XGBoost,9,2,-24,0.7564243610380887
XGBoost,9,2,-23,0.7558365758754864
XGBoost,9,2,-22,0.7552603847000104
XGBoost,9,2,-21,0.7546263056720013
XGBoost,9,2,-20,0.7539343408025013
XGBoost,9,2,-19,0.753242391958868
XGBoost,9,2,-18,0.752562038977732
XGBoost,9,2,-17,0.7519627596748419
XGBoost,9,2,-16,0.751444551233803
XGBoost,9,2,-15,0.7509610930986568
XGBoost,9,2,-14,0.7503965910538322
XGBoost,9,2,-13,0.7498552604154605
XGBoost,9,2,-12,0.7494528907055105
XGBoost,9,2,-11,0.7490621092121718
XGBoost,9,2,-10,0.7486250217101835
XGBoost,9,2,-9,0.7481879443299446
XGBoost,9,2,-8,0.7477508770711035
XGBoost,9,2,-7,0.7475106520933679
XGBoost,9,2,-6,0.7469578205143049
XGBoost,9,2,-5,0.7464281579252056
XGBoost,9,2,-4,0.745840617799956
XGBoost,9,2,-3,0.7452762469318761
XGBoost,9,2,-2,0.7447003114399176
XGBoost,9,2,-1,0.7442285873063653
XGBoost,9,2,0,0.7437105643994212
XGBoost,9,2,1,0.7431866070808345
XGBoost,9,2,2,0.7428710360876662
XGBoost,9,2,3,0.7425554577872459
XGBoost,9,2,4,0.7421819823783445
XGBoost,9,2,5,0.7415306240592798
XGBoost,9,2,6,0.7411223934513541
XGBoost,9,2,7,0.7405520563171545
XGBoost,9,2,8,0.7399585489828291
XGBoost,9,2,9,0.7394113424264178
XGBoost,9,2,10,0.7388757019626006
XGBoost,9,2,11,0.7384442591820666
XGBoost,9,2,12,0.7380822806062781
XGBoost,9,2,13,0.7375234478126954
XGBoost,9,2,14,0.737184608793321
XGBoost,9,2,15,0.7369731357109773
XGBoost,9,2,16,0.7365879641959726
XGBoost,9,2,17,0.7362259431668172
XGBoost,9,2,18,0.7358754935905601
XGBoost,9,2,19,0.7355829357543193
XGBoost,9,2,20,0.7352440507208615
XGBoost,9,2,21,0.7350557009518957
XGBoost,9,2,22,0.7344851944923744
XGBoost,9,2,23,0.7337641282193811
XGBoost,9,2,24,0.7329272388275758
XGBoost,9,2,25,0.7321482339316734
XGBoost,9,2,26,0.731473439182851
XGBoost,9,2,27,0.730995506554871
XGBoost,9,2,28,0.7305291440351142
XGBoost,9,2,29,0.7299701202140226
XGBoost,9,2,30,0.7295384793560715
XGBoost,9,2,31,0.7288751968868711
XGBoost,9,2,32,0.7285130236382799
XGBoost,9,2,33,0.7282434967918279
XGBoost,9,2,34,0.7278349799052594
XGBoost,9,2,35,0.7274727820245541
XGBoost,9,2,36,0.727064246748283
XGBoost,9,2,37,0.7266788667794019
XGBoost,9,2,38,0.7263398079618241
XGBoost,9,2,39,0.7259544106745738
XGBoost,9,2,40,0.7256964151271211
XGBoost,9,2,41,0.7255079111358214
XGBoost,9,2,42,0.7250877416515121
XGBoost,9,2,43,0.7247949775286104
XGBoost,9,2,44,0.7245253732726367
XGBoost,9,2,45,0.7242441793119425
XGBoost,9,2,46,0.72402089680177
XGBoost,9,2,47,0.723589102029469
XGBoost,9,2,48,0.7231920488375595
XGBoost,9,2,49,0.7227370664689665
XGBoost,9,2,50,0.7221894005212859
XGBoost,9,2,51,0.7216185533571197
XGBoost,9,2,52,0.7211171993559075
XGBoost,9,2,53,0.7208243553207757
XGBoost,9,2,54,0.720531504500643
XGBoost,9,2,55,0.7202154772937905
XGBoost,9,2,56,0.7197024988704689
XGBoost,9,2,57,0.7192590189763433
XGBoost,9,2,58,0.7190704032809296
XGBoost,9,2,59,0.7186269057880347
XGBoost,9,2,60,0.7181486416034293
XGBoost,10,2,-60,0.8255112089439842
XGBoost,10,2,-59,0.825976643959405
XGBoost,10,2,-58,0.8263609717668594
XGBoost,10,2,-57,0.8267337056002224
XGBoost,10,2,-56,0.8271991102769958
XGBoost,10,2,-55,0.8275602409638554
XGBoost,10,2,-54,0.8278750246174164
XGBoost,10,2,-53,0.8281087092514076
XGBoost,10,2,-52,0.8284814012487981
XGBoost,10,2,-51,0.8287961632917844
XGBoost,10,2,-50,0.8290877497827975
XGBoost,10,2,-49,0.829309825545027
XGBoost,10,2,-48,0.8295203123009024
XGBoost,10,2,-47,0.8299740524511167
XGBoost,10,2,-46,0.8304161984964497
XGBoost,10,2,-45,0.8308467508398008
XGBoost,10,2,-44,0.8312541265594051
XGBoost,10,2,-43,0.8316730760320623
XGBoost,10,2,-42,0.832149931080815
XGBoost,10,2,-41,0.8329279310584474
XGBoost,10,2,-40,0.8336248334974228
XGBoost,10,2,-39,0.8341943106004448
XGBoost,10,2,-38,0.8348680171884592
XGBoost,10,2,-37,0.8354837962426741
XGBoost,10,2,-36,0.8360995610326736
XGBoost,10,2,-35,0.8365531619179986
XGBoost,10,2,-34,0.8370067522961282
XGBoost,10,2,-33,0.8375645688077644
XGBoost,10,2,-32,0.8381802809724008
XGBoost,10,2,-31,0.8387033262299639
XGBoost,10,2,-30,0.8392263593722856
XGBoost,10,2,-29,0.8396914738378153
XGBoost,10,2,-28,0.8404229446303867
XGBoost,10,2,-27,0.8410849122156854
XGBoost,10,2,-26,0.8417584453786379
XGBoost,10,2,-25,0.8425709322524609
XGBoost,10,2,-24,0.8433370777408484
XGBoost,10,2,-23,0.8442653325921808
XGBoost,10,2,-22,0.8452283070651859
XGBoost,10,2,-21,0.846191259235241
XGBoost,10,2,-20,0.8472236697353946
XGBoost,10,2,-19,0.8483834360090787
XGBoost,10,2,-18,0.8494389568882662
XGBoost,10,2,-17,0.8506102503531809
XGBoost,10,2,-16,0.8516425618638475
XGBoost,10,2,-15,0.8528832792959704
XGBoost,10,2,-14,0.854147126596496
XGBoost,10,2,-13,0.8553762071281351
XGBoost,10,2,-12,0.8565126269351458
XGBoost,10,2,-11,0.857637441526562
XGBoost,10,2,-10,0.8587506513055057
XGBoost,10,2,-9,0.8598406780446008
XGBoost,10,2,-8,0.8609306795419547
XGBoost,10,2,-7,0.8620901259725824
XGBoost,10,2,-6,0.8630527156734477
XGBoost,10,2,-5,0.8640847516498784
XGBoost,10,2,-4,0.8651051857683714
XGBoost,10,2,-3,0.8661603297364887
XGBoost,10,2,-2,0.8669028515855649
XGBoost,10,2,-1,0.867680088915646
XGBoost,10,2,0,0.8685267727930536
XGBoost,10,2,1,0.8692083265797578
XGBoost,10,2,2,0.8700519838375418
XGBoost,10,2,3,0.8706988375862548
XGBoost,10,2,4,0.8714846418358013
XGBoost,10,2,5,0.8720157462081741
XGBoost,10,2,6,0.8725005499658443
XGBoost,10,2,7,0.8728116895146351
XGBoost,10,2,8,0.8732270427362303
XGBoost,10,2,9,0.8735960910543501
XGBoost,10,2,10,0.873837781508713
XGBoost,10,2,11,0.8739984252697883
XGBoost,10,2,12,0.8740317033914987
XGBoost,10,2,13,0.8740649822838749
XGBoost,10,2,14,0.8740751033452601
XGBoost,10,2,15,0.8739925891616489
XGBoost,10,2,16,0.8738405956530297
XGBoost,10,2,17,0.8736422798119456
XGBoost,10,2,18,0.8736292367729309
XGBoost,10,2,19,0.8734077539487702
XGBoost,10,2,20,0.8732210063111574
XGBoost,10,2,21,0.8730458345878592
XGBoost,10,2,22,0.8725579887207161
XGBoost,10,2,23,0.8720817120622568
XGBoost,10,2,24,0.8714548760292296
XGBoost,10,2,25,0.8709090909090909
XGBoost,10,2,26,0.8703401313275198
XGBoost,10,2,27,0.8697943206559503
XGBoost,10,2,28,0.8690516173115452
XGBoost,10,2,29,0.8683552220137586
XGBoost,10,2,30,0.867485088887602
XGBoost,10,2,31,0.8668581488001482
XGBoost,10,2,32,0.8662080307610345
XGBoost,10,2,33,0.8655115702670775
XGBoost,10,2,34,0.8650004053694074
XGBoost,10,2,35,0.8642807505211952
XGBoost,10,2,36,0.8634684209916723
XGBoost,10,2,37,0.8625981607171813
XGBoost,10,2,38,0.8617278802830768
XGBoost,10,2,39,0.8609154929577465
XGBoost,10,2,40,0.8599872589332253
XGBoost,10,2,41,0.8591400838603563
XGBoost,10,2,42,0.8584203027810918
XGBoost,10,2,43,0.8575730899318909
XGBoost,10,2,44,0.8567374407802527
XGBoost,10,2,45,0.8560639406926909
XGBoost,10,2,46,0.8555641788970103
XGBoost,10,2,47,0.8550528217959411
XGBoost,10,2,48,0.8543792787887915
XGBoost,10,2,49,0.8537057201770034
XGBoost,10,2,50,0.8532059079061686
XGBoost,10,2,51,0.8526597469996756
XGBoost,10,2,52,0.8520440670504964
XGBoost,10,2,53,0.8513356965779292
XGBoost,10,2,54,0.850673648359032
XGBoost,10,2,55,0.8499884151992586
XGBoost,10,2,56,0.8492915812277714
XGBoost,10,2,57,0.8486410713871961
XGBoost,10,2,58,0.8479326204571521
XGBoost,10,2,59,0.8471893970990315
XGBoost,10,2,60,0.846608353125181
XGBoost,11,3,-60,0.7654057811504373
XGBoost,11,3,-59,0.7658603271699337
XGBoost,11,3,-58,0.7664191294878182
XGBoost,11,3,-57,0.7668273129590584
XGBoost,11,3,-56,0.7673049965824442
XGBoost,11,3,-55,0.7678174235403151
XGBoost,11,3,-54,0.7683066692925244
XGBoost,11,3,-53,0.7689812562266861
XGBoost,11,3,-52,0.7695052303557569
XGBoost,11,3,-51,0.7701450349844771
XGBoost,11,3,-50,0.7709006660874602
XGBoost,11,3,-49,0.7715983597062299
XGBoost,11,3,-48,0.7723307887451203
XGBoost,11,3,-47,0.7732022055416551
XGBoost,11,3,-46,0.7740272677779193
XGBoost,11,3,-45,0.7746438086412603
XGBoost,11,3,-44,0.775561501662207
XGBoost,11,3,-43,0.7764212574711579
XGBoost,11,3,-42,0.7773968239259611
XGBoost,11,3,-41,0.7783607848588042
XGBoost,11,3,-40,0.7791741472172352
XGBoost,11,3,-39,0.7800338213491476
XGBoost,11,3,-38,0.7808934755666748
XGBoost,11,3,-37,0.7818689337255901
XGBoost,11,3,-36,0.7826938000208481
XGBoost,11,3,-35,0.7835070650914987
XGBoost,11,3,-34,0.7842855653745034
XGBoost,11,3,-33,0.7852030298116791
XGBoost,11,3,-32,0.7860973095676546
XGBoost,11,3,-31,0.7870378949319004
XGBoost,11,3,-30,0.7881290173142625
XGBoost,11,3,-29,0.7892316957357608
XGBoost,11,3,-28,0.7902185368339375
XGBoost,11,3,-27,0.7911821929865197
XGBoost,11,3,-26,0.7921574077290994
XGBoost,11,3,-25,0.7931441806601043
XGBoost,11,3,-24,0.7941309307361814
XGBoost,11,3,-23,0.795071335927367
XGBoost,11,3,-22,0.7960117193380658
XGBoost,11,3,-21,0.7969405007295551
XGBoost,11,3,-20,0.7979619014533033
XGBoost,11,3,-19,0.7990527583491593
XGBoost,11,3,-18,0.800074110958
XGBoost,11,3,-17,0.8010722805067279
XGBoost,11,3,-16,0.8021978021978022
XGBoost,11,3,-15,0.8033927744326077
XGBoost,11,3,-14,0.8044140294808999
XGBoost,11,3,-13,0.8053773650448114
XGBoost,11,3,-12,0.8062943621689844
XGBoost,11,3,-11,0.8071650224630633
XGBoost,11,3,-10,0.8080240838302553
XGBoost,11,3,-9,0.8086978672162657
XGBoost,11,3,-8,0.809626361920641
XGBoost,11,3,-7,0.8105085216746943
XGBoost,11,3,-6,0.8112285658048606
XGBoost,11,3,-5,0.8117517656593725
XGBoost,11,3,-4,0.8123212652394901
XGBoost,11,3,-3,0.8129023294586208
XGBoost,11,3,-2,0.8133676033019578
XGBoost,11,3,-1,0.8137749785815176
XGBoost,11,3,0,0.8142170767004342
XGBoost,11,3,1,0.8147359159006182
XGBoost,11,3,2,0.8152084563463119
XGBoost,11,3,3,0.8157388968647247
XGBoost,11,3,4,0.816176725984416
XGBoost,11,3,5,0.8166608776195439
XGBoost,11,3,6,0.8169829452697148
XGBoost,11,3,7,0.8172471285661356
XGBoost,11,3,8,0.8172334340662522
XGBoost,11,3,9,0.817404997336915
XGBoost,11,3,10,0.817460776935101
XGBoost,11,3,11,0.8174586633319438
XGBoost,11,3,12,0.8173176012875885
XGBoost,11,3,13,0.8168870568073922
XGBoost,11,3,14,0.8163059714454441
XGBoost,11,3,15,0.815748031496063
XGBoost,11,3,16,0.8151669194872567
XGBoost,11,3,17,0.8144005187706987
XGBoost,11,3,18,0.8136109406301747
XGBoost,11,3,19,0.8127518643753764
XGBoost,11,3,20,0.8119159284349488
XGBoost,11,3,21,0.8110568126548857
XGBoost,11,3,22,0.8101976769770592
XGBoost,11,3,23,0.8092227163238837
XGBoost,11,3,24,0.808537249134347
XGBoost,11,3,25,0.8077243775332947
XGBoost,11,3,26,0.8068651634645451
XGBoost,11,3,27,0.8059943484504563
XGBoost,11,3,28,0.8051003509097016
XGBoost,11,3,29,0.8042294952864059
XGBoost,11,3,30,0.8031501534541664
XGBoost,11,3,31,0.8020244602983415
XGBoost,11,3,32,0.8008755776380251
XGBoost,11,3,33,0.7998424868546015
XGBoost,11,3,34,0.7987630442084294
XGBoost,11,3,35,0.797776233495483
XGBoost,11,3,36,0.7966388306559029
XGBoost,11,3,37,0.7954782366976303
XGBoost,11,3,38,0.7945955963260247
XGBoost,11,3,39,0.7936550222386953
XGBoost,11,3,40,0.7926796779984943
XGBoost,11,3,41,0.7916695623972015
XGBoost,11,3,42,0.7906478403391519
XGBoost,11,3,43,0.7896955937543437
XGBoost,11,3,44,0.788731741784527
XGBoost,11,3,45,0.7877447005675895
XGBoost,11,3,46,0.7867228857046878
XGBoost,11,3,47,0.7855388749884162
XGBoost,11,3,48,0.7844822593163205
XGBoost,11,3,49,0.7833329472001482
XGBoost,11,3,50,0.782334202143064
XGBoost,11,3,51,0.7814512765858858
XGBoost,11,3,52,0.7804177333966614
XGBoost,11,3,53,0.7793725817288756
XGBoost,11,3,54,0.7785127605101887
XGBoost,11,3,55,0.7777340129749768
XGBoost,11,3,56,0.7771753611603471
XGBoost,11,3,57,0.7764660905025603
XGBoost,11,3,58,0.7758494850377098
XGBoost,11,3,59,0.7754066453496455
XGBoost,11,3,60,0.7747436714360192
XGBoost,12,3,-60,0.8069512830910038
XGBoost,12,3,-59,0.8076602252189629
XGBoost,12,3,-58,0.8084850029542269
XGBoost,12,3,-57,0.8091012303343451
XGBoost,12,3,-56,0.8098680475909128
XGBoost,12,3,-55,0.8106000926784059
XGBoost,12,3,-54,0.8112046894730135
XGBoost,12,3,-53,0.8118671949213411
XGBoost,12,3,-52,0.8124601786314192
XGBoost,12,3,-51,0.8131805755062324
XGBoost,12,3,-50,0.8139472922096728
XGBoost,12,3,-49,0.8145865671987582
XGBoost,12,3,-48,0.8152026596545693
XGBoost,12,3,-47,0.8160388286535075
XGBoost,12,3,-46,0.8168170603157687
XGBoost,12,3,-45,0.8175721070311595
XGBoost,12,3,-44,0.8184777194750438
XGBoost,12,3,-43,0.8194064773201131
XGBoost,12,3,-42,0.820358379762084
XGBoost,12,3,-41,0.8213218430745709
XGBoost,12,3,-40,0.8224011119476458
XGBoost,12,3,-39,0.8236193476649369
XGBoost,12,3,-38,0.8250228754763311
XGBoost,12,3,-37,0.8262642173782112
XGBoost,12,3,-36,0.8272970500005791
XGBoost,12,3,-35,0.828295112346537
XGBoost,12,3,-34,0.8293510614887482
XGBoost,12,3,-33,0.8304417317180515
XGBoost,12,3,-32,0.8313123241027066
XGBoost,12,3,-31,0.8323913647734643
XGBoost,12,3,-30,0.833447217557473
XGBoost,12,3,-29,0.8344103953860051
XGBoost,12,3,-28,0.835373550905069
XGBoost,12,3,-27,0.8366030481308194
XGBoost,12,3,-26,0.8378904214293159
XGBoost,12,3,-25,0.839200926462073
XGBoost,12,3,-24,0.8404419172910562
XGBoost,12,3,-23,0.8416249768389846
XGBoost,12,3,-22,0.8428195893599527
XGBoost,12,3,-21,0.8439794334946846
XGBoost,12,3,-20,0.8450697701349082
XGBoost,12,3,-19,0.8461832414655611
XGBoost,12,3,-18,0.8471577289623308
XGBoost,12,3,-17,0.848282730030802
XGBoost,12,3,-16,0.8492687502171169
XGBoost,12,3,-15,0.850382121352478
XGBoost,12,3,-14,0.8514144115978277
XGBoost,12,3,-13,0.8524698362705819
XGBoost,12,3,-12,0.8534210252075541
XGBoost,12,3,-11,0.8543490343198555
XGBoost,12,3,-10,0.8552307068835755
XGBoost,12,3,-9,0.8560081513558576
XGBoost,12,3,-8,0.8567855778248636
XGBoost,12,3,-7,0.8574587810300112
XGBoost,12,3,-6,0.8581782815593558
XGBoost,12,3,-5,0.8588977654278106
XGBoost,12,3,-4,0.8594551411932245
XGBoost,12,3,-3,0.8596304357893761
XGBoost,12,3,-2,0.8600604355527769
XGBoost,12,3,-1,0.8603630722208072
XGBoost,12,3,0,0.8606193921852388
XGBoost,12,3,1,0.8608493296593882
XGBoost,12,3,2,0.8609287624604911
XGBoost,12,3,3,0.8608576853609966
XGBoost,12,3,4,0.8607171388544766
XGBoost,12,3,5,0.8608197290725946
XGBoost,12,3,6,0.8606212877305515
XGBoost,12,3,7,0.8605154686921082
XGBoost,12,3,8,0.860201234267718
XGBoost,12,3,9,0.8598869925665192
XGBoost,12,3,10,0.8595495860591675
XGBoost,12,3,11,0.8592353295354546
XGBoost,12,3,12,0.8588747496034181
XGBoost,12,3,13,0.8585141613209514
XGBoost,12,3,14,0.8580840888827133
XGBoost,12,3,15,0.8575729504400186
XGBoost,12,3,16,0.8572239141259163
XGBoost,12,3,17,0.856643275666412
XGBoost,12,3,18,0.856039464085135
XGBoost,12,3,19,0.8552271990365464
XGBoost,12,3,20,0.8545075560187597
XGBoost,12,3,21,0.8535910322625472
XGBoost,12,3,22,0.8524197190601369
XGBoost,12,3,23,0.8512831202519918
XGBoost,12,3,24,0.8501464951187595
XGBoost,12,3,25,0.8490561667631731
XGBoost,12,3,26,0.8478731658733744
XGBoost,12,3,27,0.8468059480242739
XGBoost,12,3,28,0.8456576372080096
XGBoost,12,3,29,0.84455562504343
XGBoost,12,3,30,0.843326191441311
XGBoost,12,3,31,0.842247289910127
XGBoost,12,3,32,0.8411683633878833
XGBoost,12,3,33,0.8401009937226379
XGBoost,12,3,34,0.8389177795022064
XGBoost,12,3,35,0.8378735232800556
XGBoost,12,3,36,0.8366902558519325
XGBoost,12,3,37,0.8356112024832635
XGBoost,12,3,38,0.8345900367165874
XGBoost,12,3,39,0.8334877687175686
XGBoost,12,3,40,0.8324549719117391
XGBoost,12,3,41,0.8313526536474621
XGBoost,12,3,42,0.8302734759593666
XGBoost,12,3,43,0.8291942732706297
XGBoost,12,3,44,0.8281613788789658
XGBoost,12,3,45,0.8271400440171435
XGBoost,12,3,46,0.8262113542378575
XGBoost,12,3,47,0.8252942266703734
XGBoost,12,3,48,0.8242264876573957
XGBoost,12,3,49,0.8233672358269815
XGBoost,12,3,50,0.8224152910512598
XGBoost,12,3,51,0.8214054029006997
XGBoost,12,3,52,0.820418660148512
XGBoost,12,3,53,0.8194434790667501
XGBoost,12,3,54,0.8185609527229759
XGBoost,12,3,55,0.8176320667284522
XGBoost,12,3,56,0.8168653483010693
XGBoost,12,3,57,0.8160986121087143
XGBoost,12,3,58,0.8153666137609046
XGBoost,12,3,59,0.814541915751425
XGBoost,12,3,60,0.813670856745641
XGBoost,13,3,-60,0.7943926316399236
XGBoost,13,3,-59,0.7949395245377451
XGBoost,13,3,-58,0.7955211603739704
XGBoost,13,3,-57,0.7960796125952871
XGBoost,13,3,-56,0.796545372397734
XGBoost,13,3,-55,0.797126969416126
XGBoost,13,3,-54,0.7976390449600909
XGBoost,13,3,-53,0.7981511086397443
XGBoost,13,3,-52,0.7988832640200179
XGBoost,13,3,-51,0.7994068856864834
XGBoost,13,3,-50,0.8000231682594845
XGBoost,13,3,-49,0.8007552765099738
XGBoost,13,3,-48,0.8014294484923604
XGBoost,13,3,-47,0.8021499397646187
XGBoost,13,3,-46,0.8028819979381204
XGBoost,13,3,-45,0.8034518707285996
XGBoost,13,3,-44,0.8040448969663273
XGBoost,13,3,-43,0.8045568271324653
XGBoost,13,3,-42,0.804987664045035
XGBoost,13,3,-41,0.8054995714318809
XGBoost,13,3,-40,0.805953553020212
XGBoost,13,3,-39,0.8063380281690141
XGBoost,13,3,-38,0.8069193972456769
XGBoost,13,3,-37,0.8075239176260742
XGBoost,13,3,-36,0.8080010192381195
XGBoost,13,3,-35,0.808397034977994
XGBoost,13,3,-34,0.8088741154260433
XGBoost,13,3,-33,0.8093627666720715
XGBoost,13,3,-32,0.8098745700288384
XGBoost,13,3,-31,0.8104674325952006
XGBoost,13,3,-30,0.8110486999826279
XGBoost,13,3,-29,0.8117110230931369
XGBoost,13,3,-28,0.8123501685061438
XGBoost,13,3,-27,0.8131051095566776
XGBoost,13,3,-26,0.8138021285712631
XGBoost,13,3,-25,0.8146381007527504
XGBoost,13,3,-24,0.8154972148556473
XGBoost,13,3,-23,0.8163794700759681
XGBoost,13,3,-22,0.817250124489016
XGBoost,13,3,-21,0.8181207587372907
XGBoost,13,3,-20,0.8189566325053558
XGBoost,13,3,-19,0.8198503867710408
XGBoost,13,3,-18,0.8206862211517306
XGBoost,13,3,-17,0.8213251812223534
XGBoost,13,3,-16,0.822149399599347
XGBoost,13,3,-15,0.8229851783232979
XGBoost,13,3,-14,0.8237861997892567
XGBoost,13,3,-13,0.8246798360389986
XGBoost,13,3,-12,0.8256429257899796
XGBoost,13,3,-11,0.8265596776434626
XGBoost,13,3,-10,0.8275458808545129
XGBoost,13,3,-9,0.828613111641155
XGBoost,13,3,-8,0.8296803177139417
XGBoost,13,3,-7,0.8307127639866617
XGBoost,13,3,-6,0.8317220298949854
XGBoost,13,3,-5,0.8327196943383119
XGBoost,13,3,-4,0.8339141610031144
XGBoost,13,3,-3,0.835004399573936
XGBoost,13,3,-2,0.8362335452050988
XGBoost,13,3,-1,0.8372542663301457
XGBoost,13,3,0,0.8383791606367583
XGBoost,13,3,1,0.8394192696876375
XGBoost,13,3,2,0.8405867574357727
XGBoost,13,3,3,0.8416963830871116
XGBoost,13,3,4,0.8428407683134386
XGBoost,13,3,5,0.8439851800393655
XGBoost,13,3,6,0.8449212101564219
XGBoost,13,3,7,0.8458456835865136
XGBoost,13,3,8,0.8466659719568816
XGBoost,13,3,9,0.8474283861704838
XGBoost,13,3,10,0.8481676605106235
XGBoost,13,3,11,0.8488143207818072
XGBoost,13,3,12,0.8494031008649537
XGBoost,13,3,13,0.8499224195826869
XGBoost,13,3,14,0.850395433123748
XGBoost,13,3,15,0.8509726725335803
XGBoost,13,3,16,0.8513878113456617
XGBoost,13,3,17,0.8518492785844971
XGBoost,13,3,18,0.8520791597670136
XGBoost,13,3,19,0.852390106072537
XGBoost,13,3,20,0.8525736784204736
XGBoost,13,3,21,0.8526530328647196
XGBoost,13,3,22,0.8527671302676224
XGBoost,13,3,23,0.8527885862516212
XGBoost,13,3,24,0.8527637201653716
XGBoost,13,3,25,0.8526577880718008
XGBoost,13,3,26,0.8525981771647616
XGBoost,13,3,27,0.8522606198174827
XGBoost,13,3,28,0.8518651487602349
XGBoost,13,3,29,0.8513306927941074
XGBoost,13,3,30,0.8509352018067057
XGBoost,13,3,31,0.8504238858519411
XGBoost,13,3,32,0.8499125580533454
XGBoost,13,3,33,0.8494359639572862
XGBoost,13,3,34,0.8487161371770074
XGBoost,13,3,35,0.8479499652536484
XGBoost,13,3,36,0.8472185223363717
XGBoost,13,3,37,0.8463828210058144
XGBoost,13,3,38,0.8455818478751868
XGBoost,13,3,39,0.8447924388435878
XGBoost,13,3,40,0.8438871836451034
XGBoost,13,3,41,0.8429355757870596
XGBoost,13,3,42,0.8420071119965714
XGBoost,13,3,43,0.8410322939350414
XGBoost,13,3,44,0.8400342866409517
XGBoost,13,3,45,0.8390362562261091
XGBoost,13,3,46,0.8379802847247159
XGBoost,13,3,47,0.836889537577611
XGBoost,13,3,48,0.8359377714967507
XGBoost,13,3,49,0.8348933114009685
XGBoost,13,3,50,0.8338024905878946
XGBoost,13,3,51,0.8326768917103007
XGBoost,13,3,52,0.8315860199483336
XGBoost,13,3,53,0.8305298765088853
XGBoost,13,3,54,0.8295200472654395
XGBoost,13,3,55,0.8284870250231696
XGBoost,13,3,56,0.8275003185857112
XGBoost,13,3,57,0.8266294399777566
XGBoost,13,3,58,0.8258396376148384
XGBoost,13,3,59,0.8248065248621345
XGBoost,13,3,60,0.82393558477669
XGBoost,14,3,-60,0.7926548108671726
XGBoost,14,3,-59,0.7932596505862181
XGBoost,14,3,-58,0.793899231901016
XGBoost,14,3,-57,0.7945851386732778
XGBoost,14,3,-56,0.7952246898133667
XGBoost,14,3,-55,0.7958063021316033
XGBoost,14,3,-54,0.7965964249719072
XGBoost,14,3,-53,0.7972938532471444
XGBoost,14,3,-52,0.7980607717526036
XGBoost,14,3,-51,0.7986886613224595
XGBoost,14,3,-50,0.7994092093831451
XGBoost,14,3,-49,0.8000949887635244
XGBoost,14,3,-48,0.800780752255957
XGBoost,14,3,-47,0.801408581225095
XGBoost,14,3,-46,0.8020479792422014
XGBoost,14,3,-45,0.8026526120699641
XGBoost,14,3,-44,0.8033267308382852
XGBoost,14,3,-43,0.8039545012278182
XGBoost,14,3,-42,0.804651755412183
XGBoost,14,3,-41,0.8053721592883453
XGBoost,14,3,-40,0.806138877627845
XGBoost,14,3,-39,0.8068360822831727
XGBoost,14,3,-38,0.8076954260629857
XGBoost,14,3,-37,0.8085200027797725
XGBoost,14,3,-36,0.8092982313902176
XGBoost,14,3,-35,0.81015751679407
XGBoost,14,3,-34,0.8109472903950614
XGBoost,14,3,-33,0.8116907183062704
XGBoost,14,3,-32,0.8123646387084071
XGBoost,14,3,-31,0.8130964514036876
XGBoost,14,3,-30,0.8137355955758875
XGBoost,14,3,-29,0.8143978875686193
XGBoost,14,3,-28,0.8150138395080315
XGBoost,14,3,-27,0.8156297771807106
XGBoost,14,3,-26,0.8162225387670963
XGBoost,14,3,-25,0.8168268674001158
XGBoost,14,3,-24,0.8174775046033051
XGBoost,14,3,-23,0.8181628682601445
XGBoost,14,3,-22,0.8188597964170324
XGBoost,14,3,-21,0.819545128193251
XGBoost,14,3,-20,0.8201609634647675
XGBoost,14,3,-19,0.8207883644448561
XGBoost,14,3,-18,0.8213694315457924
XGBoost,14,3,-17,0.8219620648926561
XGBoost,14,3,-16,0.8226010027906762
XGBoost,14,3,-15,0.8231704492820751
XGBoost,14,3,-14,0.8236704067808386
XGBoost,14,3,-13,0.8241819318681828
XGBoost,14,3,-12,0.8246587080115327
XGBoost,14,3,-11,0.825170209809643
XGBoost,14,3,-10,0.8256816997626353
XGBoost,14,3,-9,0.8261121274575643
XGBoost,14,3,-8,0.8265193881922493
XGBoost,14,3,-7,0.8270655798443868
XGBoost,14,3,-6,0.8276001806203614
XGBoost,14,3,-5,0.8280768785457914
XGBoost,14,3,-4,0.8286461891144018
XGBoost,14,3,-3,0.8292386421525494
XGBoost,14,3,-2,0.8298773922406307
XGBoost,14,3,-1,0.8304582397480723
XGBoost,14,3,0,0.8309811866859623
XGBoost,14,3,1,0.8315581077639105
XGBoost,14,3,2,0.8321466198927906
XGBoost,14,3,3,0.832769879127495
XGBoost,14,3,4,0.8334163087147306
XGBoost,14,3,5,0.8340280189880745
XGBoost,14,3,6,0.8346628998830599
XGBoost,14,3,7,0.8353672656539459
XGBoost,14,3,8,0.836071647735825
XGBoost,14,3,9,0.8367181529768659
XGBoost,14,3,10,0.8375151971284663
XGBoost,14,3,11,0.8382775230420082
XGBoost,14,3,12,0.8390282875768559
XGBoost,14,3,13,0.8398022278316852
XGBoost,14,3,14,0.8406572411157814
XGBoost,14,3,15,0.8415238536359426
XGBoost,14,3,16,0.8424483840711449
XGBoost,14,3,17,0.8433497765117303
XGBoost,14,3,18,0.8442048704795211
XGBoost,14,3,19,0.8449441845384223
XGBoost,14,3,20,0.8456950958253721
XGBoost,14,3,21,0.8465386664196216
XGBoost,14,3,22,0.8475212210345906
XGBoost,14,3,23,0.8483416712988697
XGBoost,14,3,24,0.8490694954314368
XGBoost,14,3,25,0.8498204979733642
XGBoost,14,3,26,0.8505251942697657
XGBoost,14,3,27,0.851253068976699
XGBoost,14,3,28,0.8521430970386927
XGBoost,14,3,29,0.8530447270284669
XGBoost,14,3,30,0.8539232150095547
XGBoost,14,3,31,0.854859631242472
XGBoost,14,3,32,0.8555760165850156
XGBoost,14,3,33,0.8563271640684719
XGBoost,14,3,34,0.8570435830022817
XGBoost,14,3,35,0.8576210331248553
XGBoost,14,3,36,0.8582679901319219
XGBoost,14,3,37,0.8588917973545831
XGBoost,14,3,38,0.8593302987131821
XGBoost,14,3,39,0.8597572275759822
XGBoost,14,3,40,0.8602073319047895
XGBoost,14,3,41,0.8605184515949684
XGBoost,14,3,42,0.8608411615488862
XGBoost,14,3,43,0.861094379835982
XGBoost,14,3,44,0.8614518539111096
XGBoost,14,3,45,0.8618672535619136
XGBoost,14,3,46,0.8620046566043855
XGBoost,14,3,47,0.8621652302844963
XGBoost,14,3,48,0.8622678883779119
XGBoost,14,3,49,0.8624053008363645
XGBoost,14,3,50,0.8624152910512598
XGBoost,14,3,51,0.8623441916500626
XGBoost,14,3,52,0.8622730906015778
XGBoost,14,3,53,0.8620282199207618
XGBoost,14,3,54,0.861551650235748
XGBoost,14,3,55,0.8612488415199259
XGBoost,14,3,56,0.8610387052676699
XGBoost,14,3,57,0.8607127134548993
XGBoost,14,3,58,0.8604562253090353
XGBoost,14,3,59,0.8601302191945873
XGBoost,14,3,60,0.8599548166599085
XGBoost,15,3,-60,0.7849736430516133
XGBoost,15,3,-59,0.7856480837851615
XGBoost,15,3,-58,0.7863456792984
XGBoost,15,3,-57,0.7867883871266711
XGBoost,15,3,-56,0.7874048587217183
XGBoost,15,3,-55,0.7879402224281742
XGBoost,15,3,-54,0.7885566663963578
XGBoost,15,3,-53,0.789034081694122
XGBoost,15,3,-52,0.7894303951438203
XGBoost,15,3,-51,0.7898962049951346
XGBoost,15,3,-50,0.7903156675354764
XGBoost,15,3,-49,0.7908393763176795
XGBoost,15,3,-48,0.791374656828107
XGBoost,15,3,-47,0.7917825039384673
XGBoost,15,3,-46,0.792144007228162
XGBoost,15,3,-45,0.7925981698135063
XGBoost,15,3,-44,0.7931565717992378
XGBoost,15,3,-43,0.7936570448964463
XGBoost,15,3,-42,0.7941690894559439
XGBoost,15,3,-41,0.7945768758542405
XGBoost,15,3,-40,0.7951352290496323
XGBoost,15,3,-39,0.7956819866567828
XGBoost,15,3,-38,0.7963445567948851
XGBoost,15,3,-37,0.7971229354397832
XGBoost,15,3,-36,0.7980055363161491
XGBoost,15,3,-35,0.7989112809821636
XGBoost,15,3,-34,0.7996896028538006
XGBoost,15,3,-33,0.8007111255240786
XGBoost,15,3,-32,0.8015357353809806
XGBoost,15,3,-31,0.8024182340405819
XGBoost,15,3,-30,0.8031617349006891
XGBoost,15,3,-29,0.804125263474857
XGBoost,15,3,-28,0.805169837979316
XGBoost,15,3,-27,0.8062143882892482
XGBoost,15,3,-26,0.8072820762255498
XGBoost,15,3,-25,0.8082223508975102
XGBoost,15,3,-24,0.8092668295676947
XGBoost,15,3,-23,0.8103228645543821
XGBoost,15,3,-22,0.8113441339617616
XGBoost,15,3,-21,0.812284318039697
XGBoost,15,3,-20,0.8131781599212553
XGBoost,15,3,-19,0.8141298809578952
XGBoost,15,3,-18,0.8151973783248607
XGBoost,15,3,-17,0.8163227494847032
XGBoost,15,3,-16,0.8174133558748944
XGBoost,15,3,-15,0.8186081519221862
XGBoost,15,3,-14,0.8196871272912541
XGBoost,15,3,-13,0.820569231838077
XGBoost,15,3,-12,0.8214744740224401
XGBoost,15,3,-11,0.8224954842295401
XGBoost,15,3,-10,0.8234238406761999
XGBoost,15,3,-9,0.824467961929463
XGBoost,15,3,-8,0.8252804890756886
XGBoost,15,3,-7,0.8263477213782883
XGBoost,15,3,-6,0.8272991466845743
XGBoost,15,3,-5,0.8284357994674076
XGBoost,15,3,-4,0.8293292887659052
XGBoost,15,3,-3,0.8302922243319595
XGBoost,15,3,-2,0.8312435599087677
XGBoost,15,3,-1,0.8319517447379998
XGBoost,15,3,0,0.832590448625181
XGBoost,15,3,1,0.833051612753838
XGBoost,15,3,2,0.8336748752503675
XGBoost,15,3,3,0.8341476404390311
XGBoost,15,3,4,0.8344467471720832
XGBoost,15,3,5,0.8346995484543244
XGBoost,15,3,6,0.834987090275446
XGBoost,15,3,7,0.8352977954798073
XGBoost,15,3,8,0.8357011358504984
XGBoost,15,3,9,0.8358497556908969
XGBoost,15,3,10,0.8361373241475134
XGBoost,15,3,11,0.836216479088509
XGBoost,15,3,12,0.836237740699142
XGBoost,15,3,13,0.8361663694680531
XGBoost,15,3,14,0.8362686860967334
XGBoost,15,3,15,0.8360583603520149
XGBoost,15,3,16,0.8358132910293079
XGBoost,15,3,17,0.8355797957340374
XGBoost,15,3,18,0.8350336394270297
XGBoost,15,3,19,0.8346727500115799
XGBoost,15,3,20,0.8341960511840658
XGBoost,15,3,21,0.8338235634712926
XGBoost,15,3,22,0.83334684376918
XGBoost,15,3,23,0.8329743375949602
XGBoost,15,3,24,0.8325670808676217
XGBoost,15,3,25,0.8321019108280254
XGBoost,15,3,26,0.8316483109242724
XGBoost,15,3,27,0.831078890072729
XGBoost,15,3,28,0.830555780745133
XGBoost,15,3,29,0.8300442406133463
XGBoost,15,3,30,0.8293705483814928
XGBoost,15,3,31,0.8284188826090985
XGBoost,15,3,32,0.8275019399372271
XGBoost,15,3,33,0.8265733941766463
XGBoost,15,3,34,0.8255869169919273
XGBoost,15,3,35,0.8245540884873755
XGBoost,15,3,36,0.8236138940687291
XGBoost,15,3,37,0.822650513099678
XGBoost,15,3,38,0.8218376825694662
XGBoost,15,3,39,0.8209900852483321
XGBoost,15,3,40,0.8201077199281868
XGBoost,15,3,41,0.8192253341673037
XGBoost,15,3,42,0.8183081787960571
XGBoost,15,3,43,0.8174836677014317
XGBoost,15,3,44,0.816647554181001
XGBoost,15,3,45,0.8157882543727557
XGBoost,15,3,46,0.8150447705869407
XGBoost,15,3,47,0.8142896858493188
XGBoost,15,3,48,0.8134766643112815
XGBoost,15,3,49,0.8129068878437551
XGBoost,15,3,50,0.8122791775267884
XGBoost,15,3,51,0.8116630369306335
XGBoost,15,3,52,0.8109542068741818
XGBoost,15,3,53,0.8103264521211279
XGBoost,15,3,54,0.8096870981568796
XGBoost,15,3,55,0.8090593141797962
XGBoost,15,3,56,0.8082345717628796
XGBoost,15,3,57,0.8074793206515443
XGBoost,15,3,58,0.8068283188711378
XGBoost,15,3,59,0.8060498632930163
XGBoost,15,3,60,0.8051323640155246
XGBoost,16,3,-60,0.7547587325493831
XGBoost,16,3,-59,0.7552481579313222
XGBoost,16,3,-58,0.755691231159563
XGBoost,16,3,-57,0.7560647837067588
XGBoost,16,3,-56,0.7564730824036423
XGBoost,16,3,-55,0.7567075996292864
XGBoost,16,3,-54,0.7570463734201411
XGBoost,16,3,-53,0.7574198929589212
XGBoost,16,3,-52,0.7577934038437033
XGBoost,16,3,-51,0.758247995922339
XGBoost,16,3,-50,0.7587952505068056
XGBoost,16,3,-49,0.7593540764080347
XGBoost,16,3,-48,0.7597970507488966
XGBoost,16,3,-47,0.7604485219164119
XGBoost,16,3,-46,0.7609841420611846
XGBoost,16,3,-45,0.7615892505502143
XGBoost,16,3,-44,0.762113261748387
XGBoost,16,3,-43,0.7627067599499606
XGBoost,16,3,-42,0.7633349935714038
XGBoost,16,3,-41,0.7639632126392847
XGBoost,16,3,-40,0.7645103376382695
XGBoost,16,3,-39,0.7650690326167532
XGBoost,16,3,-38,0.7657087922906749
XGBoost,16,3,-37,0.7662558780606453
XGBoost,16,3,-36,0.766791368906288
XGBoost,16,3,-35,0.767234190410007
XGBoost,16,3,-34,0.7678391494191635
XGBoost,16,3,-33,0.7684440944152324
XGBoost,16,3,-32,0.7690721888282779
XGBoost,16,3,-31,0.7696191976280923
XGBoost,16,3,-30,0.7702588453297817
XGBoost,16,3,-29,0.7708637342783684
XGBoost,16,3,-28,0.7715960021772615
XGBoost,16,3,-27,0.7723977393801825
XGBoost,16,3,-26,0.7731415534632712
XGBoost,16,3,-25,0.7739200926462073
XGBoost,16,3,-24,0.7746059686627833
XGBoost,16,3,-23,0.7753149898091533
XGBoost,16,3,-22,0.7760587356548122
XGBoost,16,3,-21,0.7768487852328786
XGBoost,16,3,-20,0.7776735568293671
XGBoost,16,3,-19,0.7784635694103479
XGBoost,16,3,-18,0.7791609249973945
XGBoost,16,3,-17,0.7797077282938465
XGBoost,16,3,-16,0.7804397920309406
XGBoost,16,3,-15,0.7811486799444187
XGBoost,16,3,-14,0.7819617651486204
XGBoost,16,3,-13,0.782728514856071
XGBoost,16,3,-12,0.7834836677743942
XGBoost,16,3,-11,0.784227224306424
XGBoost,16,3,-10,0.7849823423840676
XGBoost,16,3,-9,0.7857027070838061
XGBoost,16,3,-8,0.7865735755554784
XGBoost,16,3,-7,0.7874212671359763
XGBoost,16,3,-6,0.7882342044020424
XGBoost,16,3,-5,0.7890934352205627
XGBoost,16,3,-4,0.789744242859293
XGBoost,16,3,-3,0.790522391515769
XGBoost,16,3,-2,0.7912426336933995
XGBoost,16,3,-1,0.7920554796582305
XGBoost,16,3,0,0.7927641099855283
XGBoost,16,3,1,0.7935142519739736
XGBoost,16,3,2,0.7942296782559365
XGBoost,16,3,3,0.7949219654517667
XGBoost,16,3,4,0.7956374245985343
XGBoost,16,3,5,0.7963297441241172
XGBoost,16,3,6,0.7971262837360628
XGBoost,16,3,7,0.7978417932567617
XGBoost,16,3,8,0.798615211828592
XGBoost,16,3,9,0.7994928559849941
XGBoost,16,3,10,0.8004284142881954
XGBoost,16,3,11,0.8012945208651753
XGBoost,16,3,12,0.8021259104014451
XGBoost,16,3,13,0.8030846900257057
XGBoost,16,3,14,0.8040203332522782
XGBoost,16,3,15,0.8050949513663733
XGBoost,16,3,16,0.8060769578156302
XGBoost,16,3,17,0.8071400449292481
XGBoost,16,3,18,0.8080873582917424
XGBoost,16,3,19,0.8090925934503682
XGBoost,16,3,20,0.8099125702043889
XGBoost,16,3,21,0.8107441461889432
XGBoost,16,3,22,0.8116220629277501
XGBoost,16,3,23,0.8124073559384843
XGBoost,16,3,24,0.8132042477794119
XGBoost,16,3,25,0.8140127388535032
XGBoost,16,3,26,0.8146938586434121
XGBoost,16,3,27,0.815351832121184
XGBoost,16,3,28,0.8160214020174412
XGBoost,16,3,29,0.8166330808607232
XGBoost,16,3,30,0.8173258439979153
XGBoost,16,3,31,0.8178101547299176
XGBoost,16,3,32,0.8181091692435982
XGBoost,16,3,33,0.818385026985708
XGBoost,16,3,34,0.8185103253379044
XGBoost,16,3,35,0.8185661338892749
XGBoost,16,3,36,0.8187493484983611
XGBoost,16,3,37,0.8187819963399662
XGBoost,16,3,38,0.818895722575489
XGBoost,16,3,39,0.8189283728687917
XGBoost,16,3,40,0.8188220304627324
XGBoost,16,3,41,0.8186577709824635
XGBoost,16,3,42,0.8185166738095514
XGBoost,16,3,43,0.8182944910346106
XGBoost,16,3,44,0.8181070530863769
XGBoost,16,3,45,0.8179196107957836
XGBoost,16,3,46,0.8176279118256901
XGBoost,16,3,47,0.8173825410063942
XGBoost,16,3,48,0.8171487483637796
XGBoost,16,3,49,0.8169033663091073
XGBoost,16,3,50,0.8165653055314219
XGBoost,16,3,51,0.8163083267689171
XGBoost,16,3,52,0.8160513420525236
XGBoost,16,3,53,0.8160028729640184
XGBoost,16,3,54,0.8158964794198399
XGBoost,16,3,55,0.8157900834105654
XGBoost,16,3,56,0.8154635711720478
XGBoost,16,3,57,0.8151718065756852
XGBoost,16,3,58,0.814822109202127
XGBoost,16,3,59,0.8143565503498772
XGBoost,16,3,60,0.8139604935410995
XGBoost,17,3,-60,0.7858888953252621
XGBoost,17,3,-59,0.7864011307289495
XGBoost,17,3,-58,0.7869596950774471
XGBoost,17,3,-57,0.7875761718297458
XGBoost,17,3,-56,0.7880767849488525
XGBoost,17,3,-55,0.7884036144578314
XGBoost,17,3,-54,0.788811529060136
XGBoost,17,3,-53,0.7890920043557842
XGBoost,17,3,-52,0.7894188107456878
XGBoost,17,3,-51,0.7896529354524814
XGBoost,17,3,-50,0.7900144801621778
XGBoost,17,3,-49,0.7904107684822649
XGBoost,17,3,-48,0.7909460539576262
XGBoost,17,3,-47,0.7914581595774256
XGBoost,17,3,-46,0.791866000996189
XGBoost,17,3,-45,0.7922738329665238
XGBoost,17,3,-44,0.7927395721119875
XGBoost,17,3,-43,0.7933327155631748
XGBoost,17,3,-42,0.793879513048313
XGBoost,17,3,-41,0.7946000416985197
XGBoost,17,3,-40,0.7953437192332194
XGBoost,17,3,-39,0.7958788917716827
XGBoost,17,3,-38,0.7963908868735304
XGBoost,17,3,-37,0.7969607820426695
XGBoost,17,3,-36,0.7975074995077543
XGBoost,17,3,-35,0.7981584433634469
XGBoost,17,3,-34,0.7989946838697722
XGBoost,17,3,-33,0.7997382502142643
XGBoost,17,3,-32,0.8003080736133792
XGBoost,17,3,-31,0.800889465394237
XGBoost,17,3,-30,0.8014708437083792
XGBoost,17,3,-29,0.8021680216802168
XGBoost,17,3,-28,0.8026683034731954
XGBoost,17,3,-27,0.8032496409876314
XGBoost,17,3,-26,0.8041204877879303
XGBoost,17,3,-25,0.804968152866242
XGBoost,17,3,-24,0.805723153177149
XGBoost,17,3,-23,0.8066171020937558
XGBoost,17,3,-22,0.8076036732945004
XGBoost,17,3,-21,0.8087407647590152
XGBoost,17,3,-20,0.8098199293613572
XGBoost,17,3,-19,0.810968548797999
XGBoost,17,3,-18,0.812267679516426
XGBoost,17,3,-17,0.8133930846013108
XGBoost,17,3,-16,0.8146111001748515
XGBoost,17,3,-15,0.8158175081056045
XGBoost,17,3,-14,0.8169659915934276
XGBoost,17,3,-13,0.8181491859845765
XGBoost,17,3,-12,0.8193555110406077
XGBoost,17,3,-11,0.8205039136677319
XGBoost,17,3,-10,0.8218491286979679
XGBoost,17,3,-9,0.8231943125767084
XGBoost,17,3,-8,0.8247362997441152
XGBoost,17,3,-7,0.8263477213782883
XGBoost,17,3,-6,0.827820166958052
XGBoost,17,3,-5,0.8290378603681834
XGBoost,17,3,-4,0.8304755068252075
XGBoost,17,3,-3,0.8318320752095587
XGBoost,17,3,-2,0.8332233452583562
XGBoost,17,3,-1,0.8346840484405029
XGBoost,17,3,0,0.8361331403762663
XGBoost,17,3,1,0.8373121541204529
XGBoost,17,3,2,0.8386880159309044
XGBoost,17,3,3,0.839762886120502
XGBoost,17,3,4,0.8410230285628278
XGBoost,17,3,5,0.8422832001852495
XGBoost,17,3,6,0.843277101737892
XGBoost,17,3,7,0.8443057613931085
XGBoost,17,3,8,0.8452302384012412
XGBoost,17,3,9,0.8459810573605354
XGBoost,17,3,10,0.8464887396514792
XGBoost,17,3,11,0.8471122226853781
XGBoost,17,3,12,0.8478515104848141
XGBoost,17,3,13,0.8484055487367129
XGBoost,17,3,14,0.8487048552008429
XGBoost,17,3,15,0.8491431218156554
XGBoost,17,3,16,0.8495119211662941
XGBoost,17,3,17,0.8496491349961787
XGBoost,17,3,18,0.849647393957641
XGBoost,17,3,19,0.8495298531659642
XGBoost,17,3,20,0.8492733483874704
XGBoost,17,3,21,0.849051578386641
XGBoost,17,3,22,0.8488298032494528
XGBoost,17,3,23,0.8486890865295534
XGBoost,17,3,24,0.8485252052668759
XGBoost,17,3,25,0.8484308048639259
XGBoost,17,3,26,0.8480121367937092
XGBoost,17,3,27,0.8475123917172372
XGBoost,17,3,28,0.8471284468481823
XGBoost,17,3,29,0.8465360294628588
XGBoost,17,3,30,0.8460941571602293
XGBoost,17,3,31,0.845513295654591
XGBoost,17,3,32,0.8448629304054759
XGBoost,17,3,33,0.8439114220194112
XGBoost,17,3,34,0.8430641294402428
XGBoost,17,3,35,0.8421704887653463
XGBoost,17,3,36,0.8411841693788439
XGBoost,17,3,37,0.8402325743010031
XGBoost,17,3,38,0.8390840543451823
XGBoost,17,3,39,0.8377617679762788
XGBoost,17,3,40,0.8365205304916894
XGBoost,17,3,41,0.8352560984085065
XGBoost,17,3,42,0.8338063081324638
XGBoost,17,3,43,0.8324259834128712
XGBoost,17,3,44,0.8311730432868842
XGBoost,17,3,45,0.8296652380400787
XGBoost,17,3,46,0.8280763127106766
XGBoost,17,3,47,0.8267190251135206
XGBoost,17,3,48,0.82530378676428
XGBoost,17,3,49,0.8240738595556379
XGBoost,17,3,50,0.8228554879814653
XGBoost,17,3,51,0.8216602567072888
XGBoost,17,3,52,0.8204070757503794
XGBoost,17,3,53,0.8193392182757582
XGBoost,17,3,54,0.8179817193962072
XGBoost,17,3,55,0.8168790546802595
XGBoost,17,3,56,0.8157879493506643
XGBoost,17,3,57,0.8145693829792164
XGBoost,17,3,58,0.8131422547122815
XGBoost,17,3,59,0.8119236294545623
XGBoost,17,3,60,0.8107165614319644
XGBoost,18,3,-60,0.7468921971847303
XGBoost,18,3,-59,0.7474512257287177
XGBoost,18,3,-58,0.7478712188792475
XGBoost,18,3,-57,0.748360712713455
XGBoost,18,3,-56,0.7488386102712034
XGBoost,18,3,-55,0.7493860055607043
XGBoost,18,3,-54,0.7497943721689971
XGBoost,18,3,-53,0.75021431384815
XGBoost,18,3,-52,0.7508311805660137
XGBoost,18,3,-51,0.7512163477132663
XGBoost,18,3,-50,0.7517636837532581
XGBoost,18,3,-49,0.7523573430947803
XGBoost,18,3,-48,0.7531594981871257
XGBoost,18,3,-47,0.7539848021499398
XGBoost,18,3,-46,0.7548795885507766
XGBoost,18,3,-45,0.7557511873045292
XGBoost,18,3,-44,0.7567733490866548
XGBoost,18,3,-43,0.7577607376175693
XGBoost,18,3,-42,0.7587712693871405
XGBoost,18,3,-41,0.759897606968286
XGBoost,18,3,-40,0.761093415185035
XGBoost,18,3,-39,0.7622776130467013
XGBoost,18,3,-38,0.7633807058387482
XGBoost,18,3,-37,0.7645764321619681
XGBoost,18,3,-36,0.7657026372786342
XGBoost,18,3,-35,0.766828816307621
XGBoost,18,3,-34,0.7678738953683649
XGBoost,18,3,-33,0.769069514257256
XGBoost,18,3,-32,0.7700797980148941
XGBoost,18,3,-31,0.7710900583711665
XGBoost,18,3,-30,0.7720887138803637
XGBoost,18,3,-29,0.7732031593820212
XGBoost,18,3,-28,0.7744333908531854
XGBoost,18,3,-27,0.7754435539908278
XGBoost,18,3,-26,0.7763842082710859
XGBoost,18,3,-25,0.7773711638679791
XGBoost,18,3,-24,0.7784159998147098
XGBoost,18,3,-23,0.7793334259773949
XGBoost,18,3,-22,0.7803203131333016
XGBoost,18,3,-21,0.7812840169534706
XGBoost,18,3,-20,0.7820045162410978
XGBoost,18,3,-19,0.7827134188707212
XGBoost,18,3,-18,0.7833528260592656
XGBoost,18,3,-17,0.7839227402209408
XGBoost,18,3,-16,0.7844231637698444
XGBoost,18,3,-15,0.7849004168596573
XGBoost,18,3,-14,0.7852618658885376
XGBoost,18,3,-13,0.7857854148815451
XGBoost,18,3,-12,0.7863089517501708
XGBoost,18,3,-11,0.7867514242045297
XGBoost,18,3,-10,0.7871475713541365
XGBoost,18,3,-9,0.78755528796054
XGBoost,18,3,-8,0.7878935241469542
XGBoost,18,3,-7,0.7881622823267876
XGBoost,18,3,-6,0.78852366010953
XGBoost,18,3,-5,0.7888387171471576
XGBoost,18,3,-4,0.7890379872873997
XGBoost,18,3,-3,0.7891909415088223
XGBoost,18,3,-2,0.7893091591122225
XGBoost,18,3,-1,0.7895778822330795
XGBoost,18,3,0,0.789534008683068
XGBoost,18,3,1,0.7893231759557274
XGBoost,18,3,2,0.7891933821911941
XGBoost,18,3,3,0.7890404297689065
XGBoost,18,3,4,0.7887948501233053
XGBoost,18,3,5,0.7883524371888387
XGBoost,18,3,6,0.7880142180643518
XGBoost,18,3,7,0.7875717858466098
XGBoost,18,3,8,0.7868977734551391
XGBoost,18,3,9,0.7862237454553875
XGBoost,18,3,10,0.7857118045504544
XGBoost,18,3,11,0.7851766939928674
XGBoost,18,3,12,0.7844910436182161
XGBoost,18,3,13,0.7838401148653343
XGBoost,18,3,14,0.7832007503386945
XGBoost,18,3,15,0.7827582213987957
XGBoost,18,3,16,0.7822462047962575
XGBoost,18,3,17,0.7816415387109474
XGBoost,18,3,18,0.7810947578077052
XGBoost,18,3,19,0.7803742646718236
XGBoost,18,3,20,0.7795958543222743
XGBoost,18,3,21,0.7788753271417653
XGBoost,18,3,22,0.7782937477563027
XGBoost,18,3,23,0.7777468964239392
XGBoost,18,3,24,0.7771652905003995
XGBoost,18,3,25,0.7767573827446439
XGBoost,18,3,26,0.7761525900705277
XGBoost,18,3,27,0.7753509056376523
XGBoost,18,3,28,0.7745839461706834
XGBoost,18,3,29,0.7736895745025826
XGBoost,18,3,30,0.7730036481556546
XGBoost,18,3,31,0.7722482164365793
XGBoost,18,3,32,0.7716201660817901
XGBoost,18,3,33,0.7708994463876213
XGBoost,18,3,34,0.7702134559479275
XGBoost,18,3,35,0.7696432707899004
XGBoost,18,3,36,0.7690962369265337
XGBoost,18,3,37,0.7685376080057449
XGBoost,18,3,38,0.7678747234673431
XGBoost,18,3,39,0.7673044848035582
XGBoost,18,3,40,0.7668037296577286
XGBoost,18,3,41,0.7662797970672041
XGBoost,18,3,42,0.7656631878887563
XGBoost,18,3,43,0.7650928971876013
XGBoost,18,3,44,0.7645225932747217
XGBoost,18,3,45,0.7638364415614503
XGBoost,18,3,46,0.7632081919169688
XGBoost,18,3,47,0.7623714206283013
XGBoost,18,3,48,0.7616273008444635
XGBoost,18,3,49,0.7609410837986238
XGBoost,18,3,50,0.7602432667245873
XGBoost,18,3,51,0.7595106806913489
XGBoost,18,3,52,0.7586969868980458
XGBoost,18,3,53,0.7578601051875535
XGBoost,18,3,54,0.7570927120862826
XGBoost,18,3,55,0.7562442075996293
XGBoost,18,3,56,0.7552682491687809
XGBoost,18,3,57,0.7543849486781437
XGBoost,18,3,58,0.7537217465852613
XGBoost,18,3,59,0.7531280411511192
XGBoost,18,3,60,0.7522794415802584
1D-CNN,1,1,-60,0.7296182587035857
1D-CNN,1,1,-59,0.7300616339960146
1D-CNN,1,1,-58,0.7305513398287707
1D-CNN,1,1,-57,0.7309946940383234
1D-CNN,1,1,-56,0.7314843777152191
1D-CNN,1,1,-55,0.731939295644115
1D-CNN,1,1,-54,0.7324289570324718
1D-CNN,1,1,-53,0.7328606844141702
1D-CNN,1,1,-52,0.7332924017932648
1D-CNN,1,1,-51,0.7337241091701033
1D-CNN,1,1,-50,0.7341094700260643
1D-CNN,1,1,-49,0.7345064059495401
1D-CNN,1,1,-48,0.7348685810928215
1D-CNN,1,1,-47,0.7352886664813271
1D-CNN,1,1,-46,0.735731909323634
1D-CNN,1,1,-45,0.7361288080620874
1D-CNN,1,1,-44,0.7365951975536018
1D-CNN,1,1,-43,0.7371542417643516
1D-CNN,1,1,-42,0.7376437746863888
1D-CNN,1,1,-41,0.7380869645794241
1D-CNN,1,1,-40,0.7385996409335727
1D-CNN,1,1,-39,0.7390543921423276
1D-CNN,1,1,-38,0.7395438803757369
1D-CNN,1,1,-37,0.7400333572702634
1D-CNN,1,1,-36,0.740534405077659
1D-CNN,1,1,-35,0.7410354412786657
1D-CNN,1,1,-34,0.7414901379414184
1D-CNN,1,1,-33,0.7419679877695675
1D-CNN,1,1,-32,0.7424689899586533
1D-CNN,1,1,-31,0.742923654220328
1D-CNN,1,1,-30,0.7434593780763218
1D-CNN,1,1,-29,0.7439487642739675
1D-CNN,1,1,-28,0.7444613014928139
1D-CNN,1,1,-27,0.7450085699726687
1D-CNN,1,1,-26,0.7454747594065941
1D-CNN,1,1,-25,0.7459640995946728
1D-CNN,1,1,-24,0.7464534284490046
1D-CNN,1,1,-23,0.7469543264776728
1D-CNN,1,1,-22,0.7474436325315855
1D-CNN,1,1,-21,0.7478518655765801
1D-CNN,1,1,-20,0.74838747032598
1D-CNN,1,1,-19,0.7488535828431145
1D-CNN,1,1,-18,0.7493891635883599
1D-CNN,1,1,-17,0.7498784131174877
1D-CNN,1,1,-16,0.7504023900230433
1D-CNN,1,1,-15,0.7509495136637332
1D-CNN,1,1,-14,0.7515082039346465
1D-CNN,1,1,-13,0.7521479354345662
1D-CNN,1,1,-12,0.7527065988907287
1D-CNN,1,1,-11,0.7534157750914733
1D-CNN,1,1,-10,0.7540670410467203
1D-CNN,1,1,-9,0.7548340782252275
1D-CNN,1,1,-8,0.755520048166545
1D-CNN,1,1,-7,0.7561828454983327
1D-CNN,1,1,-6,0.7568572057103822
1D-CNN,1,1,-5,0.757473659835591
1D-CNN,1,1,-4,0.7579743200842876
1D-CNN,1,1,-3,0.7585097022183115
1D-CNN,1,1,-2,0.7590913827237679
1D-CNN,1,1,-1,0.7596730497603446
1D-CNN,1,1,0,0.7601852387843705
1D-CNN,1,1,1,0.7607381851019983
1D-CNN,1,1,2,0.7612564111470019
1D-CNN,1,1,3,0.7618093826703098
1D-CNN,1,1,4,0.7623160551574024
1D-CNN,1,1,5,0.7627764270001158
1D-CNN,1,1,6,0.7633178571015063
1D-CNN,1,1,7,0.7638014079288625
1D-CNN,1,1,8,0.7644123334143829
1D-CNN,1,1,9,0.7649306440034273
1D-CNN,1,1,10,0.7654489665952643
1D-CNN,1,1,11,0.7659325644944653
1D-CNN,1,1,12,0.7664972268216713
1D-CNN,1,1,13,0.7670155855584632
1D-CNN,1,1,14,0.7674529011938259
1D-CNN,1,1,15,0.7678670680870774
1D-CNN,1,1,16,0.7682465058650517
1D-CNN,1,1,17,0.7685564742120012
1D-CNN,1,1,18,0.7688201303889667
1D-CNN,1,1,19,0.7690374727870675
1D-CNN,1,1,20,0.7692084997973482
1D-CNN,1,1,21,0.7693679505292169
1D-CNN,1,1,22,0.7694000208446724
1D-CNN,1,1,23,0.7694436724105985
1D-CNN,1,1,24,0.7694410024203542
1D-CNN,1,1,25,0.7694730746960047
1D-CNN,1,1,26,0.7695283095345632
1D-CNN,1,1,27,0.7695603835641821
1D-CNN,1,1,28,0.7695461336236349
1D-CNN,1,1,29,0.7695434646654159
1D-CNN,1,1,30,0.7695176327523308
1D-CNN,1,1,31,0.7694338923376263
1D-CNN,1,1,32,0.7693154048388404
1D-CNN,1,1,33,0.7692200782932987
1D-CNN,1,1,34,0.7690668396242805
1D-CNN,1,1,35,0.7688672689367616
1D-CNN,1,1,36,0.768609782369497
1D-CNN,1,1,37,0.7682480483680418
1D-CNN,1,1,38,0.7678631409476817
1D-CNN,1,1,39,0.767570885841364
1D-CNN,1,1,40,0.7671975444489488
1D-CNN,1,1,41,0.766801028563486
1D-CNN,1,1,42,0.7663581712670705
1D-CNN,1,1,43,0.7658805541398322
1D-CNN,1,1,44,0.7654145092724514
1D-CNN,1,1,45,0.7648673693965018
1D-CNN,1,1,46,0.7642970496588631
1D-CNN,1,1,47,0.763703549254008
1D-CNN,1,1,48,0.7631332028218286
1D-CNN,1,1,49,0.7625280911892129
1D-CNN,1,1,50,0.7618997972777295
1D-CNN,1,1,51,0.7612367360177934
1D-CNN,1,1,52,0.7606084125899238
1D-CNN,1,1,53,0.7600495817983828
1D-CNN,1,1,54,0.7594907380591049
1D-CNN,1,1,55,0.7588855421686747
1D-CNN,1,1,56,0.7582687473209838
1D-CNN,1,1,57,0.757651938182071
1D-CNN,1,1,58,0.7569771887345482
1D-CNN,1,1,59,0.7562560823022383
1D-CNN,1,1,60,0.7555117882175751
1D-CNN,2,1,-60,0.7879742802525633
1D-CNN,2,1,-59,0.788185272718847
1D-CNN,2,1,-58,0.7884078454997278
1D-CNN,2,1,-57,0.788653583261892
1D-CNN,2,1,-56,0.7889572400050974
1D-CNN,2,1,-55,0.7893883225208527
1D-CNN,2,1,-54,0.7898541490483196
1D-CNN,2,1,-53,0.7903083802506893
1D-CNN,2,1,-52,0.7907510165309362
1D-CNN,2,1,-51,0.7912747324035031
1D-CNN,2,1,-50,0.79167101071532
1D-CNN,2,1,-49,0.7921947037972338
1D-CNN,2,1,-48,0.7926488815781852
1D-CNN,2,1,-47,0.7932304698359744
1D-CNN,2,1,-46,0.793835211805998
1D-CNN,2,1,-45,0.7945441908954014
1D-CNN,2,1,-44,0.7951141536643848
1D-CNN,2,1,-43,0.7957072696103414
1D-CNN,2,1,-42,0.7962887887598021
1D-CNN,2,1,-41,0.7968239627493224
1D-CNN,2,1,-40,0.7973591243412289
1D-CNN,2,1,-39,0.797847942920682
1D-CNN,2,1,-38,0.7983714977356174
1D-CNN,2,1,-37,0.7986865574833792
1D-CNN,2,1,-36,0.7990363566870128
1D-CNN,2,1,-35,0.7992934908501274
1D-CNN,2,1,-34,0.7996432749215321
1D-CNN,2,1,-33,0.7999698871927915
1D-CNN,2,1,-32,0.8002964918985905
1D-CNN,2,1,-31,0.800704160103771
1D-CNN,2,1,-30,0.8011581446522671
1D-CNN,2,1,-29,0.8015889560605007
1D-CNN,2,1,-28,0.8021008257380106
1D-CNN,2,1,-27,0.802566359382962
1D-CNN,2,1,-26,0.8030897867954464
1D-CNN,2,1,-25,0.8035552982049797
1D-CNN,2,1,-24,0.8039165730564788
1D-CNN,2,1,-23,0.804416805632759
1D-CNN,2,1,-22,0.8048707051289474
1D-CNN,2,1,-21,0.8053130138731269
1D-CNN,2,1,-20,0.8056742516356898
1D-CNN,2,1,-19,0.806070220945852
1D-CNN,2,1,-18,0.8065703996201813
1D-CNN,2,1,-17,0.806943189976609
1D-CNN,2,1,-16,0.8074433469586262
1D-CNN,2,1,-15,0.8079666512274201
1D-CNN,2,1,-14,0.8085709984831115
1D-CNN,2,1,-13,0.8090132234084435
1D-CNN,2,1,-12,0.8095133332561398
1D-CNN,2,1,-11,0.8102334305960817
1D-CNN,2,1,-10,0.8108377236148903
1D-CNN,2,1,-9,0.8115809462056828
1D-CNN,2,1,-8,0.8123125730892586
1D-CNN,2,1,-7,0.8130789181178214
1D-CNN,2,1,-6,0.8136947284326552
1D-CNN,2,1,-5,0.8143452587704064
1D-CNN,2,1,-4,0.814903150362969
1D-CNN,2,1,-3,0.8155883851248089
1D-CNN,2,1,-2,0.8162157155592604
1D-CNN,2,1,-1,0.8169472294903559
1D-CNN,2,1,0,0.8175629522431259
1D-CNN,2,1,1,0.8180934077384399
1D-CNN,2,1,2,0.8186933416692717
1D-CNN,2,1,3,0.8191890890566387
1D-CNN,2,1,4,0.8196501140429079
1D-CNN,2,1,5,0.8201111497047586
1D-CNN,2,1,6,0.8205490395859626
1D-CNN,2,1,7,0.8210100963319749
1D-CNN,2,1,8,0.8214595852582584
1D-CNN,2,1,9,0.821862770071556
1D-CNN,2,1,10,0.8222659642216176
1D-CNN,2,1,11,0.8226923255059979
1D-CNN,2,1,12,0.822991327304517
1D-CNN,2,1,13,0.8232903360274194
1D-CNN,2,1,14,0.8236819860816804
1D-CNN,2,1,15,0.8239462714219546
1D-CNN,2,1,16,0.8241410854687988
1D-CNN,2,1,17,0.824231686699553
1D-CNN,2,1,18,0.8243222900286022
1D-CNN,2,1,19,0.8245055352262727
1D-CNN,2,1,20,0.8248393260378669
1D-CNN,2,1,21,0.824999420988026
1D-CNN,2,1,22,0.8251826803932695
1D-CNN,2,1,23,0.8252848804891606
1D-CNN,2,1,24,0.8253407603849405
1D-CNN,2,1,25,0.8253618992472496
1D-CNN,2,1,26,0.825522009519508
1D-CNN,2,1,27,0.8256010561912261
1D-CNN,2,1,28,0.8257959164765423
1D-CNN,2,1,29,0.8259444560257568
1D-CNN,2,1,30,0.8260235103364411
1D-CNN,2,1,31,0.8261836375428518
1D-CNN,2,1,32,0.8262395330252598
1D-CNN,2,1,33,0.8262838479534873
1D-CNN,2,1,34,0.8264324017558287
1D-CNN,2,1,35,0.8263608987722956
1D-CNN,2,1,36,0.8261967361215673
1D-CNN,2,1,37,0.8261483935231301
1D-CNN,2,1,38,0.8259958071278826
1D-CNN,2,1,39,0.8258663825055597
1D-CNN,2,1,40,0.8258180344008803
1D-CNN,2,1,41,0.8256075242662219
1D-CNN,2,1,42,0.825397009254862
1D-CNN,2,1,43,0.8251169902237873
1D-CNN,2,1,44,0.8246979648098597
1D-CNN,2,1,45,0.8242905131472258
1D-CNN,2,1,46,0.8238830520450834
1D-CNN,2,1,47,0.8233134093225837
1D-CNN,2,1,48,0.822801672709581
1D-CNN,2,1,49,0.8221740842851516
1D-CNN,2,1,50,0.8216739067477555
1D-CNN,2,1,51,0.8212200546777257
1D-CNN,2,1,52,0.8205460885279705
1D-CNN,2,1,53,0.8198373531660527
1D-CNN,2,1,54,0.8191054320501384
1D-CNN,2,1,55,0.8184430027803522
1D-CNN,2,1,56,0.8178384828369188
1D-CNN,2,1,57,0.8171180981950462
1D-CNN,2,1,58,0.8164208672683249
1D-CNN,2,1,59,0.8156888641735021
1D-CNN,2,1,60,0.8149105022302033
1D-CNN,3,1,-60,0.7832126513352257
1D-CNN,3,1,-59,0.7835858936929422
1D-CNN,3,1,-58,0.7839938830126163
1D-CNN,3,1,-57,0.7843671076716328
1D-CNN,3,1,-56,0.7846476442034778
1D-CNN,3,1,-55,0.7850092678405931
1D-CNN,3,1,-54,0.7854519757648776
1D-CNN,3,1,-53,0.785987349690693
1D-CNN,3,1,-52,0.7864879580181412
1D-CNN,3,1,-51,0.7870812288587183
1D-CNN,3,1,-50,0.7877208224732117
1D-CNN,3,1,-49,0.788175057340778
1D-CNN,3,1,-48,0.7887567041597646
1D-CNN,3,1,-47,0.7892109165044945
1D-CNN,3,1,-46,0.7898272886283868
1D-CNN,3,1,-45,0.7902351442140623
1D-CNN,3,1,-44,0.7907240736236114
1D-CNN,3,1,-43,0.7910392438493259
1D-CNN,3,1,-42,0.7914586542805184
1D-CNN,3,1,-41,0.7918896379178539
1D-CNN,3,1,-40,0.792285863207274
1D-CNN,3,1,-39,0.7928789844329133
1D-CNN,3,1,-38,0.793541587036844
1D-CNN,3,1,-37,0.794192591906229
1D-CNN,3,1,-36,0.794913075203558
1D-CNN,3,1,-35,0.7957030345147093
1D-CNN,3,1,-34,0.7963887376796656
1D-CNN,3,1,-33,0.797016515716569
1D-CNN,3,1,-32,0.7976674426415575
1D-CNN,3,1,-31,0.7982372834244418
1D-CNN,3,1,-30,0.7989113440268689
1D-CNN,3,1,-29,0.7995159011419174
1D-CNN,3,1,-28,0.8001088630757294
1D-CNN,3,1,-27,0.8004933524806597
1D-CNN,3,1,-26,0.8011210320907017
1D-CNN,3,1,-25,0.8017602779386219
1D-CNN,3,1,-24,0.8024342509061853
1D-CNN,3,1,-23,0.803050305725403
1D-CNN,3,1,-22,0.8037010873970795
1D-CNN,3,1,-21,0.8042360516015471
1D-CNN,3,1,-20,0.8049331248914365
1D-CNN,3,1,-19,0.8056301820371485
1D-CNN,3,1,-18,0.8063619625508065
1D-CNN,3,1,-17,0.8071863637416337
1D-CNN,3,1,-16,0.8079296888569807
1D-CNN,3,1,-15,0.8086382584529875
1D-CNN,3,1,-14,0.8092889151353041
1D-CNN,3,1,-13,0.8099858734165489
1D-CNN,3,1,-12,0.8108912381459653
1D-CNN,3,1,-11,0.811738687416053
1D-CNN,3,1,-10,0.8125282232385804
1D-CNN,3,1,-9,0.8134219484519372
1D-CNN,3,1,-8,0.8143156529693054
1D-CNN,3,1,-7,0.815174601704335
1D-CNN,3,1,-6,0.8159409047227594
1D-CNN,3,1,-5,0.8166492995252982
1D-CNN,3,1,-4,0.8174271456854731
1D-CNN,3,1,-3,0.8182512851387024
1D-CNN,3,1,-2,0.8188785847429173
1D-CNN,3,1,-1,0.8194132493574455
1D-CNN,3,1,0,0.8199479015918958
1D-CNN,3,1,1,0.8203278764443004
1D-CNN,3,1,2,0.8208004816319915
1D-CNN,3,1,3,0.8213194090677535
1D-CNN,3,1,4,0.8218383485197578
1D-CNN,3,1,5,0.8223457218941762
1D-CNN,3,1,6,0.8229457328439602
1D-CNN,3,1,7,0.8235341793256762
1D-CNN,3,1,8,0.824168953419709
1D-CNN,3,1,9,0.8248847926267281
1D-CNN,3,1,10,0.8255427545880855
1D-CNN,3,1,11,0.826304941873929
1D-CNN,3,1,12,0.8269050403529289
1D-CNN,3,1,13,0.8274704152289202
1D-CNN,3,1,14,0.8279547480923102
1D-CNN,3,1,15,0.8284275127373785
1D-CNN,3,1,16,0.8288539700552345
1D-CNN,3,1,17,0.8293151763588782
1D-CNN,3,1,18,0.8295216369257848
1D-CNN,3,1,19,0.8298554819584048
1D-CNN,3,1,20,0.8300966938799144
1D-CNN,3,1,21,0.83029159043009
1D-CNN,3,1,22,0.830532812988547
1D-CNN,3,1,23,0.8307740411339634
1D-CNN,3,1,24,0.8309573716575372
1D-CNN,3,1,25,0.8311638679791546
1D-CNN,3,1,26,0.8314051118136864
1D-CNN,3,1,27,0.8314726455737249
1D-CNN,3,1,28,0.8315054373631974
1D-CNN,3,1,29,0.8315034859750307
1D-CNN,3,1,30,0.8314552087555735
1D-CNN,3,1,31,0.8314069304178634
1D-CNN,3,1,32,0.831300742387918
1D-CNN,3,1,33,0.8312177155961178
1D-CNN,3,1,34,0.8310304490334836
1D-CNN,3,1,35,0.8307736854296965
1D-CNN,3,1,36,0.8304010933645282
1D-CNN,3,1,37,0.8300400750538581
1D-CNN,3,1,38,0.8296558833408619
1D-CNN,3,1,39,0.8294801704966642
1D-CNN,3,1,40,0.8292349568541147
1D-CNN,3,1,41,0.8288854912317279
1D-CNN,3,1,42,0.8284896852883602
1D-CNN,3,1,43,0.8280591206041792
1D-CNN,3,1,44,0.8276864625684864
1D-CNN,3,1,45,0.8272558786053515
1D-CNN,3,1,46,0.8269874549687822
1D-CNN,3,1,47,0.8265916041145399
1D-CNN,3,1,48,0.8261609925052417
1D-CNN,3,1,49,0.8255450269907096
1D-CNN,3,1,50,0.8249174630755864
1D-CNN,3,1,51,0.8241740419813725
1D-CNN,3,1,52,0.8232915908853955
1D-CNN,3,1,53,0.8224322884085169
1D-CNN,3,1,54,0.821665643354456
1D-CNN,3,1,55,0.8208178869323448
1D-CNN,3,1,56,0.819981695802778
1D-CNN,3,1,57,0.8191454852985472
1D-CNN,3,1,58,0.8183440110291136
1D-CNN,3,1,59,0.8174498354882062
1D-CNN,3,1,60,0.8167525922493194
1D-CNN,4,1,-60,0.7936279904999131
1D-CNN,4,1,-59,0.7941169655683766
1D-CNN,4,1,-58,0.7945480032901978
1D-CNN,4,1,-57,0.7949558608864895
1D-CNN,4,1,-56,0.7952826144881197
1D-CNN,4,1,-55,0.7955282669138091
1D-CNN,4,1,-54,0.7959013449797847
1D-CNN,4,1,-53,0.796204907207896
1D-CNN,4,1,-52,0.7964505404121729
1D-CNN,4,1,-51,0.7967772577730411
1D-CNN,4,1,-50,0.797022878656241
1D-CNN,4,1,-49,0.7973843338044159
1D-CNN,4,1,-48,0.797676277410312
1D-CNN,4,1,-47,0.7980377166156982
1D-CNN,4,1,-46,0.7983991474475552
1D-CNN,4,1,-45,0.7987142360708908
1D-CNN,4,1,-44,0.7990524840439703
1D-CNN,4,1,-43,0.7992169763239587
1D-CNN,4,1,-42,0.7994972953563527
1D-CNN,4,1,-41,0.7996965274399426
1D-CNN,4,1,-40,0.7999536688480917
1D-CNN,4,1,-39,0.8003845441067458
1D-CNN,4,1,-38,0.8007806618251735
1D-CNN,4,1,-37,0.8013041766082142
1D-CNN,4,1,-36,0.8018276792642954
1D-CNN,4,1,-35,0.8023859161454714
1D-CNN,4,1,-34,0.8029673040618015
1D-CNN,4,1,-33,0.8035255148131848
1D-CNN,4,1,-32,0.8041995297823796
1D-CNN,4,1,-31,0.8049893449457982
1D-CNN,4,1,-30,0.8056749087961086
1D-CNN,4,1,-29,0.8063257128297778
1D-CNN,4,1,-28,0.8069070147196776
1D-CNN,4,1,-27,0.8074419789688239
1D-CNN,4,1,-26,0.8080464162873918
1D-CNN,4,1,-25,0.8088245512449335
1D-CNN,4,1,-24,0.8095100230454771
1D-CNN,4,1,-23,0.8102533815082453
1D-CNN,4,1,-22,0.8109735620071103
1D-CNN,4,1,-21,0.8116821455867708
1D-CNN,4,1,-20,0.8126223148630652
1D-CNN,4,1,-19,0.8133424429107415
1D-CNN,4,1,-18,0.8140278147689244
1D-CNN,4,1,-17,0.8147131707543018
1D-CNN,4,1,-16,0.8153985108674255
1D-CNN,4,1,-15,0.8158754052802223
1D-CNN,4,1,-14,0.816444923055546
1D-CNN,4,1,-13,0.8171765359764711
1D-CNN,4,1,-12,0.8179197109873441
1D-CNN,4,1,-11,0.8186628687879209
1D-CNN,4,1,-10,0.8193712730851618
1D-CNN,4,1,-9,0.8201607113910566
1D-CNN,4,1,-8,0.8210543378836824
1D-CNN,4,1,-7,0.8219247869581326
1D-CNN,4,1,-6,0.8227952158760666
1D-CNN,4,1,-5,0.8237466712979044
1D-CNN,4,1,-4,0.8247212606083061
1D-CNN,4,1,-3,0.8257305608298986
1D-CNN,4,1,-2,0.8267514153728596
1D-CNN,4,1,-1,0.8277606687197536
1D-CNN,4,1,0,0.8287351664254703
1D-CNN,4,1,1,0.8296709657998935
1D-CNN,4,1,2,0.8306299422273165
1D-CNN,4,1,3,0.8314963182512851
1D-CNN,4,1,4,0.8324206041379629
1D-CNN,4,1,5,0.833310177144842
1D-CNN,4,1,6,0.8342345054359782
1D-CNN,4,1,7,0.835205168580956
1D-CNN,4,1,8,0.8361295402179073
1D-CNN,4,1,9,0.8370770905217331
1D-CNN,4,1,10,0.8378972963584785
1D-CNN,4,1,11,0.838682784493539
1D-CNN,4,1,12,0.8396882924400496
1D-CNN,4,1,13,0.8405664528380538
1D-CNN,4,1,14,0.8414098956704994
1D-CNN,4,1,15,0.84219546086151
1D-CNN,4,1,16,0.8429115668314825
1D-CNN,4,1,17,0.8434308344334052
1D-CNN,4,1,18,0.8440080132473338
1D-CNN,4,1,19,0.8445273055722822
1D-CNN,4,1,20,0.8450350298187713
1D-CNN,4,1,21,0.8454732843875211
1D-CNN,4,1,22,0.8459347098537399
1D-CNN,4,1,23,0.8463150824532147
1D-CNN,4,1,24,0.8466375606536114
1D-CNN,4,1,25,0.8469716270990156
1D-CNN,4,1,26,0.8473983485622301
1D-CNN,4,1,27,0.8477324315560291
1D-CNN,4,1,28,0.8479738728618249
1D-CNN,4,1,29,0.8480879253236977
1D-CNN,4,1,30,0.8482598876599687
1D-CNN,4,1,31,0.8484550171407393
1D-CNN,4,1,32,0.8486269877118006
1D-CNN,4,1,33,0.8487873804174099
1D-CNN,4,1,34,0.8489361948552832
1D-CNN,4,1,35,0.8488186240444753
1D-CNN,4,1,36,0.8487473795156303
1D-CNN,4,1,37,0.8487108804929463
1D-CNN,4,1,38,0.8486048855067931
1D-CNN,4,1,39,0.8485568013343218
1D-CNN,4,1,40,0.8485897955637922
1D-CNN,4,1,41,0.8486807051682999
1D-CNN,4,1,42,0.8486673693720825
1D-CNN,4,1,43,0.848677199647871
1D-CNN,4,1,44,0.8485943635542273
1D-CNN,4,1,45,0.8485115255415266
1D-CNN,4,1,46,0.8482549317147192
1D-CNN,4,1,47,0.8480446668520063
1D-CNN,4,1,48,0.8479386518702144
1D-CNN,4,1,49,0.8476009545212335
1D-CNN,4,1,50,0.8472516652186505
1D-CNN,4,1,51,0.8469023678235484
1D-CNN,4,1,52,0.8464256339561879
1D-CNN,4,1,53,0.8459257199786845
1D-CNN,4,1,54,0.8453331170862247
1D-CNN,4,1,55,0.8448100092678406
1D-CNN,4,1,56,0.844298474264067
1D-CNN,4,1,57,0.8436826617854909
1D-CNN,4,1,58,0.8430204942247761
1D-CNN,4,1,59,0.842532091385143
1D-CNN,4,1,60,0.8419046515669351
1D-CNN,5,1,-60,0.7908938191507849
1D-CNN,5,1,-59,0.791232216506789
1D-CNN,5,1,-58,0.7915358504118539
1D-CNN,5,1,-57,0.7919437429041452
1D-CNN,5,1,-56,0.792305286205818
1D-CNN,5,1,-55,0.792759499536608
1D-CNN,5,1,-54,0.7932252870101134
1D-CNN,5,1,-53,0.7935983874330993
1D-CNN,5,1,-52,0.7940294012024606
1D-CNN,5,1,-51,0.7944951577776748
1D-CNN,5,1,-50,0.7950072400810889
1D-CNN,5,1,-49,0.7955308945161365
1D-CNN,5,1,-48,0.7960892884033964
1D-CNN,5,1,-47,0.7966129181725512
1D-CNN,5,1,-46,0.7972755389266643
1D-CNN,5,1,-45,0.7978107262828681
1D-CNN,5,1,-44,0.7982648179680532
1D-CNN,5,1,-43,0.7987768150859472
1D-CNN,5,1,-42,0.7991961358924166
1D-CNN,5,1,-41,0.7996154469849653
1D-CNN,5,1,-40,0.7999420860601146
1D-CNN,5,1,-39,0.8003845441067458
1D-CNN,5,1,-38,0.8007574967858508
1D-CNN,5,1,-37,0.8011767703676249
1D-CNN,5,1,-36,0.801607616488493
1D-CNN,5,1,-35,0.8018994672226083
1D-CNN,5,1,-34,0.8022492211116388
1D-CNN,5,1,-33,0.8025294758055176
1D-CNN,5,1,-32,0.8029023777260461
1D-CNN,5,1,-31,0.8033215973316038
1D-CNN,5,1,-30,0.8037871330129133
1D-CNN,5,1,-29,0.80416000741204
1D-CNN,5,1,-28,0.8046486849572075
1D-CNN,5,1,-27,0.805079445962848
1D-CNN,5,1,-26,0.8055912633614749
1D-CNN,5,1,-25,0.8060914881297047
1D-CNN,5,1,-24,0.8067190883718776
1D-CNN,5,1,-23,0.8073350935705021
1D-CNN,5,1,-22,0.8079626648755689
1D-CNN,5,1,-21,0.8084628390115107
1D-CNN,5,1,-20,0.8091135429332407
1D-CNN,5,1,-19,0.8098221316411135
1D-CNN,5,1,-18,0.8104843845895526
1D-CNN,5,1,-17,0.8111118830913175
1D-CNN,5,1,-16,0.811843583181834
1D-CNN,5,1,-15,0.8125173691523854
1D-CNN,5,1,-14,0.8133300911290976
1D-CNN,5,1,-13,0.8140733192839443
1D-CNN,5,1,-12,0.8148512673251277
1D-CNN,5,1,-11,0.8157449863368996
1D-CNN,5,1,-10,0.8165344757714352
1D-CNN,5,1,-9,0.8174281545978742
1D-CNN,5,1,-8,0.8183565482186483
1D-CNN,5,1,-7,0.8192501852537977
1D-CNN,5,1,-6,0.8200280193124848
1D-CNN,5,1,-5,0.8209679286789394
1D-CNN,5,1,-4,0.8219309722013176
1D-CNN,5,1,-3,0.8229634603806789
1D-CNN,5,1,-2,0.8240190800365855
1D-CNN,5,1,-1,0.8250862528075579
1D-CNN,5,1,0,0.8261186685962373
1D-CNN,5,1,1,0.8271354805844351
1D-CNN,5,1,2,0.828163893809408
1D-CNN,5,1,3,0.829064974760339
1D-CNN,5,1,4,0.829873452895069
1D-CNN,5,1,5,0.830716684033808
1D-CNN,5,1,6,0.8315020435572948
1D-CNN,5,1,7,0.8323105779918488
1D-CNN,5,1,8,0.8330149246818808
1D-CNN,5,1,9,0.8336729731607345
1D-CNN,5,1,10,0.8341573554101778
1D-CNN,5,1,11,0.8346417488768468
1D-CNN,5,1,12,0.8351261535611315
1D-CNN,5,1,13,0.8356221486301846
1D-CNN,5,1,14,0.8361644723891571
1D-CNN,5,1,15,0.8366141732283464
1D-CNN,5,1,16,0.8371449414652786
1D-CNN,5,1,17,0.837617823479006
1D-CNN,5,1,18,0.8381370357932767
1D-CNN,5,1,19,0.8385404604196581
1D-CNN,5,1,20,0.8390365352324706
1D-CNN,5,1,21,0.8394631400977373
1D-CNN,5,1,22,0.8398086922284113
1D-CNN,5,1,23,0.8400500277932185
1D-CNN,5,1,24,0.8402682076640687
1D-CNN,5,1,25,0.8404284887087435
1D-CNN,5,1,26,0.8405308689156794
1D-CNN,5,1,27,0.8406100894056608
1D-CNN,5,1,28,0.8404461069869249
1D-CNN,5,1,29,0.8403979338938689
1D-CNN,5,1,30,0.8404192483641206
1D-CNN,5,1,31,0.840533215973316
1D-CNN,5,1,32,0.8405197873597164
1D-CNN,5,1,33,0.840517940283987
1D-CNN,5,1,34,0.8406203310130761
1D-CNN,5,1,35,0.840699559879546
1D-CNN,5,1,36,0.8407903728326712
1D-CNN,5,1,37,0.8409275174314902
1D-CNN,5,1,38,0.8410067526089625
1D-CNN,5,1,39,0.8411670681986657
1D-CNN,5,1,40,0.841026235014768
1D-CNN,5,1,41,0.8408738156462112
1D-CNN,5,1,42,0.8406403113525535
1D-CNN,5,1,43,0.8404299680303943
1D-CNN,5,1,44,0.8400342866409517
1D-CNN,5,1,45,0.839696513378895
1D-CNN,5,1,46,0.83927764714059
1D-CNN,5,1,47,0.838905106106941
1D-CNN,5,1,48,0.838648395056008
1D-CNN,5,1,49,0.8382990060931816
1D-CNN,5,1,50,0.8378801042571676
1D-CNN,5,1,51,0.8371600018534823
1D-CNN,5,1,52,0.8364862203584212
1D-CNN,5,1,53,0.8359514376404624
1D-CNN,5,1,54,0.8354282271984801
1D-CNN,5,1,55,0.8349281742354031
1D-CNN,5,1,56,0.8343122603366582
1D-CNN,5,1,57,0.8335573113371487
1D-CNN,5,1,58,0.8328371004552985
1D-CNN,5,1,59,0.8321168728856759
1D-CNN,5,1,60,0.8314082140995191
1D-CNN,6,1,-60,0.7804668945142791
1D-CNN,6,1,-59,0.7807359006441448
1D-CNN,6,1,-58,0.7811670933883245
1D-CNN,6,1,-57,0.7815519358650571
1D-CNN,6,1,-56,0.7818788447502867
1D-CNN,6,1,-55,0.782078313253012
1D-CNN,6,1,-54,0.7824515471322158
1D-CNN,6,1,-53,0.7829058640902666
1D-CNN,6,1,-52,0.7833717549204731
1D-CNN,6,1,-51,0.7836870395255086
1D-CNN,6,1,-50,0.7839675644367217
1D-CNN,6,1,-49,0.784213330862081
1D-CNN,6,1,-48,0.7845865140685996
1D-CNN,6,1,-47,0.7849365211750533
1D-CNN,6,1,-46,0.785309687358825
1D-CNN,6,1,-45,0.7857986794856944
1D-CNN,6,1,-44,0.7862876602842548
1D-CNN,6,1,-43,0.7866723810406339
1D-CNN,6,1,-42,0.7871150081660547
1D-CNN,6,1,-41,0.7876271225704821
1D-CNN,6,1,-40,0.788092893959576
1D-CNN,6,1,-39,0.788512323943662
1D-CNN,6,1,-38,0.7890359868885878
1D-CNN,6,1,-37,0.7894785610044245
1D-CNN,6,1,-36,0.789955871622326
1D-CNN,6,1,-35,0.7903868427148483
1D-CNN,6,1,-34,0.7908409677905051
1D-CNN,6,1,-33,0.7912255912533877
1D-CNN,6,1,-32,0.7915291338035509
1D-CNN,6,1,-31,0.7920527193551375
1D-CNN,6,1,-30,0.7925647113324454
1D-CNN,6,1,-29,0.7929377157019434
1D-CNN,6,1,-28,0.7932412243621666
1D-CNN,6,1,-27,0.7937763468754343
1D-CNN,6,1,-26,0.7940798387937325
1D-CNN,6,1,-25,0.7946496815286624
1D-CNN,6,1,-24,0.795207930423504
1D-CNN,6,1,-23,0.7959630350194552
1D-CNN,6,1,-22,0.7967528632473684
1D-CNN,6,1,-21,0.7975310929430021
1D-CNN,6,1,-20,0.7982861444039141
1D-CNN,6,1,-19,0.7992496178609477
1D-CNN,6,1,-18,0.8000856907951874
1D-CNN,6,1,-17,0.8008638458509924
1D-CNN,6,1,-16,0.8016651420234139
1D-CNN,6,1,-15,0.8025822139879574
1D-CNN,6,1,-14,0.8034992647143966
1D-CNN,6,1,-13,0.8044394525369954
1D-CNN,6,1,-12,0.8054375137501013
1D-CNN,6,1,-11,0.8063197628641564
1D-CNN,6,1,-10,0.8071788340184103
1D-CNN,6,1,-9,0.8080378852789292
1D-CNN,6,1,-8,0.8088969166464043
1D-CNN,6,1,-7,0.8098485550203779
1D-CNN,6,1,-6,0.8108117495860784
1D-CNN,6,1,-5,0.8118212342248466
1D-CNN,6,1,-4,0.8128770073288488
1D-CNN,6,1,-3,0.8139327559857361
1D-CNN,6,1,-2,0.8149074363516376
1D-CNN,6,1,-1,0.8159399819390094
1D-CNN,6,1,0,0.8169030390738061
1D-CNN,6,1,1,0.8176881932062889
1D-CNN,6,1,2,0.818589142440346
1D-CNN,6,1,3,0.8194438012318807
1D-CNN,6,1,4,0.820460571256556
1D-CNN,6,1,5,0.8213384276948015
1D-CNN,6,1,6,0.8221815697761928
1D-CNN,6,1,7,0.8229436828454983
1D-CNN,6,1,8,0.8238215985272153
1D-CNN,6,1,9,0.8246995345390548
1D-CNN,6,1,10,0.8255543333526313
1D-CNN,6,1,11,0.8264207308600806
1D-CNN,6,1,12,0.8272987274643077
1D-CNN,6,1,13,0.828107269400894
1D-CNN,6,1,14,0.8290200437697571
1D-CNN,6,1,15,0.8297823066234368
1D-CNN,6,1,16,0.8303477344573235
1D-CNN,6,1,17,0.8309479144954723
1D-CNN,6,1,18,0.831443889898908
1D-CNN,6,1,19,0.8320093566167955
1D-CNN,6,1,20,0.8324821955879799
1D-CNN,6,1,21,0.833012946707738
1D-CNN,6,1,22,0.8336131923615856
1D-CNN,6,1,23,0.8341671298869743
1D-CNN,6,1,24,0.8347674028094637
1D-CNN,6,1,25,0.8351823972206138
1D-CNN,6,1,26,0.8354121066833432
1D-CNN,6,1,27,0.8356765645990643
1D-CNN,6,1,28,0.8358599603923703
1D-CNN,6,1,29,0.8360549417459987
1D-CNN,6,1,30,0.8363541606346633
1D-CNN,6,1,31,0.8366186417122209
1D-CNN,6,1,32,0.8367904751977577
1D-CNN,6,1,33,0.8368696578721827
1D-CNN,6,1,34,0.8369372603977253
1D-CNN,6,1,35,0.8370743571924948
1D-CNN,6,1,36,0.8372230394144013
1D-CNN,6,1,37,0.8374064722370219
1D-CNN,6,1,38,0.8373119288369992
1D-CNN,6,1,39,0.8372405485544848
1D-CNN,6,1,40,0.8371344182544739
1D-CNN,6,1,41,0.8371556976394005
1D-CNN,6,1,42,0.8370263977853196
1D-CNN,6,1,43,0.8368623453644072
1D-CNN,6,1,44,0.8365940392211373
1D-CNN,6,1,45,0.836499478744353
1D-CNN,6,1,46,0.8363354145188755
1D-CNN,6,1,47,0.8361481790380872
1D-CNN,6,1,48,0.8358682683285646
1D-CNN,6,1,49,0.8355420151518662
1D-CNN,6,1,50,0.835099913119027
1D-CNN,6,1,51,0.834611463787591
1D-CNN,6,1,52,0.8340534967505763
1D-CNN,6,1,53,0.8335186858506523
1D-CNN,6,1,54,0.8328448465610917
1D-CNN,6,1,55,0.8321825764596849
1D-CNN,6,1,56,0.8315434608834671
1D-CNN,6,1,57,0.8308811603605274
1D-CNN,6,1,58,0.8301725036783021
1D-CNN,6,1,59,0.8294406599008295
1D-CNN,6,1,60,0.8285466025603893
1D-CNN,7,2,-60,0.7440074147019637
1D-CNN,7,2,-59,0.7436048936466009
1D-CNN,7,2,-58,0.7432139671211928
1D-CNN,7,2,-57,0.7428230496536065
1D-CNN,7,2,-56,0.7422815370891692
1D-CNN,7,2,-55,0.7417632066728452
1D-CNN,7,2,-54,0.7412796422654974
1D-CNN,7,2,-53,0.7408655962558791
1D-CNN,7,2,-52,0.7403936378485456
1D-CNN,7,2,-51,0.7399332746397294
1D-CNN,7,2,-50,0.7394729220967274
1D-CNN,7,2,-49,0.7390357482102727
1D-CNN,7,2,-48,0.7386449198975986
1D-CNN,7,2,-47,0.7381730145491613
1D-CNN,7,2,-46,0.7376779529474452
1D-CNN,7,2,-45,0.7372524035677053
1D-CNN,7,2,-44,0.7368847806697478
1D-CNN,7,2,-43,0.7363781680025946
1D-CNN,7,2,-42,0.7359526484658242
1D-CNN,7,2,-41,0.7353418120323395
1D-CNN,7,2,-40,0.7348352348410262
1D-CNN,7,2,-39,0.7344676612305412
1D-CNN,7,2,-38,0.7340769310955906
1D-CNN,7,2,-37,0.7336630452407978
1D-CNN,7,2,-36,0.733249168973465
1D-CNN,7,2,-35,0.7328237201760481
1D-CNN,7,2,-34,0.7324561911490486
1D-CNN,7,2,-33,0.7320075976928957
1D-CNN,7,2,-32,0.7315590146277058
1D-CNN,7,2,-31,0.7310988603724636
1D-CNN,7,2,-30,0.7304765765244079
1D-CNN,7,2,-29,0.7298774697148681
1D-CNN,7,2,-28,0.7293478638516683
1D-CNN,7,2,-27,0.7289109186084217
1D-CNN,7,2,-26,0.7284971453056781
1D-CNN,7,2,-25,0.7280254777070063
1D-CNN,7,2,-24,0.7275654016745609
1D-CNN,7,2,-23,0.7271632388363906
1D-CNN,7,2,-22,0.7267147638182808
1D-CNN,7,2,-21,0.7262894596660259
1D-CNN,7,2,-20,0.7259104857854206
1D-CNN,7,2,-19,0.725485200796702
1D-CNN,7,2,-18,0.7250946651690077
1D-CNN,7,2,-17,0.7246693994765974
1D-CNN,7,2,-16,0.7242673027709908
1D-CNN,7,2,-15,0.7238304770727189
1D-CNN,7,2,-14,0.7233010270839847
1D-CNN,7,2,-13,0.7227947476899562
1D-CNN,7,2,-12,0.7222769009876915
1D-CNN,7,2,-11,0.7218864341623825
1D-CNN,7,2,-10,0.7215191339084119
1D-CNN,7,2,-9,0.7211286848991502
1D-CNN,7,2,-8,0.7206340384637651
1D-CNN,7,2,-7,0.7201741385698407
1D-CNN,7,2,-6,0.7197489840104667
1D-CNN,7,2,-5,0.7192775269190691
1D-CNN,7,2,-4,0.7186903011427447
1D-CNN,7,2,-3,0.7181609780947529
1D-CNN,7,2,-2,0.7175969342271311
1D-CNN,7,2,-1,0.7170329034200107
1D-CNN,7,2,0,0.7164804630969609
1D-CNN,7,2,1,0.7160372334267256
1D-CNN,7,2,2,0.7155245273407199
1D-CNN,7,2,3,0.7150696985134071
1D-CNN,7,2,4,0.7146264371143092
1D-CNN,7,2,5,0.7140442283200186
1D-CNN,7,2,6,0.7136009447834293
1D-CNN,7,2,7,0.713099759170063
1D-CNN,7,2,8,0.7127838178934084
1D-CNN,7,2,9,0.7124678693004192
1D-CNN,7,2,10,0.7121982284490245
1D-CNN,7,2,11,0.7118012134685748
1D-CNN,7,2,12,0.7114389263920892
1D-CNN,7,2,13,0.711099789259165
1D-CNN,7,2,14,0.710818540776508
1D-CNN,7,2,15,0.7106299212598425
1D-CNN,7,2,16,0.7104412973749117
1D-CNN,7,2,17,0.7103105676370458
1D-CNN,7,2,18,0.7100061373137093
1D-CNN,7,2,19,0.7097827597387558
1D-CNN,7,2,20,0.7094667361472989
1D-CNN,7,2,21,0.7091854459550223
1D-CNN,7,2,22,0.7089852118629347
1D-CNN,7,2,23,0.7086228460255698
1D-CNN,7,2,24,0.7082257298699494
1D-CNN,7,2,25,0.7078517660683266
1D-CNN,7,2,26,0.7075588599752168
1D-CNN,7,2,27,0.7072659470977903
1D-CNN,7,2,28,0.7070193521488877
1D-CNN,7,2,29,0.7065990318022838
1D-CNN,7,2,30,0.7062250275059355
1D-CNN,7,2,31,0.7056541276753451
1D-CNN,7,2,32,0.7051990317686436
1D-CNN,7,2,33,0.7046975979245327
1D-CNN,7,2,34,0.7041150785837551
1D-CNN,7,2,35,0.703544127866574
1D-CNN,7,2,36,0.7029847461749615
1D-CNN,7,2,37,0.7023906043688758
1D-CNN,7,2,38,0.7018543613977785
1D-CNN,7,2,39,0.7013296886582654
1D-CNN,7,2,40,0.7008397521283373
1D-CNN,7,2,41,0.700372970092895
1D-CNN,7,2,42,0.6999525094691486
1D-CNN,7,2,43,0.699578371866747
1D-CNN,7,2,44,0.6990768090257266
1D-CNN,7,2,45,0.6986447353179659
1D-CNN,7,2,46,0.6981431500422801
1D-CNN,7,2,47,0.6976878880548605
1D-CNN,7,2,48,0.6973252864109722
1D-CNN,7,2,49,0.6968352524152631
1D-CNN,7,2,50,0.6963799594555459
1D-CNN,7,2,51,0.6959825772670405
1D-CNN,7,2,52,0.6955504326772702
1D-CNN,7,2,53,0.6951530316721114
1D-CNN,7,2,54,0.6948598834582547
1D-CNN,7,2,55,0.6945667284522706
1D-CNN,7,2,56,0.6941577173044173
1D-CNN,7,2,57,0.6937718668180449
1D-CNN,7,2,58,0.6933280813744686
1D-CNN,7,2,59,0.6929306269984707
1D-CNN,7,2,60,0.6925795053003534
1D-CNN,8,2,-60,0.48428430747842205
1D-CNN,8,2,-59,0.483444552574262
1D-CNN,8,2,-58,0.4825932319241864
1D-CNN,8,2,-57,0.4817651011376538
1D-CNN,8,2,-56,0.4810064991485073
1D-CNN,8,2,-55,0.4803290083410565
1D-CNN,8,2,-54,0.47965153323061593
1D-CNN,8,2,-53,0.4790088274136373
1D-CNN,8,2,-52,0.47822712370978765
1D-CNN,8,2,-51,0.47756128075622073
1D-CNN,8,2,-50,0.4769186214885607
1D-CNN,8,2,-49,0.4762759771100248
1D-CNN,8,2,-48,0.47566809920418873
1D-CNN,8,2,-47,0.47509498656287646
1D-CNN,8,2,-46,0.4745682215709669
1D-CNN,8,2,-45,0.4741225529943241
1D-CNN,8,2,-44,0.4738622279366624
1D-CNN,8,2,-43,0.4736134921002641
1D-CNN,8,2,-42,0.4734226773076344
1D-CNN,8,2,-41,0.47316236940255285
1D-CNN,8,2,-40,0.4728673191637227
1D-CNN,8,2,-39,0.47258385841363976
1D-CNN,8,2,-38,0.47224249163162957
1D-CNN,8,2,-37,0.47199379184136764
1D-CNN,8,2,-36,0.47162927529853255
1D-CNN,8,2,-35,0.471241602965022
1D-CNN,8,2,-34,0.47078444771313743
1D-CNN,8,2,-33,0.47033888489958536
1D-CNN,8,2,-32,0.4698701689772188
1D-CNN,8,2,-31,0.4693319744278699
1D-CNN,8,2,-30,0.4687706294516185
1D-CNN,8,2,-29,0.46810506566604126
1D-CNN,8,2,-28,0.4675669102574496
1D-CNN,8,2,-27,0.4669361189604855
1D-CNN,8,2,-26,0.4663169231838238
1D-CNN,8,2,-25,0.46576722640416907
1D-CNN,8,2,-24,0.4652522842815949
1D-CNN,8,2,-23,0.4647720956086715
1D-CNN,8,2,-22,0.4642455965629451
1D-CNN,8,2,-21,0.46375385042962686
1D-CNN,8,2,-20,0.4633200162121475
1D-CNN,8,2,-19,0.46296725184121545
1D-CNN,8,2,-18,0.4626144956401913
1D-CNN,8,2,-17,0.4622501679056949
1D-CNN,8,2,-16,0.46190900774673166
1D-CNN,8,2,-15,0.4615215377489579
1D-CNN,8,2,-14,0.461157235326131
1D-CNN,8,2,-13,0.46088557467404645
1D-CNN,8,2,-12,0.4607065525745979
1D-CNN,8,2,-11,0.4605043768236765
1D-CNN,8,2,-10,0.4602095756382794
1D-CNN,8,2,-9,0.4599958316930273
1D-CNN,8,2,-8,0.45982840668310815
1D-CNN,8,2,-7,0.45964940718784736
1D-CNN,8,2,-6,0.4594240989243826
1D-CNN,8,2,-5,0.4591756396897071
1D-CNN,8,2,-4,0.45890403028794385
1D-CNN,8,2,-3,0.4586903163062103
1D-CNN,8,2,-2,0.45859238419413473
1D-CNN,8,2,-1,0.4583555236529511
1D-CNN,8,2,0,0.4581070911722142
1D-CNN,8,2,1,0.4578576886563086
1D-CNN,8,2,2,0.45761985805749483
1D-CNN,8,2,3,0.45735886629926364
1D-CNN,8,2,4,0.45715575829850297
1D-CNN,8,2,5,0.4569063332175524
1D-CNN,8,2,6,0.45663374590420175
1D-CNN,8,2,7,0.456314838829196
1D-CNN,8,2,8,0.45593803188717913
1D-CNN,8,2,9,0.4555264803279068
1D-CNN,8,2,10,0.45516123429630057
1D-CNN,8,2,11,0.45484229540086146
1D-CNN,8,2,12,0.45438440072716324
1D-CNN,8,2,13,0.4540538662837822
1D-CNN,8,2,14,0.4537464827873693
1D-CNN,8,2,15,0.453520148216767
1D-CNN,8,2,16,0.4532474901284174
1D-CNN,8,2,17,0.45290534750688993
1D-CNN,8,2,18,0.4525747767986382
1D-CNN,8,2,19,0.4523831580897679
1D-CNN,8,2,20,0.45212205431069424
1D-CNN,8,2,21,0.4518377840053732
1D-CNN,8,2,22,0.45158824823688815
1D-CNN,8,2,23,0.4513850287196591
1D-CNN,8,2,24,0.4511586432120068
1D-CNN,8,2,25,0.45102489866821077
1D-CNN,8,2,26,0.4509490555767872
1D-CNN,8,2,27,0.4508732107286793
1D-CNN,8,2,28,0.4507047146976733
1D-CNN,8,2,29,0.45067519051258886
1D-CNN,8,2,30,0.45057617696450286
1D-CNN,8,2,31,0.45046557954229594
1D-CNN,8,2,32,0.4503897247026395
1D-CNN,8,2,33,0.4502559588612726
1D-CNN,8,2,34,0.4501685178536269
1D-CNN,8,2,35,0.4499652536483669
1D-CNN,8,2,36,0.4497156557291606
1D-CNN,8,2,37,0.4493386457874864
1D-CNN,8,2,38,0.44901953971066866
1D-CNN,8,2,39,0.44871200889547813
1D-CNN,8,2,40,0.44846238489604445
1D-CNN,8,2,41,0.4482243380359997
1D-CNN,8,2,42,0.44796311954872414
1D-CNN,8,2,43,0.4478177269147014
1D-CNN,8,2,44,0.44762599761383515
1D-CNN,8,2,45,0.4473647631182671
1D-CNN,8,2,46,0.4471498569426265
1D-CNN,8,2,47,0.4469349457881568
1D-CNN,8,2,48,0.44666211034786335
1D-CNN,8,2,49,0.44636610059541737
1D-CNN,8,2,50,0.44613958876339416
1D-CNN,8,2,51,0.4458899031555535
1D-CNN,8,2,52,0.44561704296653265
1D-CNN,8,2,53,0.4452978383262668
1D-CNN,8,2,54,0.4449902109567776
1D-CNN,8,2,55,0.4445898980537535
1D-CNN,8,2,56,0.4442475005502844
1D-CNN,8,2,57,0.44393985032090644
1D-CNN,8,2,58,0.44350475572598674
1D-CNN,8,2,59,0.44315074841280877
1D-CNN,8,2,60,0.44288941667149395
1D-CNN,9,2,-60,0.7805364073451891
1D-CNN,9,2,-59,0.7794962695212938
1D-CNN,9,2,-58,0.7786183486451105
1D-CNN,9,2,-57,0.7776593526263352
1D-CNN,9,2,-56,0.7766656240225212
1D-CNN,9,2,-55,0.7756835032437442
1D-CNN,9,2,-54,0.7748404212184752
1D-CNN,9,2,-53,0.7740321123236255
1D-CNN,9,2,-52,0.7732469909525851
1D-CNN,9,2,-51,0.7723807979240999
1D-CNN,9,2,-50,0.7715725456125109
1D-CNN,9,2,-49,0.7708222320042629
1D-CNN,9,2,-48,0.7701066873631657
1D-CNN,9,2,-47,0.769356408117876
1D-CNN,9,2,-46,0.7685482282894508
1D-CNN,9,2,-45,0.7677979844781652
1D-CNN,9,2,-44,0.7670130080735773
1D-CNN,9,2,-43,0.7662512162349998
1D-CNN,9,2,-42,0.7655241912130935
1D-CNN,9,2,-41,0.7648319317997544
1D-CNN,9,2,-40,0.7641049400590723
1D-CNN,9,2,-39,0.7633663825055597
1D-CNN,9,2,-38,0.7626394245804232
1D-CNN,9,2,-37,0.7619588130371331
1D-CNN,9,2,-36,0.761312964013945
1D-CNN,9,2,-35,0.7604354876071345
1D-CNN,9,2,-34,0.7596854333398965
1D-CNN,9,2,-33,0.7590627967848788
1D-CNN,9,2,-32,0.7583822660783156
1D-CNN,9,2,-31,0.7578291485221903
1D-CNN,9,2,-30,0.7572644623313451
1D-CNN,9,2,-29,0.7566882079077201
1D-CNN,9,2,-28,0.7560656421184291
1D-CNN,9,2,-27,0.7555125770139436
1D-CNN,9,2,-26,0.7547510683389501
1D-CNN,9,2,-25,0.7542675159235669
1D-CNN,9,2,-24,0.7537144908570833
1D-CNN,9,2,-23,0.7531846396146007
1D-CNN,9,2,-22,0.7526548006438688
1D-CNN,9,2,-21,0.7520439122681057
1D-CNN,9,2,-20,0.7515604191998148
1D-CNN,9,2,-19,0.7510306174440687
1D-CNN,9,2,-18,0.7504776682839839
1D-CNN,9,2,-17,0.7498089348989092
1D-CNN,9,2,-16,0.749371808381292
1D-CNN,9,2,-15,0.7488304770727189
1D-CNN,9,2,-14,0.7482081031947291
1D-CNN,9,2,-13,0.7475973228966444
1D-CNN,9,2,-12,0.7469633986776745
1D-CNN,9,2,-11,0.7464684359223751
1D-CNN,9,2,-10,0.7459619058646443
1D-CNN,9,2,-9,0.7454785447977214
1D-CNN,9,2,-8,0.7450183519168201
1D-CNN,9,2,-7,0.7445118562430529
1D-CNN,9,2,-6,0.744097998124327
1D-CNN,9,2,-5,0.7437767743429432
1D-CNN,9,2,-4,0.7434902918803765
1D-CNN,9,2,-3,0.7431922382253509
1D-CNN,9,2,-2,0.7429405022402834
1D-CNN,9,2,-1,0.7426308842938847
1D-CNN,9,2,0,0.7423444283646888
1D-CNN,9,2,1,0.7422140922036724
1D-CNN,9,2,2,0.742002709179952
1D-CNN,9,2,3,0.7417334321307831
1D-CNN,9,2,4,0.7414062590452815
1D-CNN,9,2,5,0.7409169850642584
1D-CNN,9,2,6,0.7404624344382823
1D-CNN,9,2,7,0.7399036680251945
1D-CNN,9,2,8,0.7393796241620063
1D-CNN,9,2,9,0.738901882685316
1D-CNN,9,2,10,0.7384472876744052
1D-CNN,9,2,11,0.7380158399333056
1D-CNN,9,2,12,0.7376654354295242
1D-CNN,9,2,13,0.7373266019777217
1D-CNN,9,2,14,0.7368835469714339
1D-CNN,9,2,15,0.7365331171838815
1D-CNN,9,2,16,0.7360784631596012
1D-CNN,9,2,17,0.7356237986058037
1D-CNN,9,2,18,0.7352270227080607
1D-CNN,9,2,19,0.7348649775348557
1D-CNN,9,2,20,0.7344450234497134
1D-CNN,9,2,21,0.7340713805961507
1D-CNN,9,2,22,0.7336282468472433
1D-CNN,9,2,23,0.7331966833425977
1D-CNN,9,2,24,0.7328924969021783
1D-CNN,9,2,25,0.732449334105385
1D-CNN,9,2,26,0.7320177419541628
1D-CNN,9,2,27,0.7315282345856302
1D-CNN,9,2,28,0.7310271347006845
1D-CNN,9,2,29,0.7305839297709217
1D-CNN,9,2,30,0.7300828073426371
1D-CNN,9,2,31,0.7295585101454647
1D-CNN,9,2,32,0.7291152728072918
1D-CNN,9,2,33,0.7285446248639132
1D-CNN,9,2,34,0.7279160537867294
1D-CNN,9,2,35,0.7273106323835997
1D-CNN,9,2,36,0.7267746904643324
1D-CNN,9,2,37,0.726203988973569
1D-CNN,9,2,38,0.7258765071753709
1D-CNN,9,2,39,0.7253752779836916
1D-CNN,9,2,40,0.7250825273643366
1D-CNN,9,2,41,0.7246044432089328
1D-CNN,9,2,42,0.7242305954849246
1D-CNN,9,2,43,0.7239030718621137
1D-CNN,9,2,44,0.7235755406516778
1D-CNN,9,2,45,0.723213251476891
1D-CNN,9,2,46,0.7229088718738779
1D-CNN,9,2,47,0.7224423130386434
1D-CNN,9,2,48,0.7219178240874813
1D-CNN,9,2,49,0.721439658967171
1D-CNN,9,2,50,0.7208919779901535
1D-CNN,9,2,51,0.72035586858811
1D-CNN,9,2,52,0.7198197467650568
1D-CNN,9,2,53,0.719295197052895
1D-CNN,9,2,54,0.7187474658541954
1D-CNN,9,2,55,0.7182460611677479
1D-CNN,9,2,56,0.7177098900589673
1D-CNN,9,2,57,0.7171968766653537
1D-CNN,9,2,58,0.7167533626052806
1D-CNN,9,2,59,0.7164141063070578
1D-CNN,9,2,60,0.7160169147888548
1D-CNN,10,2,-60,0.7999189016972716
1D-CNN,10,2,-59,0.8004425598961954
1D-CNN,10,2,-58,0.8008155983178284
1D-CNN,10,2,-57,0.8012002131652726
1D-CNN,10,2,-56,0.8015964040361914
1D-CNN,10,2,-55,0.8019462465245598
1D-CNN,10,2,-54,0.8022960809073111
1D-CNN,10,2,-53,0.8025648154584
1D-CNN,10,2,-52,0.8028451281813653
1D-CNN,10,2,-51,0.8032412770492563
1D-CNN,10,2,-50,0.8036953373877788
1D-CNN,10,2,-49,0.8040567152422213
1D-CNN,10,2,-48,0.8044412524470907
1D-CNN,10,2,-47,0.8049532017421925
1D-CNN,10,2,-46,0.805453555583871
1D-CNN,10,2,-45,0.8058959805397892
1D-CNN,10,2,-44,0.8064310618433703
1D-CNN,10,2,-43,0.807035629893898
1D-CNN,10,2,-42,0.8075475194884922
1D-CNN,10,2,-41,0.8082099752125467
1D-CNN,10,2,-40,0.8087334221347078
1D-CNN,10,2,-39,0.809291604892513
1D-CNN,10,2,-38,0.8098613572396539
1D-CNN,10,2,-37,0.8103268549190391
1D-CNN,10,2,-36,0.81080392406676
1D-CNN,10,2,-35,0.8112230715774844
1D-CNN,10,2,-34,0.8117927751589628
1D-CNN,10,2,-33,0.8124667021843367
1D-CNN,10,2,-32,0.8131406135992495
1D-CNN,10,2,-31,0.8137450199203188
1D-CNN,10,2,-30,0.8145115524929064
1D-CNN,10,2,-29,0.8152085794362217
1D-CNN,10,2,-28,0.8160214020174412
1D-CNN,10,2,-27,0.8168573678602863
1D-CNN,10,2,-26,0.8176354097905013
1D-CNN,10,2,-25,0.8185292414591777
1D-CNN,10,2,-24,0.8194577943509629
1D-CNN,10,2,-23,0.8203863257365203
1D-CNN,10,2,-22,0.8213958982316769
1D-CNN,10,2,-21,0.8223938671051717
1D-CNN,10,2,-20,0.8233570725493602
1D-CNN,10,2,-19,0.8243781555421743
1D-CNN,10,2,-18,0.8253528955382887
1D-CNN,10,2,-17,0.8263391926631001
1D-CNN,10,2,-16,0.8273254669461203
1D-CNN,10,2,-15,0.828358036127837
1D-CNN,10,2,-14,0.8294137399983789
1D-CNN,10,2,-13,0.8304462610870522
1D-CNN,10,2,-12,0.831467179231847
1D-CNN,10,2,-11,0.8324764948358112
1D-CNN,10,2,-10,0.8333815781856075
1D-CNN,10,2,-9,0.834275061945673
1D-CNN,10,2,-8,0.8352032605045909
1D-CNN,10,2,-7,0.8360272323082624
1D-CNN,10,2,-6,0.8369206544014635
1D-CNN,10,2,-5,0.8377214310524488
1D-CNN,10,2,-4,0.8383022079170092
1D-CNN,10,2,-3,0.839091372203955
1D-CNN,10,2,-2,0.8398110520648814
1D-CNN,10,2,-1,0.8404728274712298
1D-CNN,10,2,0,0.8411808972503618
1D-CNN,10,2,1,0.8419431773450344
1D-CNN,10,2,2,0.8427633635511097
1D-CNN,10,2,3,0.8434446348353634
1D-CNN,10,2,4,0.8441722337358604
1D-CNN,10,2,5,0.8448303809193007
1D-CNN,10,2,6,0.8455580127128947
1D-CNN,10,2,7,0.8459846239347907
1D-CNN,10,2,8,0.8463765095464703
1D-CNN,10,2,9,0.8466757751893106
1D-CNN,10,2,10,0.8470329415851329
1D-CNN,10,2,11,0.8473669584549117
1D-CNN,10,2,12,0.847411507242685
1D-CNN,10,2,13,0.847398161228318
1D-CNN,10,2,14,0.8473500770023505
1D-CNN,10,2,15,0.8472440944881889
1D-CNN,10,2,16,0.8471844277955974
1D-CNN,10,2,17,0.8470784409087752
1D-CNN,10,2,18,0.8469377120557685
1D-CNN,10,2,19,0.8467043401732364
1D-CNN,10,2,20,0.8463320016212148
1D-CNN,10,2,21,0.8456933089376288
1D-CNN,10,2,22,0.8451240837029402
1D-CNN,10,2,23,0.8448443579766537
1D-CNN,10,2,24,0.8442519484429827
1D-CNN,10,2,25,0.8437058482918356
1D-CNN,10,2,26,0.8431134118519034
1D-CNN,10,2,27,0.8424167322925835
1D-CNN,10,2,28,0.8416621307051779
1D-CNN,10,2,29,0.840907511639219
1D-CNN,10,2,30,0.840268689559326
1D-CNN,10,2,31,0.8395024552950987
1D-CNN,10,2,32,0.8386782947083146
1D-CNN,10,2,33,0.8377382965416599
1D-CNN,10,2,34,0.8368214405670539
1D-CNN,10,2,35,0.8360667129951355
1D-CNN,10,2,36,0.8351150696672419
1D-CNN,10,2,37,0.8343487224628785
1D-CNN,10,2,38,0.8334549497897773
1D-CNN,10,2,39,0.8326422349888807
1D-CNN,10,2,40,0.8318179185730005
1D-CNN,10,2,41,0.830982000138995
1D-CNN,10,2,42,0.8302271437341457
1D-CNN,10,2,43,0.8294838530324793
1D-CNN,10,2,44,0.8288100450591329
1D-CNN,10,2,45,0.8280783041816286
1D-CNN,10,2,46,0.8273928807237428
1D-CNN,10,2,47,0.8268232786581411
1D-CNN,10,2,48,0.8261957440893347
1D-CNN,10,2,49,0.8254986910085027
1D-CNN,10,2,50,0.8248247900376484
1D-CNN,10,2,51,0.8241624577174367
1D-CNN,10,2,52,0.8234769412555171
1D-CNN,10,2,53,0.822594471861171
1D-CNN,10,2,54,0.8218509980190221
1D-CNN,10,2,55,0.8210843373493976
1D-CNN,10,2,56,0.8204566781357523
1D-CNN,10,2,57,0.8197826641025047
1D-CNN,10,2,58,0.8191433900622126
1D-CNN,10,2,59,0.8185388572222995
1D-CNN,10,2,60,0.8179458958466084
1D-CNN,11,3,-60,0.7141168974106471
1D-CNN,11,3,-59,0.7147226470179341
1D-CNN,11,3,-58,0.7153515529965129
1D-CNN,11,3,-57,0.7157255728816702
1D-CNN,11,3,-56,0.7162270183852918
1D-CNN,11,3,-55,0.716647358665431
1D-CNN,11,3,-54,0.7171140278727077
1D-CNN,11,3,-53,0.7176270243970251
1D-CNN,11,3,-52,0.7180357494526372
1D-CNN,11,3,-51,0.7187224873731524
1D-CNN,11,3,-50,0.7193281204749493
1D-CNN,11,3,-49,0.7199916595232028
1D-CNN,11,3,-48,0.7205509284464884
1D-CNN,11,3,-47,0.7212723565934576
1D-CNN,11,3,-46,0.721866348503979
1D-CNN,11,3,-45,0.7225182439476427
1D-CNN,11,3,-44,0.7232280409123026
1D-CNN,11,3,-43,0.7240073205763795
1D-CNN,11,3,-42,0.7247634160749655
1D-CNN,11,3,-41,0.7257164037343341
1D-CNN,11,3,-40,0.7266346209532635
1D-CNN,11,3,-39,0.7276107301704967
1D-CNN,11,3,-38,0.7284130789812016
1D-CNN,11,3,-37,0.7292849035187288
1D-CNN,11,3,-36,0.7301219611067999
1D-CNN,11,3,-35,0.7309242529534399
1D-CNN,11,3,-34,0.731668616300483
1D-CNN,11,3,-33,0.7325056171967292
1D-CNN,11,3,-32,0.7333310169903756
1D-CNN,11,3,-31,0.7343185397943112
1D-CNN,11,3,-30,0.7351670623660895
1D-CNN,11,3,-29,0.7360271465962522
1D-CNN,11,3,-28,0.736956697974452
1D-CNN,11,3,-27,0.7381294297493862
1D-CNN,11,3,-26,0.7391168398012716
1D-CNN,11,3,-25,0.7400463231036479
1D-CNN,11,3,-24,0.7410105268033954
1D-CNN,11,3,-23,0.7417894200481749
1D-CNN,11,3,-22,0.7425914560003706
1D-CNN,11,3,-21,0.7433239919401533
1D-CNN,11,3,-20,0.74416073186266
1D-CNN,11,3,-19,0.745032192320163
1D-CNN,11,3,-18,0.7458573132461758
1D-CNN,11,3,-17,0.7466824150628778
1D-CNN,11,3,-16,0.7474611794948992
1D-CNN,11,3,-15,0.748309402501158
1D-CNN,11,3,-14,0.7492502402704925
1D-CNN,11,3,-13,0.7500289479169079
1D-CNN,11,3,-12,0.7506107939742714
1D-CNN,11,3,-11,0.7513663100365893
1D-CNN,11,3,-10,0.7520523360157472
1D-CNN,11,3,-9,0.7527267674779428
1D-CNN,11,3,-8,0.7534822327972489
1D-CNN,11,3,-7,0.754110318636532
1D-CNN,11,3,-6,0.7547847028447707
1D-CNN,11,3,-5,0.7553780247771217
1D-CNN,11,3,-4,0.7558671313288025
1D-CNN,11,3,-3,0.7564604269902283
1D-CNN,11,3,-2,0.7569958204531508
1D-CNN,11,3,-1,0.7575196239609142
1D-CNN,11,3,0,0.7578465991316932
1D-CNN,11,3,1,0.7582605876768472
1D-CNN,11,3,2,0.7583619881212879
1D-CNN,11,3,3,0.7586370583059325
1D-CNN,11,3,4,0.7587500434173508
1D-CNN,11,3,5,0.7588746092393192
1D-CNN,11,3,6,0.7588023480646992
1D-CNN,11,3,7,0.7587416635791033
1D-CNN,11,3,8,0.7585073002419905
1D-CNN,11,3,9,0.7582150383252669
1D-CNN,11,3,10,0.758015399756846
1D-CNN,11,3,11,0.7577347042749294
1D-CNN,11,3,12,0.7575003184233989
1D-CNN,11,3,13,0.7571964521433038
1D-CNN,11,3,14,0.7566609928092541
1D-CNN,11,3,15,0.7561486799444187
1D-CNN,11,3,16,0.7555437186627914
1D-CNN,11,3,17,0.7549040042613308
1D-CNN,11,3,18,0.7542758548814804
1D-CNN,11,3,19,0.7533929315855297
1D-CNN,11,3,20,0.7526836894215737
1D-CNN,11,3,21,0.7520554925075851
1D-CNN,11,3,22,0.7513693791761722
1D-CNN,11,3,23,0.7506253474152307
1D-CNN,11,3,24,0.7500434274067469
1D-CNN,11,3,25,0.7494614939200926
1D-CNN,11,3,26,0.7488100614946323
1D-CNN,11,3,27,0.748262843377959
1D-CNN,11,3,28,0.7476808690516173
1D-CNN,11,3,29,0.7470062307460681
1D-CNN,11,3,30,0.746262088134808
1D-CNN,11,3,31,0.7454716019642361
1D-CNN,11,3,32,0.7447969146311803
1D-CNN,11,3,33,0.7439484839359756
1D-CNN,11,3,34,0.7432505993676237
1D-CNN,11,3,35,0.7425874449849432
1D-CNN,11,3,36,0.7418200349783991
1D-CNN,11,3,37,0.7409252009543885
1D-CNN,11,3,38,0.7399955986425287
1D-CNN,11,3,39,0.73923971460341
1D-CNN,11,3,40,0.7382058261423524
1D-CNN,11,3,41,0.7371950795746751
1D-CNN,11,3,42,0.7362074757045394
1D-CNN,11,3,43,0.7352777649075661
1D-CNN,11,3,44,0.7344754491434131
1D-CNN,11,3,45,0.7336267809567937
1D-CNN,11,3,46,0.7328591782599126
1D-CNN,11,3,47,0.7321958113242517
1D-CNN,11,3,48,0.7315903483267112
1D-CNN,11,3,49,0.730869031346292
1D-CNN,11,3,50,0.730205618302925
1D-CNN,11,3,51,0.7294263472498957
1D-CNN,11,3,52,0.7286586425402268
1D-CNN,11,3,53,0.7278909200435578
1D-CNN,11,3,54,0.7270536717600584
1D-CNN,11,3,55,0.7261468952734013
1D-CNN,11,3,56,0.7254949663457639
1D-CNN,11,3,57,0.7247040014828888
1D-CNN,11,3,58,0.7240867963437098
1D-CNN,11,3,59,0.7234000648778905
1D-CNN,11,3,60,0.7227828303307652
1D-CNN,12,3,-60,0.7984243758327058
1D-CNN,12,3,-59,0.7992029287733444
1D-CNN,12,3,-58,0.7999814636745948
1D-CNN,12,3,-57,0.8007599805370839
1D-CNN,12,3,-56,0.8015268944264878
1D-CNN,12,3,-55,0.8022011121408712
1D-CNN,12,3,-54,0.8028637295675444
1D-CNN,12,3,-53,0.8035147471096592
1D-CNN,12,3,-52,0.8041309963740834
1D-CNN,12,3,-51,0.80468931004124
1D-CNN,12,3,-50,0.8053750362004054
1D-CNN,12,3,-49,0.8059912424993628
1D-CNN,12,3,-48,0.8067927763040532
1D-CNN,12,3,-47,0.8075132054489853
1D-CNN,12,3,-46,0.8083610374265889
1D-CNN,12,3,-45,0.8091509324684351
1D-CNN,12,3,-44,0.8098828925878305
1D-CNN,12,3,-43,0.8105916693694111
1D-CNN,12,3,-42,0.8112772636187785
1D-CNN,12,3,-41,0.812055505362893
1D-CNN,12,3,-40,0.8128453118665663
1D-CNN,12,3,-39,0.8137509266123054
1D-CNN,12,3,-38,0.8146912679384273
1D-CNN,12,3,-37,0.8155273460121847
1D-CNN,12,3,-36,0.8162939112104611
1D-CNN,12,3,-35,0.8171531155895297
1D-CNN,12,3,-34,0.8179775541168158
1D-CNN,12,3,-33,0.8189177920363206
1D-CNN,12,3,-32,0.8197190275992263
1D-CNN,12,3,-31,0.8205549893449458
1D-CNN,12,3,-30,0.8213561873878047
1D-CNN,12,3,-29,0.8221805294976027
1D-CNN,12,3,-28,0.8231785701877309
1D-CNN,12,3,-27,0.8243503034233567
1D-CNN,12,3,-26,0.825533590429536
1D-CNN,12,3,-25,0.8267168500289519
1D-CNN,12,3,-24,0.8280737918495443
1D-CNN,12,3,-23,0.8293612191958496
1D-CNN,12,3,-22,0.8306254559772098
1D-CNN,12,3,-21,0.8317622808439679
1D-CNN,12,3,-20,0.8329222395923803
1D-CNN,12,3,-19,0.8342211311315948
1D-CNN,12,3,-18,0.8352189168220295
1D-CNN,12,3,-17,0.8361472011857616
1D-CNN,12,3,-16,0.837075464051228
1D-CNN,12,3,-15,0.8380268642890227
1D-CNN,12,3,-14,0.8390940355021363
1D-CNN,12,3,-13,0.8401496028345801
1D-CNN,12,3,-12,0.8412861989509396
1D-CNN,12,3,-11,0.842434347644852
1D-CNN,12,3,-10,0.8434551033404736
1D-CNN,12,3,-9,0.8444526781372299
1D-CNN,12,3,-8,0.8454502298331539
1D-CNN,12,3,-7,0.8464593367914042
1D-CNN,12,3,-6,0.8471558082182264
1D-CNN,12,3,-5,0.8479101539886534
1D-CNN,12,3,-4,0.8487107941322898
1D-CNN,12,3,-3,0.8493377483443708
1D-CNN,12,3,-2,0.8496984011207206
1D-CNN,12,3,-1,0.8501285108944822
1D-CNN,12,3,0,0.8504544138929089
1D-CNN,12,3,1,0.8505800356588789
1D-CNN,12,3,2,0.850555150336332
1D-CNN,12,3,3,0.850426064002223
1D-CNN,12,3,4,0.8502622407984162
1D-CNN,12,3,5,0.8500057890471229
1D-CNN,12,3,6,0.8496682837592192
1D-CNN,12,3,7,0.8492728788440163
1D-CNN,12,3,8,0.848912200261674
1D-CNN,12,3,9,0.848458884283167
1D-CNN,12,3,10,0.8477276674578822
1D-CNN,12,3,11,0.8470080125978416
1D-CNN,12,3,12,0.846195708810486
1D-CNN,12,3,13,0.8454875987123966
1D-CNN,12,3,14,0.844883685923044
1D-CNN,12,3,15,0.8440829087540528
1D-CNN,12,3,16,0.8432705334707442
1D-CNN,12,3,17,0.8424581393733065
1D-CNN,12,3,18,0.8415299280892111
1D-CNN,12,3,19,0.8404164157672889
1D-CNN,12,3,20,0.8394186787099762
1D-CNN,12,3,21,0.8383166963892813
1D-CNN,12,3,22,0.8372146885458525
1D-CNN,12,3,23,0.836263201778766
1D-CNN,12,3,24,0.8350684994962421
1D-CNN,12,3,25,0.8338274464389114
1D-CNN,12,3,26,0.8325747837265052
1D-CNN,12,3,27,0.8314031593088432
1D-CNN,12,3,28,0.830266251288406
1D-CNN,12,3,29,0.8290829916846177
1D-CNN,12,3,30,0.8280039376918177
1D-CNN,12,3,31,0.8269364402853702
1D-CNN,12,3,32,0.8258110095780782
1D-CNN,12,3,33,0.8246855528016492
1D-CNN,12,3,34,0.8236874717689163
1D-CNN,12,3,35,0.82257354644429
1D-CNN,12,3,36,0.8215059243215697
1D-CNN,12,3,37,0.8205309365516922
1D-CNN,12,3,38,0.8194053534405875
1D-CNN,12,3,39,0.8183608228317272
1D-CNN,12,3,40,0.8174089303295303
1D-CNN,12,3,41,0.8164454328538003
1D-CNN,12,3,42,0.8154124147197479
1D-CNN,12,3,43,0.814286707130612
1D-CNN,12,3,44,0.8131609734626032
1D-CNN,12,3,45,0.8121510483030233
1D-CNN,12,3,46,0.8112801028623058
1D-CNN,12,3,47,0.8102353813362988
1D-CNN,12,3,48,0.8092717226360235
1D-CNN,12,3,49,0.8083427935963673
1D-CNN,12,3,50,0.8074601795540111
1D-CNN,12,3,51,0.8066007135906584
1D-CNN,12,3,52,0.8058107341033096
1D-CNN,12,3,53,0.8050091517805427
1D-CNN,12,3,54,0.8043929055502137
1D-CNN,12,3,55,0.803741890639481
1D-CNN,12,3,56,0.8028823318157069
1D-CNN,12,3,57,0.8020459232141616
1D-CNN,12,3,58,0.8013021768597147
1D-CNN,12,3,59,0.8006047546225497
1D-CNN,12,3,60,0.799965243584545
1D-CNN,13,3,-60,0.7675027515495568
1D-CNN,13,3,-59,0.7681542240140877
1D-CNN,13,3,-58,0.7688288517904932
1D-CNN,13,3,-57,0.7695266340740055
1D-CNN,13,3,-56,0.7702939097996965
1D-CNN,13,3,-55,0.7710611677479148
1D-CNN,13,3,-54,0.7717588999200659
1D-CNN,13,3,-53,0.7725029540557448
1D-CNN,13,3,-52,0.7731774845637895
1D-CNN,13,3,-51,0.7737129882767249
1D-CNN,13,3,-50,0.7744106573993629
1D-CNN,13,3,-49,0.7751083103584088
1D-CNN,13,3,-48,0.7757016924021454
1D-CNN,13,3,-47,0.7762834769715503
1D-CNN,13,3,-46,0.7768768316556429
1D-CNN,13,3,-45,0.7775049229699988
1D-CNN,13,3,-44,0.7781793330321669
1D-CNN,13,3,-43,0.7787263123754807
1D-CNN,13,3,-42,0.7792153637658833
1D-CNN,13,3,-41,0.7797970672041142
1D-CNN,13,3,-40,0.7802397637111252
1D-CNN,13,3,-39,0.780728780578206
1D-CNN,13,3,-38,0.781148290999224
1D-CNN,13,3,-37,0.7816257036299196
1D-CNN,13,3,-36,0.7820799406988731
1D-CNN,13,3,-35,0.7825225851285615
1D-CNN,13,3,-34,0.7829652193048494
1D-CNN,13,3,-33,0.7835120798684302
1D-CNN,13,3,-32,0.7839894374761127
1D-CNN,13,3,-31,0.7845478550912629
1D-CNN,13,3,-30,0.7849209566274827
1D-CNN,13,3,-29,0.7854214439580294
1D-CNN,13,3,-28,0.7859103385178408
1D-CNN,13,3,-27,0.786457126974568
1D-CNN,13,3,-26,0.7868880936664003
1D-CNN,13,3,-25,0.7874232773595831
1D-CNN,13,3,-24,0.7879584486572245
1D-CNN,13,3,-23,0.7885515100982027
1D-CNN,13,3,-22,0.7891792989241833
1D-CNN,13,3,-21,0.789772332491836
1D-CNN,13,3,-20,0.7906780151699381
1D-CNN,13,3,-19,0.791456297188383
1D-CNN,13,3,-18,0.7923503595539446
1D-CNN,13,3,-17,0.7932328215104565
1D-CNN,13,3,-16,0.7940110469088341
1D-CNN,13,3,-15,0.7948934691987031
1D-CNN,13,3,-14,0.7959032433621658
1D-CNN,13,3,-13,0.7968087816400732
1D-CNN,13,3,-12,0.7978069312089668
1D-CNN,13,3,-11,0.7987471631698393
1D-CNN,13,3,-10,0.7998263185318126
1D-CNN,13,3,-9,0.8009401847949424
1D-CNN,13,3,-8,0.8020887607535285
1D-CNN,13,3,-7,0.8031562615783624
1D-CNN,13,3,-6,0.8043742546515532
1D-CNN,13,3,-5,0.8055111728609471
1D-CNN,13,3,-4,0.806821734146878
1D-CNN,13,3,-3,0.8080280646505812
1D-CNN,13,3,-2,0.8093385664501638
1D-CNN,13,3,-1,0.8105332623243106
1D-CNN,13,3,0,0.8117163531114328
1D-CNN,13,3,1,0.8128950841688471
1D-CNN,13,3,2,0.8142475079017749
1D-CNN,13,3,3,0.8154031399064512
1D-CNN,13,3,4,0.816616688471825
1D-CNN,13,3,5,0.8176334375361816
1D-CNN,13,3,6,0.8186038972316456
1D-CNN,13,3,7,0.8194585957762134
1D-CNN,13,3,8,0.8203133141130293
1D-CNN,13,3,9,0.8211101590903828
1D-CNN,13,3,10,0.8219649163434262
1D-CNN,13,3,11,0.8227965355935344
1D-CNN,13,3,12,0.8233850144158957
1D-CNN,13,3,13,0.8238577151988143
1D-CNN,13,3,14,0.824272530424613
1D-CNN,13,3,15,0.824779990736452
1D-CNN,13,3,16,0.8252179853865839
1D-CNN,13,3,17,0.825690729289701
1D-CNN,13,3,18,0.8259203075604757
1D-CNN,13,3,19,0.8261383111769883
1D-CNN,13,3,20,0.8261710381564472
1D-CNN,13,3,21,0.8262964078097135
1D-CNN,13,3,22,0.8265028429817146
1D-CNN,13,3,23,0.8266050583657587
1D-CNN,13,3,24,0.8266956954754433
1D-CNN,13,3,25,0.8267168500289519
1D-CNN,13,3,26,0.8266106150621316
1D-CNN,13,3,27,0.8265043776346875
1D-CNN,13,3,28,0.8262475824290363
1D-CNN,13,3,29,0.8258633868389966
1D-CNN,13,3,30,0.8255023452429209
1D-CNN,13,3,31,0.8248980820902436
1D-CNN,13,3,32,0.8242243146520274
1D-CNN,13,3,33,0.8234926223622339
1D-CNN,13,3,34,0.8229925527848878
1D-CNN,13,3,35,0.8223187398656474
1D-CNN,13,3,36,0.8218533918623102
1D-CNN,13,3,37,0.8211100558270982
1D-CNN,13,3,38,0.8204246151707842
1D-CNN,13,3,39,0.8197507412898444
1D-CNN,13,3,40,0.818937858342503
1D-CNN,13,3,41,0.8181481224083211
1D-CNN,13,3,42,0.8173467851227225
1D-CNN,13,3,43,0.816499096511143
1D-CNN,13,3,44,0.8154660550671253
1D-CNN,13,3,45,0.8145024904436464
1D-CNN,13,3,46,0.8133999003811002
1D-CNN,13,3,47,0.8122393661384487
1D-CNN,13,3,48,0.811090388870226
1D-CNN,13,3,49,0.8100803929291291
1D-CNN,13,3,50,0.8090124529394729
1D-CNN,13,3,51,0.8078286455678606
1D-CNN,13,3,52,0.8067722391483151
1D-CNN,13,3,53,0.8057505618498181
1D-CNN,13,3,54,0.8046130142143858
1D-CNN,13,3,55,0.803579703429101
1D-CNN,13,3,56,0.8026969728564974
1D-CNN,13,3,57,0.8018026367617415
1D-CNN,13,3,58,0.8008155983178284
1D-CNN,13,3,59,0.7999212197043422
1D-CNN,13,3,60,0.7990384058390778
1D-CNN,14,3,-60,0.7877193998725598
1D-CNN,14,3,-59,0.7882663700820242
1D-CNN,14,3,-58,0.7889175944483705
1D-CNN,14,3,-57,0.7896035589332469
1D-CNN,14,3,-56,0.7902431677846129
1D-CNN,14,3,-55,0.7910101946246525
1D-CNN,14,3,-54,0.7917424496935855
1D-CNN,14,3,-53,0.7925326104585158
1D-CNN,14,3,-52,0.7932184933331788
1D-CNN,14,3,-51,0.7939622816366249
1D-CNN,14,3,-50,0.7947523892267594
1D-CNN,14,3,-49,0.7954729745383777
1D-CNN,14,3,-48,0.7962977979079546
1D-CNN,14,3,-47,0.7969372625335928
1D-CNN,14,3,-46,0.7976693810886261
1D-CNN,14,3,-45,0.7982508977180586
1D-CNN,14,3,-44,0.7989366507975119
1D-CNN,14,3,-43,0.7994949728953343
1D-CNN,14,3,-42,0.8000301159463936
1D-CNN,14,3,-41,0.8005768295225519
1D-CNN,14,3,-40,0.8011930271616378
1D-CNN,14,3,-39,0.8017628799110452
1D-CNN,14,3,-38,0.8023327194597912
1D-CNN,14,3,-37,0.802937292964859
1D-CNN,14,3,-36,0.8035534347166402
1D-CNN,14,3,-35,0.8041232337271254
1D-CNN,14,3,-34,0.8046698555726711
1D-CNN,14,3,-33,0.8052743740010655
1D-CNN,14,3,-32,0.805913623571106
1D-CNN,14,3,-31,0.8065181135921431
1D-CNN,14,3,-30,0.8070762638253518
1D-CNN,14,3,-29,0.807703889004702
1D-CNN,14,3,-28,0.8082967561119668
1D-CNN,14,3,-27,0.8088432853106036
1D-CNN,14,3,-26,0.8094129636706853
1D-CNN,14,3,-25,0.8100636942675159
1D-CNN,14,3,-24,0.8106912485089923
1D-CNN,14,3,-23,0.8112724661849176
1D-CNN,14,3,-22,0.8119578937616527
1D-CNN,14,3,-21,0.8125275030687634
1D-CNN,14,3,-20,0.8130855190782236
1D-CNN,14,3,-19,0.8136319421927833
1D-CNN,14,3,-18,0.8142478316754866
1D-CNN,14,3,-17,0.8148521271914588
1D-CNN,14,3,-16,0.8155374656955268
1D-CNN,14,3,-15,0.8161533117183881
1D-CNN,14,3,-14,0.8168501985850094
1D-CNN,14,3,-13,0.8175933859799449
1D-CNN,14,3,-12,0.8183249771314104
1D-CNN,14,3,-11,0.8189176045574545
1D-CNN,14,3,-10,0.8196260059051699
1D-CNN,14,3,-9,0.8202301831739341
1D-CNN,14,3,-8,0.8208806604374356
1D-CNN,14,3,-7,0.8214269173768062
1D-CNN,14,3,-6,0.8219963181234008
1D-CNN,14,3,-5,0.82257728377909
1D-CNN,14,3,-4,0.8231350800615947
1D-CNN,14,3,-3,0.8236928634279628
1D-CNN,14,3,-2,0.8243201000312598
1D-CNN,14,3,-1,0.8249820547850047
1D-CNN,14,3,0,0.8257481910274964
1D-CNN,14,3,1,0.8265334475652395
1D-CNN,14,3,2,0.8272955669016938
1D-CNN,14,3,3,0.8280924373639605
1D-CNN,14,3,4,0.8289356381192762
1D-CNN,14,3,5,0.8297904364941531
1D-CNN,14,3,6,0.830703145804629
1D-CNN,14,3,7,0.8315000926268988
1D-CNN,14,3,8,0.832308636400477
1D-CNN,14,3,9,0.8332561424634695
1D-CNN,14,3,10,0.8342615642910901
1D-CNN,14,3,11,0.8352091149089899
1D-CNN,14,3,12,0.8362145826337668
1D-CNN,14,3,13,0.8371274403093953
1D-CNN,14,3,14,0.8381097949305821
1D-CNN,14,3,15,0.8390574339972209
1D-CNN,14,3,16,0.8399703563033384
1D-CNN,14,3,17,0.8409990967831584
1D-CNN,14,3,18,0.8419352223907732
1D-CNN,14,3,19,0.8428018898513132
1D-CNN,14,3,20,0.843726477910949
1D-CNN,14,3,21,0.844616346666049
1D-CNN,14,3,22,0.84552939677834
1D-CNN,14,3,23,0.8464772095608671
1D-CNN,14,3,24,0.8474713668631516
1D-CNN,14,3,25,0.8484771279675738
1D-CNN,14,3,26,0.8496103023775609
1D-CNN,14,3,27,0.850662435725205
1D-CNN,14,3,28,0.8517493369775441
1D-CNN,14,3,29,0.8527899381557918
1D-CNN,14,3,30,0.8538189819908507
1D-CNN,14,3,31,0.8547785601778931
1D-CNN,14,3,32,0.8556455068737477
1D-CNN,14,3,33,0.8564314007088092
1D-CNN,14,3,34,0.857321550595893
1D-CNN,14,3,35,0.8581190641649293
1D-CNN,14,3,36,0.8587544446889587
1D-CNN,14,3,37,0.8593203456183836
1D-CNN,14,3,38,0.8599325897355711
1D-CNN,14,3,39,0.8605216827279466
1D-CNN,14,3,40,0.8610297098511612
1D-CNN,14,3,41,0.8616188291982302
1D-CNN,14,3,42,0.8620689655172413
1D-CNN,14,3,43,0.8625770282166519
1D-CNN,14,3,44,0.8629113528164853
1D-CNN,14,3,45,0.8632341017027685
1D-CNN,14,3,46,0.863371520578253
1D-CNN,14,3,47,0.8636363636363636
1D-CNN,14,3,48,0.8637506226325483
1D-CNN,14,3,49,0.8639343882491949
1D-CNN,14,3,50,0.8639907326962062
1D-CNN,14,3,51,0.8640702469765071
1D-CNN,14,3,52,0.864126594302793
1D-CNN,14,3,53,0.8642061119992586
1D-CNN,14,3,54,0.8641002768735302
1D-CNN,14,3,55,0.8639017608897127
1D-CNN,14,3,56,0.8636800704364045
1D-CNN,14,3,57,0.8635626404689636
1D-CNN,14,3,58,0.8633293557468401
1D-CNN,14,3,59,0.8630613096065619
1D-CNN,14,3,60,0.8627585008399467
1D-CNN,15,3,-60,0.7699820425186815
1D-CNN,15,3,-59,0.7706682422725798
1D-CNN,15,3,-58,0.7713080853134376
1D-CNN,15,3,-57,0.7719479135290438
1D-CNN,15,3,-56,0.7725066323752592
1D-CNN,15,3,-55,0.7731464318813717
1D-CNN,15,3,-54,0.773716708564544
1D-CNN,15,3,-53,0.7743101410996038
1D-CNN,15,3,-52,0.7749498974780765
1D-CNN,15,3,-51,0.7755085491867847
1D-CNN,15,3,-50,0.7760787720822473
1D-CNN,15,3,-49,0.7767648217223084
1D-CNN,15,3,-48,0.7773697684386113
1D-CNN,15,3,-47,0.7779978685941988
1D-CNN,15,3,-46,0.7787533737214609
1D-CNN,15,3,-45,0.7794856944283564
1D-CNN,15,3,-44,0.7801600815466055
1D-CNN,15,3,-43,0.7808344530417458
1D-CNN,15,3,-42,0.781450893632794
1D-CNN,15,3,-41,0.7822294808534297
1D-CNN,15,3,-40,0.7829038049458504
1D-CNN,15,3,-39,0.783647609340252
1D-CNN,15,3,-38,0.7843450664257503
1D-CNN,15,3,-37,0.7851004192823554
1D-CNN,15,3,-36,0.785716767625291
1D-CNN,15,3,-35,0.7864141765114663
1D-CNN,15,3,-34,0.7870884052767515
1D-CNN,15,3,-33,0.7877278728776261
1D-CNN,15,3,-32,0.7883789073810268
1D-CNN,15,3,-31,0.7890646715463726
1D-CNN,15,3,-30,0.7898083270600498
1D-CNN,15,3,-29,0.7904593148495588
1D-CNN,15,3,-28,0.7912492616998853
1D-CNN,15,3,-27,0.7920507712975402
1D-CNN,15,3,-26,0.7930375568912205
1D-CNN,15,3,-25,0.7938506079907354
1D-CNN,15,3,-24,0.7948373498859307
1D-CNN,15,3,-23,0.7958240689271817
1D-CNN,15,3,-22,0.7969613099718597
1D-CNN,15,3,-21,0.7978321791694652
1D-CNN,15,3,-20,0.7987956690405883
1D-CNN,15,3,-19,0.7996896567696512
1D-CNN,15,3,-18,0.8006067834686245
1D-CNN,15,3,-17,0.8015702077398735
1D-CNN,15,3,-16,0.8024409731469795
1D-CNN,15,3,-15,0.8033232978230662
1D-CNN,15,3,-14,0.8041824434640636
1D-CNN,15,3,-13,0.8050184108751535
1D-CNN,15,3,-12,0.8057617266653544
1D-CNN,15,3,-11,0.8065976564309203
1D-CNN,15,3,-10,0.8074451456029642
1D-CNN,15,3,-9,0.8081536715837251
1D-CNN,15,3,-8,0.8090358586034018
1D-CNN,15,3,-7,0.8099064468321601
1D-CNN,15,3,-6,0.811054892380368
1D-CNN,15,3,-5,0.8119949056385319
1D-CNN,15,3,-4,0.812749649766704
1D-CNN,15,3,-3,0.8135506877228732
1D-CNN,15,3,-2,0.814235930209672
1D-CNN,15,3,-1,0.8146896056683725
1D-CNN,15,3,0,0.8152127351664255
1D-CNN,15,3,1,0.8157315858939033
1D-CNN,15,3,2,0.8161346717145405
1D-CNN,15,3,3,0.8166072338257768
1D-CNN,15,3,4,0.8169061374766994
1D-CNN,15,3,5,0.8171471575778627
1D-CNN,15,3,6,0.8174808090865936
1D-CNN,15,3,7,0.8178607817710263
1D-CNN,15,3,8,0.8181365567867357
1D-CNN,15,3,9,0.8182270801009657
1D-CNN,15,3,10,0.8182944479824003
1D-CNN,15,3,11,0.8183502385253115
1D-CNN,15,3,12,0.8183828722948485
1D-CNN,15,3,13,0.8184618234871819
1D-CNN,15,3,14,0.818506038605389
1D-CNN,15,3,15,0.8186544696618805
1D-CNN,15,3,16,0.8186871084658229
1D-CNN,15,3,17,0.8183839366358646
1D-CNN,15,3,18,0.8182891948539204
1D-CNN,15,3,19,0.8181597109639168
1D-CNN,15,3,20,0.8178796827051126
1D-CNN,15,3,21,0.8175533270028024
1D-CNN,15,3,22,0.8172269637418503
1D-CNN,15,3,23,0.8167384658143413
1D-CNN,15,3,24,0.8163657629905849
1D-CNN,15,3,25,0.8159235668789809
1D-CNN,15,3,26,0.8155276841654218
1D-CNN,15,3,27,0.8151549543706861
1D-CNN,15,3,28,0.8148401218339953
1D-CNN,15,3,29,0.8143747249438307
1D-CNN,15,3,30,0.8138166657015461
1D-CNN,15,3,31,0.8132470119521913
1D-CNN,15,3,32,0.8126889267224905
1D-CNN,15,3,33,0.8120960830186931
1D-CNN,15,3,34,0.8114916435992171
1D-CNN,15,3,35,0.8106671299513551
1D-CNN,15,3,36,0.8100510777284888
1D-CNN,15,3,37,0.8093191873798328
1D-CNN,15,3,38,0.8084598723606333
1D-CNN,15,3,39,0.807704781319496
1D-CNN,15,3,40,0.806833844906469
1D-CNN,15,3,41,0.8059513053953251
1D-CNN,15,3,42,0.8050108301576454
1D-CNN,15,3,43,0.8041977482277719
1D-CNN,15,3,44,0.8033614808122227
1D-CNN,15,3,45,0.8025483609405769
1D-CNN,15,3,46,0.8016309698942418
1D-CNN,15,3,47,0.8007598925030117
1D-CNN,15,3,48,0.7997845401786231
1D-CNN,15,3,49,0.7990408451683154
1D-CNN,15,3,50,0.7982276281494353
1D-CNN,15,3,51,0.7974143922895139
1D-CNN,15,3,52,0.796647475180427
1D-CNN,15,3,53,0.7958226176409259
1D-CNN,15,3,54,0.7950324949896317
1D-CNN,15,3,55,0.7942655236329935
1D-CNN,15,3,56,0.7934521947659264
1D-CNN,15,3,57,0.7927662828147084
1D-CNN,15,3,58,0.7919413325300926
1D-CNN,15,3,59,0.7912090458315956
1D-CNN,15,3,60,0.7904419857498697
1D-CNN,16,3,-60,0.7490470949429415
1D-CNN,16,3,-59,0.749559757171324
1D-CNN,16,3,-58,0.7500608223177357
1D-CNN,16,3,-57,0.7506082161310503
1D-CNN,16,3,-56,0.7512482767409261
1D-CNN,16,3,-55,0.751841983317887
1D-CNN,16,3,-54,0.7523777528063854
1D-CNN,16,3,-53,0.7528324181552791
1D-CNN,16,3,-52,0.753310241766389
1D-CNN,16,3,-51,0.7536606274037347
1D-CNN,16,3,-50,0.7540689255719664
1D-CNN,16,3,-49,0.754465630285198
1D-CNN,16,3,-48,0.7550129160054212
1D-CNN,16,3,-47,0.7555022704105273
1D-CNN,16,3,-46,0.7561190330016565
1D-CNN,16,3,-45,0.7567705316807599
1D-CNN,16,3,-44,0.7575378485132803
1D-CNN,16,3,-43,0.7583167307603206
1D-CNN,16,3,-42,0.7589681813443295
1D-CNN,16,3,-41,0.7597701948247504
1D-CNN,16,3,-40,0.7604911102102276
1D-CNN,16,3,-39,0.7611772609340252
1D-CNN,16,3,-38,0.7618402307237917
1D-CNN,16,3,-37,0.7625610970835554
1D-CNN,16,3,-36,0.7632008709853021
1D-CNN,16,3,-35,0.7638290479499652
1D-CNN,16,3,-34,0.764422464414357
1D-CNN,16,3,-33,0.7651432674712191
1D-CNN,16,3,-32,0.7658408904022329
1D-CNN,16,3,-31,0.7664458445288613
1D-CNN,16,3,-30,0.7669928774103886
1D-CNN,16,3,-29,0.7675051536840155
1D-CNN,16,3,-28,0.7681563922313456
1D-CNN,16,3,-27,0.768819196738778
1D-CNN,16,3,-26,0.7694704049844237
1D-CNN,16,3,-25,0.7701910828025478
1D-CNN,16,3,-24,0.7708422600780536
1D-CNN,16,3,-23,0.7714702612562535
1D-CNN,16,3,-22,0.7721908908781397
1D-CNN,16,3,-21,0.7729578247678162
1D-CNN,16,3,-20,0.7736552602628683
1D-CNN,16,3,-19,0.774480059289453
1D-CNN,16,3,-18,0.7752585198652107
1D-CNN,16,3,-17,0.7759211653813196
1D-CNN,16,3,-16,0.7766648525341887
1D-CNN,16,3,-15,0.777373784159333
1D-CNN,16,3,-14,0.7781290165699795
1D-CNN,16,3,-13,0.778745281489544
1D-CNN,16,3,-12,0.7794773224644813
1D-CNN,16,3,-11,0.7802556620814228
1D-CNN,16,3,-10,0.7810224049093961
1D-CNN,16,3,-9,0.7818007086121853
1D-CNN,16,3,-8,0.7825326803061354
1D-CNN,16,3,-7,0.7834035753982956
1D-CNN,16,3,-6,0.7841818244972154
1D-CNN,16,3,-5,0.7849137431978697
1D-CNN,16,3,-4,0.7856572229104676
1D-CNN,16,3,-3,0.7865511971472237
1D-CNN,16,3,-2,0.7874451506836627
1D-CNN,16,3,-1,0.7882927732882581
1D-CNN,16,3,0,0.7892329956584659
1D-CNN,16,3,1,0.7901220274619677
1D-CNN,16,3,2,0.7910921236960624
1D-CNN,16,3,3,0.7920390867410735
1D-CNN,16,3,4,0.7929976496740804
1D-CNN,16,3,5,0.7940951719346996
1D-CNN,16,3,6,0.7951232502402482
1D-CNN,16,3,7,0.7963018710633568
1D-CNN,16,3,8,0.7975847256475274
1D-CNN,16,3,9,0.7988907672000556
1D-CNN,16,3,10,0.8001852602327332
1D-CNN,16,3,11,0.8015029410402482
1D-CNN,16,3,12,0.8027511781665759
1D-CNN,16,3,13,0.8040573400338111
1D-CNN,16,3,14,0.8053982700524542
1D-CNN,16,3,15,0.806577119036591
1D-CNN,16,3,16,0.8076980974768119
1D-CNN,16,3,17,0.8090043771277704
1D-CNN,16,3,18,0.810136989473928
1D-CNN,16,3,19,0.8113506878502942
1D-CNN,16,3,20,0.8126223148630652
1D-CNN,16,3,21,0.8138360701299303
1D-CNN,16,3,22,0.8148761479045314
1D-CNN,16,3,23,0.8158351862145636
1D-CNN,16,3,24,0.8167247628863592
1D-CNN,16,3,25,0.8177301679212508
1D-CNN,16,3,26,0.8185271398626504
1D-CNN,16,3,27,0.819439940705054
1D-CNN,16,3,28,0.8201790450160399
1D-CNN,16,3,29,0.820709702823524
1D-CNN,16,3,30,0.8211129770108286
1D-CNN,16,3,31,0.8215278421198925
1D-CNN,16,3,32,0.8217458276872474
1D-CNN,16,3,33,0.8221028004910704
1D-CNN,16,3,34,0.8223323797500608
1D-CNN,16,3,35,0.8224229789205467
1D-CNN,16,3,36,0.8225135801897173
1D-CNN,16,3,37,0.8224304477750237
1D-CNN,16,3,38,0.8223473134345646
1D-CNN,16,3,39,0.8221830985915493
1D-CNN,16,3,40,0.8219493832165402
1D-CNN,16,3,41,0.8216229990502004
1D-CNN,16,3,42,0.8213661056606396
1D-CNN,16,3,43,0.8211902886531066
1D-CNN,16,3,44,0.8209565509492535
1D-CNN,16,3,45,0.8206880574539558
1D-CNN,16,3,46,0.8204079741454204
1D-CNN,16,3,47,0.8200120470762673
1D-CNN,16,3,48,0.8196392785571143
1D-CNN,16,3,49,0.8193012533883187
1D-CNN,16,3,50,0.8190443092962642
1D-CNN,16,3,51,0.8188105277790649
1D-CNN,16,3,52,0.818472481262236
1D-CNN,16,3,53,0.8181112578485207
1D-CNN,16,3,54,0.8177847800651058
1D-CNN,16,3,55,0.8175393883225208
1D-CNN,16,3,56,0.8174214251786976
1D-CNN,16,3,57,0.8172571190250005
1D-CNN,16,3,58,0.8168726902000765
1D-CNN,16,3,59,0.8163723990917096
1D-CNN,16,3,60,0.8158720963911256
1D-CNN,17,3,-60,0.7624862422522157
1D-CNN,17,3,-59,0.7633694795866351
1D-CNN,17,3,-58,0.7639283107614954
1D-CNN,17,3,-57,0.764660905025603
1D-CNN,17,3,-56,0.7654861617952016
1D-CNN,17,3,-55,0.7661839666357738
1D-CNN,17,3,-54,0.766835416642532
1D-CNN,17,3,-53,0.7674173443618081
1D-CNN,17,3,-52,0.7678949990153262
1D-CNN,17,3,-51,0.7685695750891989
1D-CNN,17,3,-50,0.7690703735881842
1D-CNN,17,3,-49,0.7697796724046058
1D-CNN,17,3,-48,0.7705005386495535
1D-CNN,17,3,-47,0.7712098044666852
1D-CNN,17,3,-46,0.7718611358871295
1D-CNN,17,3,-45,0.772535619135874
1D-CNN,17,3,-44,0.773175336785164
1D-CNN,17,3,-43,0.7737687068526155
1D-CNN,17,3,-42,0.77440839539921
1D-CNN,17,3,-41,0.7749090740612041
1D-CNN,17,3,-40,0.7754908206405282
1D-CNN,17,3,-39,0.7759914751667902
1D-CNN,17,3,-38,0.7765731957329998
1D-CNN,17,3,-37,0.7771664852092937
1D-CNN,17,3,-36,0.777759760942332
1D-CNN,17,3,-35,0.7782256196432707
1D-CNN,17,3,-34,0.7787725414345444
1D-CNN,17,3,-33,0.7792731231613815
1D-CNN,17,3,-32,0.7798779287261272
1D-CNN,17,3,-31,0.7806101176688595
1D-CNN,17,3,-30,0.7813422896519775
1D-CNN,17,3,-29,0.7820049568017048
1D-CNN,17,3,-28,0.7828644886330736
1D-CNN,17,3,-27,0.7836197711585676
1D-CNN,17,3,-26,0.7846645589410416
1D-CNN,17,3,-25,0.7857903879559931
1D-CNN,17,3,-24,0.7868235457609061
1D-CNN,17,3,-23,0.7879609042060404
1D-CNN,17,3,-22,0.7890519148147719
1D-CNN,17,3,-21,0.7901776408736133
1D-CNN,17,3,-20,0.7914191419141914
1D-CNN,17,3,-19,0.7926490342303951
1D-CNN,17,3,-18,0.7937167803420684
1D-CNN,17,3,-17,0.7949813566780147
1D-CNN,17,3,-16,0.7960837897613451
1D-CNN,17,3,-15,0.7972788327929597
1D-CNN,17,3,-14,0.7983696344414725
1D-CNN,17,3,-13,0.7996109399967578
1D-CNN,17,3,-12,0.8007016893808692
1D-CNN,17,3,-11,0.8017460979111667
1D-CNN,17,3,-10,0.8027210096682684
1D-CNN,17,3,-9,0.8038232637843595
1D-CNN,17,3,-8,0.804821285907812
1D-CNN,17,3,-7,0.8058424416450537
1D-CNN,17,3,-6,0.8067130567680534
1D-CNN,17,3,-5,0.80791941646405
1D-CNN,17,3,-4,0.8090331245441178
1D-CNN,17,3,-3,0.8100426064002223
1D-CNN,17,3,-2,0.8109247102682551
1D-CNN,17,3,-1,0.8119109917336236
1D-CNN,17,3,0,0.8128972503617945
1D-CNN,17,3,1,0.8137865561395791
1D-CNN,17,3,2,0.8148263925069177
1D-CNN,17,3,3,0.8158778307784931
1D-CNN,17,3,4,0.81665142235241
1D-CNN,17,3,5,0.8173092508973023
1D-CNN,17,3,6,0.8177355301091827
1D-CNN,17,3,7,0.8180807706557984
1D-CNN,17,3,8,0.8186575891254761
1D-CNN,17,3,9,0.8190144269735775
1D-CNN,17,3,10,0.8194291669078909
1D-CNN,17,3,11,0.8199944421286647
1D-CNN,17,3,12,0.8203976239824925
1D-CNN,17,3,13,0.8209050276742086
1D-CNN,17,3,14,0.8214587603200518
1D-CNN,17,3,15,0.8220125057897174
1D-CNN,17,3,16,0.8225083662386086
1D-CNN,17,3,17,0.8229926584682369
1D-CNN,17,3,18,0.8233148441932906
1D-CNN,17,3,19,0.8234170179257956
1D-CNN,17,3,20,0.8233918128654971
1D-CNN,17,3,21,0.8234360886583134
1D-CNN,17,3,22,0.8234803654765903
1D-CNN,17,3,23,0.8232582916435056
1D-CNN,17,3,24,0.8231983416520944
1D-CNN,17,3,25,0.8229762594093805
1D-CNN,17,3,26,0.8227889147529213
1D-CNN,17,3,27,0.8224046880066707
1D-CNN,17,3,28,0.8220088711825542
1D-CNN,17,3,29,0.8215667199407036
1D-CNN,17,3,30,0.8209276738664659
1D-CNN,17,3,31,0.8202538682479384
1D-CNN,17,3,32,0.8193484127259882
1D-CNN,17,3,33,0.818385026985708
1D-CNN,17,3,34,0.817491110827996
1D-CNN,17,3,35,0.8165276812601343
1D-CNN,17,3,36,0.8153673311018196
1D-CNN,17,3,37,0.8141490421367185
1D-CNN,17,3,38,0.8130002200678735
1D-CNN,17,3,39,0.8117934581171238
1D-CNN,17,3,40,0.8103897608154282
1D-CNN,17,3,41,0.8088238700859453
1D-CNN,17,3,42,0.8073042753060823
1D-CNN,17,3,43,0.8057614789417598
1D-CNN,17,3,44,0.8042997301085357
1D-CNN,17,3,45,0.8027452797405306
1D-CNN,17,3,46,0.8015267175572519
1D-CNN,17,3,47,0.8003428783245297
1D-CNN,17,3,48,0.7992285148331345
1D-CNN,17,3,49,0.7980214535597618
1D-CNN,17,3,50,0.7969417897480452
1D-CNN,17,3,51,0.7956419999073259
1D-CNN,17,3,52,0.794330595553908
1D-CNN,17,3,53,0.7930075762841454
1D-CNN,17,3,54,0.7917540343601209
1D-CNN,17,3,55,0.7905699721964782
1D-CNN,17,3,56,0.7893395428584669
1D-CNN,17,3,57,0.7882828610486805
1D-CNN,17,3,58,0.787191399145012
1D-CNN,17,3,59,0.7861346679642245
1D-CNN,17,3,60,0.7851474251288884
1D-CNN,18,3,-60,0.7548050744366565
1D-CNN,18,3,-59,0.7552365725937253
1D-CNN,18,3,-58,0.7558302536001019
1D-CNN,18,3,-57,0.7565745267499246
1D-CNN,18,3,-56,0.7573419525249365
1D-CNN,18,3,-55,0.7579124189063948
1D-CNN,18,3,-54,0.7584597027374567
1D-CNN,18,3,-53,0.7592039109381155
1D-CNN,18,3,-52,0.7598670111094378
1D-CNN,18,3,-51,0.7605532644455771
1D-CNN,18,3,-50,0.7612626701419056
1D-CNN,18,3,-49,0.7622500752959711
1D-CNN,18,3,-48,0.7631563705445573
1D-CNN,18,3,-47,0.7638657214345288
1D-CNN,18,3,-46,0.7647024754138239
1D-CNN,18,3,-45,0.7654928761728252
1D-CNN,18,3,-44,0.7663643418934103
1D-CNN,18,3,-43,0.7671894546633925
1D-CNN,18,3,-42,0.7681187958254665
1D-CNN,18,3,-41,0.7691639446799639
1D-CNN,18,3,-40,0.7701859037470319
1D-CNN,18,3,-39,0.7712310044477391
1D-CNN,18,3,-38,0.7723919061352607
1D-CNN,18,3,-37,0.7736686047858417
1D-CNN,18,3,-36,0.7748526158514693
1D-CNN,18,3,-35,0.7759323604354876
1D-CNN,18,3,-34,0.777093153889809
1D-CNN,18,3,-33,0.7783581570961988
1D-CNN,18,3,-32,0.7795768041416212
1D-CNN,18,3,-31,0.7810386361530621
1D-CNN,18,3,-30,0.7823498754994499
1D-CNN,18,3,-29,0.7837189910360642
1D-CNN,18,3,-28,0.7850301689693909
1D-CNN,18,3,-27,0.7863065734006578
1D-CNN,18,3,-26,0.7875366246279633
1D-CNN,18,3,-25,0.7889287782281413
1D-CNN,18,3,-24,0.7900082222556775
1D-CNN,18,3,-23,0.7910876412821938
1D-CNN,18,3,-22,0.792097553067062
1D-CNN,18,3,-21,0.7929105773907404
1D-CNN,18,3,-20,0.7938625441491518
1D-CNN,18,3,-19,0.7946639492334059
1D-CNN,18,3,-18,0.7951874196648795
1D-CNN,18,3,-17,0.7956529794576067
1D-CNN,18,3,-16,0.7961648467444041
1D-CNN,18,3,-15,0.7967114404817045
1D-CNN,18,3,-14,0.7970959113488728
1D-CNN,18,3,-13,0.7975035316458627
1D-CNN,18,3,-12,0.7977490360455287
1D-CNN,18,3,-11,0.7980061136584689
1D-CNN,18,3,-10,0.7981821339663058
1D-CNN,18,3,-9,0.7984739365027904
1D-CNN,18,3,-8,0.7987309967927565
1D-CNN,18,3,-7,0.7990806780288996
1D-CNN,18,3,-6,0.7993608817978672
1D-CNN,18,3,-5,0.7994905638531897
1D-CNN,18,3,-4,0.7996665547463848
1D-CNN,18,3,-3,0.799784652433659
1D-CNN,18,3,-2,0.7998795920021303
1D-CNN,18,3,-1,0.7998124435594044
1D-CNN,18,3,0,0.7995369030390738
1D-CNN,18,3,1,0.7991293676337787
1D-CNN,18,3,2,0.7988491774049761
1D-CNN,18,3,3,0.7984068911221229
1D-CNN,18,3,4,0.7979645945977237
1D-CNN,18,3,5,0.7973023040407549
1D-CNN,18,3,6,0.7969526103115702
1D-CNN,18,3,7,0.7966839570211189
1D-CNN,18,3,8,0.7963458265309666
1D-CNN,18,3,9,0.7957298010791284
1D-CNN,18,3,10,0.7952179702425751
1D-CNN,18,3,11,0.7944282339863832
1D-CNN,18,3,12,0.7936847955721779
1D-CNN,18,3,13,0.7928602857738357
1D-CNN,18,3,14,0.792197867092785
1D-CNN,18,3,15,0.7914312181565539
1D-CNN,18,3,16,0.7906298127583692
1D-CNN,18,3,17,0.7897936496908219
1D-CNN,18,3,18,0.7890964253042603
1D-CNN,18,3,19,0.7884107647413034
1D-CNN,18,3,20,0.7876903479821666
1D-CNN,18,3,21,0.7869699145378326
1D-CNN,18,3,22,0.7861915625398075
1D-CNN,18,3,23,0.7853552899759125
1D-CNN,18,3,24,0.784623223819064
1D-CNN,18,3,25,0.7839027214823393
1D-CNN,18,3,26,0.7830548124471621
1D-CNN,18,3,27,0.782195302728494
1D-CNN,18,3,28,0.7814979095973225
1D-CNN,18,3,29,0.7808120816250897
1D-CNN,18,3,30,0.7800683305344838
1D-CNN,18,3,31,0.7793129806355972
1D-CNN,18,3,32,0.7784997046662729
1D-CNN,18,3,33,0.7776748280095435
1D-CNN,18,3,34,0.7767572763808619
1D-CNN,18,3,35,0.7758976140838545
1D-CNN,18,3,36,0.7752579946489999
1D-CNN,18,3,37,0.7746531075540318
1D-CNN,18,3,38,0.7737702259749586
1D-CNN,18,3,39,0.7730610637509266
1D-CNN,18,3,40,0.7723982162506515
1D-CNN,18,3,41,0.7716311070956982
1D-CNN,18,3,42,0.7708755632261128
1D-CNN,18,3,43,0.7701315850437844
1D-CNN,18,3,44,0.7694339229245578
1D-CNN,18,3,45,0.7688636626896791
1D-CNN,18,3,46,0.7681775533134868
1D-CNN,18,3,47,0.7676420164952275
1D-CNN,18,3,48,0.7669674609334276
1D-CNN,18,3,49,0.7666404096100827
1D-CNN,18,3,50,0.7660932522444251
1D-CNN,18,3,51,0.7656387563134238
1D-CNN,18,3,52,0.7650799902691056
1D-CNN,18,3,53,0.7646138875373601
1D-CNN,18,3,54,0.76398558867483
1D-CNN,18,3,55,0.7633572752548656
1D-CNN,18,3,56,0.7625667581876527
1D-CNN,18,3,57,0.761868903357353
1D-CNN,18,3,58,0.76112469154396
1D-CNN,18,3,59,0.7602646091107095
1D-CNN,18,3,60,0.7594045067485373
Transformer,1,1,-60,0.7989688930081678
Transformer,1,1,-59,0.7994230501876824
Transformer,1,1,-58,0.7999235376577036
Transformer,1,1,-57,0.8005398642229894
Transformer,1,1,-56,0.8010750819634148
Transformer,1,1,-55,0.8015060240963855
Transformer,1,1,-54,0.8021338955758158
Transformer,1,1,-53,0.8027617525080513
Transformer,1,1,-52,0.8033316729029343
Transformer,1,1,-51,0.8038552430378574
Transformer,1,1,-50,0.8044135534317984
Transformer,1,1,-49,0.8049486828997058
Transformer,1,1,-48,0.8053563774948741
Transformer,1,1,-47,0.8059146510981373
Transformer,1,1,-46,0.8063802430237811
Transformer,1,1,-45,0.8069616587513031
Transformer,1,1,-44,0.8076357276065377
Transformer,1,1,-43,0.8083097808460362
Transformer,1,1,-42,0.8089259031888154
Transformer,1,1,-41,0.8094493478814836
Transformer,1,1,-40,0.8100886083280245
Transformer,1,1,-39,0.810554114158636
Transformer,1,1,-38,0.8111470169220613
Transformer,1,1,-37,0.8116356644814566
Transformer,1,1,-36,0.8121822119783644
Transformer,1,1,-35,0.8126476719944405
Transformer,1,1,-34,0.8132636870084896
Transformer,1,1,-33,0.813879687753353
Transformer,1,1,-32,0.8145304193738925
Transformer,1,1,-31,0.8151695543407764
Transformer,1,1,-30,0.8157160229312641
Transformer,1,1,-29,0.8163782919880481
Transformer,1,1,-28,0.8169594774572365
Transformer,1,1,-27,0.8176680409505721
Transformer,1,1,-26,0.8185387207726783
Transformer,1,1,-25,0.8192935726693689
Transformer,1,1,-24,0.819874697455733
Transformer,1,1,-23,0.8204442282749675
Transformer,1,1,-22,0.8210021655298599
Transformer,1,1,-21,0.8216179910600552
Transformer,1,1,-20,0.8222338023276011
Transformer,1,1,-19,0.822803279447867
Transformer,1,1,-18,0.823419062727978
Transformer,1,1,-17,0.8239885129345283
Transformer,1,1,-16,0.8245811090911196
Transformer,1,1,-15,0.8251505326540065
Transformer,1,1,-14,0.8258473153390998
Transformer,1,1,-13,0.8266019777216832
Transformer,1,1,-12,0.8272987274643077
Transformer,1,1,-11,0.8278796720855912
Transformer,1,1,-10,0.8285995484281827
Transformer,1,1,-9,0.8292962508394507
Transformer,1,1,-8,0.8299234661386873
Transformer,1,1,-7,0.8306432938125231
Transformer,1,1,-6,0.8312936354479038
Transformer,1,1,-5,0.8319671182123423
Transformer,1,1,-4,0.8325826955806926
Transformer,1,1,-3,0.8331982586949475
Transformer,1,1,-2,0.833883273708219
Transformer,1,1,-1,0.8345682728598884
Transformer,1,1,0,0.8351143270622287
Transformer,1,1,1,0.8357028735499109
Transformer,1,1,2,0.8363030113577159
Transformer,1,1,3,0.8370073634974298
Transformer,1,1,4,0.8377117319470656
Transformer,1,1,5,0.8383350700474702
Transformer,1,1,6,0.8388657967557804
Transformer,1,1,7,0.8394428492034087
Transformer,1,1,8,0.8401125429851679
Transformer,1,1,9,0.8407475163837621
Transformer,1,1,10,0.8414751346031378
Transformer,1,1,11,0.8420522439905516
Transformer,1,1,12,0.8425251554485138
Transformer,1,1,13,0.8429517611912647
Transformer,1,1,14,0.8432741631060316
Transformer,1,1,15,0.8437586845761926
Transformer,1,1,16,0.8441737398534026
Transformer,1,1,17,0.8445424859306607
Transformer,1,1,18,0.8445985849438957
Transformer,1,1,19,0.8447357450553523
Transformer,1,1,20,0.8448960685542238
Transformer,1,1,21,0.8448247909766774
Transformer,1,1,22,0.8448114136162033
Transformer,1,1,23,0.844774874930517
Transformer,1,1,24,0.8446920128313511
Transformer,1,1,25,0.8447017950202663
Transformer,1,1,26,0.8448158056260061
Transformer,1,1,27,0.8448950757400288
Transformer,1,1,28,0.8450901594728247
Transformer,1,1,29,0.845354735598638
Transformer,1,1,30,0.8456077364062772
Transformer,1,1,31,0.8459765588807561
Transformer,1,1,32,0.8464380436167379
Transformer,1,1,33,0.8467026476106646
Transformer,1,1,34,0.8468282739370635
Transformer,1,1,35,0.8469770674079221
Transformer,1,1,36,0.8470679530687175
Transformer,1,1,37,0.8470430169797771
Transformer,1,1,38,0.8469833327542073
Transformer,1,1,39,0.8468078206078576
Transformer,1,1,40,0.8466091388197139
Transformer,1,1,41,0.8464220353510784
Transformer,1,1,42,0.8460959308723199
Transformer,1,1,43,0.8458161516007969
Transformer,1,1,44,0.8454668658998505
Transformer,1,1,45,0.8449554036835399
Transformer,1,1,46,0.8444207624320912
Transformer,1,1,47,0.8438166064312853
Transformer,1,1,48,0.8432008525721965
Transformer,1,1,49,0.8425155804740171
Transformer,1,1,50,0.8416796988126267
Transformer,1,1,51,0.8408553820490247
Transformer,1,1,52,0.840042630585128
Transformer,1,1,53,0.8393225365491995
Transformer,1,1,54,0.8386371798287786
Transformer,1,1,55,0.8380097312326228
Transformer,1,1,56,0.837428607838367
Transformer,1,1,57,0.8367663754952617
Transformer,1,1,58,0.8360925426045854
Transformer,1,1,59,0.8354534501135363
Transformer,1,1,60,0.8346869026241094
Transformer,2,1,-60,0.7908127208480565
Transformer,2,1,-59,0.7911742898188053
Transformer,2,1,-58,0.7915358504118539
Transformer,2,1,-57,0.7918394772816794
Transformer,2,1,-56,0.7922241916611639
Transformer,2,1,-55,0.7925857275254866
Transformer,2,1,-54,0.7929125010136583
Transformer,2,1,-53,0.7932045133337967
Transformer,2,1,-52,0.7936007784715545
Transformer,2,1,-51,0.79403178722024
Transformer,2,1,-50,0.794462785983203
Transformer,2,1,-49,0.7948821907652387
Transformer,2,1,-48,0.7953363374147138
Transformer,2,1,-47,0.7959063108145676
Transformer,2,1,-46,0.7964415202307452
Transformer,2,1,-45,0.796988300706591
Transformer,2,1,-44,0.7975698184893028
Transformer,2,1,-43,0.7981281564194042
Transformer,2,1,-42,0.7986748983586809
Transformer,2,1,-41,0.7990826325665439
Transformer,2,1,-40,0.7995135229049632
Transformer,2,1,-39,0.7998749073387694
Transformer,2,1,-38,0.8001667882831232
Transformer,2,1,-37,0.8004354976951052
Transformer,2,1,-36,0.8006926186312096
Transformer,2,1,-35,0.800891823025249
Transformer,2,1,-34,0.8011952606525289
Transformer,2,1,-33,0.8015566004957031
Transformer,2,1,-32,0.8019642588281621
Transformer,2,1,-31,0.8024182340405819
Transformer,2,1,-30,0.8028258729515316
Transformer,2,1,-29,0.8032682463576772
Transformer,2,1,-28,0.8037685154087577
Transformer,2,1,-27,0.8043498401815907
Transformer,2,1,-26,0.8047690187494934
Transformer,2,1,-25,0.8050839606253619
Transformer,2,1,-24,0.8054683790575674
Transformer,2,1,-23,0.8058412080785622
Transformer,2,1,-22,0.8061792873438097
Transformer,2,1,-21,0.8065173587789796
Transformer,2,1,-20,0.8068554223843437
Transformer,2,1,-19,0.8072629579878642
Transformer,2,1,-18,0.8076936438273677
Transformer,2,1,-17,0.808066421176961
Transformer,2,1,-16,0.8085434060144281
Transformer,2,1,-15,0.8090203798054655
Transformer,2,1,-14,0.8094626046479314
Transformer,2,1,-13,0.8099279775827332
Transformer,2,1,-12,0.810428076838461
Transformer,2,1,-11,0.8110786901949887
Transformer,2,1,-10,0.8118219186012853
Transformer,2,1,-9,0.8125535511659681
Transformer,2,1,-8,0.8131809603204928
Transformer,2,1,-7,0.8138662467580585
Transformer,2,1,-6,0.8144704697287221
Transformer,2,1,-5,0.8151094129906218
Transformer,2,1,-4,0.8158178092183719
Transformer,2,1,-3,0.8166072338257768
Transformer,2,1,-2,0.8174429509221631
Transformer,2,1,-1,0.8181860282029314
Transformer,2,1,0,0.8188943560057887
Transformer,2,1,1,0.8194942922638757
Transformer,2,1,2,0.8201405531821286
Transformer,2,1,3,0.8207984068911222
Transformer,2,1,4,0.8215257435944935
Transformer,2,1,5,0.8222994095171935
Transformer,2,1,6,0.8230267804420568
Transformer,2,1,7,0.8236962763986662
Transformer,2,1,8,0.8241805319161254
Transformer,2,1,9,0.824664798647616
Transformer,2,1,10,0.8250796040062526
Transformer,2,1,11,0.8255175767680978
Transformer,2,1,12,0.826013454835983
Transformer,2,1,13,0.8264861860540516
Transformer,2,1,14,0.8268778731140214
Transformer,2,1,15,0.8272811486799444
Transformer,2,1,16,0.8275686378952976
Transformer,2,1,17,0.8277750758470552
Transformer,2,1,18,0.8280162580914112
Transformer,2,1,19,0.8282690258928158
Transformer,2,1,20,0.82847547912686
Transformer,2,1,21,0.8287166778608982
Transformer,2,1,22,0.8288652391926163
Transformer,2,1,23,0.8291411895497499
Transformer,2,1,24,0.8293476624474528
Transformer,2,1,25,0.8296120440069484
Transformer,2,1,26,0.8298069462298348
Transformer,2,1,27,0.8300018529670635
Transformer,2,1,28,0.8301504395057153
Transformer,2,1,29,0.8302295416116554
Transformer,2,1,30,0.8302623197637385
Transformer,2,1,31,0.8303182618363755
Transformer,2,1,32,0.8305016040674983
Transformer,2,1,33,0.8305807139051679
Transformer,2,1,34,0.8306482435922679
Transformer,2,1,35,0.8308315960157516
Transformer,2,1,36,0.8310728639432933
Transformer,2,1,37,0.8312793903032268
Transformer,2,1,38,0.8313006011327704
Transformer,2,1,39,0.8313449777613047
Transformer,2,1,40,0.8312503619621243
Transformer,2,1,41,0.8311209952046702
Transformer,2,1,42,0.830875794887239
Transformer,2,1,43,0.8305379233656118
Transformer,2,1,44,0.8302000440166336
Transformer,2,1,45,0.8297810726282868
Transformer,2,1,46,0.8293852587195496
Transformer,2,1,47,0.8290705217310722
Transformer,2,1,48,0.8287094420053981
Transformer,2,1,49,0.8282788499409216
Transformer,2,1,50,0.827871416159861
Transformer,2,1,51,0.8274408044112878
Transformer,2,1,52,0.826940676297163
Transformer,2,1,53,0.8264173675308728
Transformer,2,1,54,0.8257897846410491
Transformer,2,1,55,0.8251042632066728
Transformer,2,1,56,0.8244071409539035
Transformer,2,1,57,0.8236868324103895
Transformer,2,1,58,0.823036018397303
Transformer,2,1,59,0.8223967746420131
Transformer,2,1,60,0.8218501998493889
Transformer,3,1,-60,0.780223599606094
Transformer,3,1,-59,0.7803883405162426
Transformer,3,1,-58,0.7805530776092774
Transformer,3,1,-57,0.780636715401191
Transformer,3,1,-56,0.7808593704746348
Transformer,3,1,-55,0.781128359592215
Transformer,3,1,-54,0.7815016044763151
Transformer,3,1,-53,0.7819095943096778
Transformer,3,1,-52,0.7822712370978766
Transformer,3,1,-51,0.7826444557712803
Transformer,3,1,-50,0.7830176657978569
Transformer,3,1,-49,0.7834487871556657
Transformer,3,1,-48,0.7839146501094675
Transformer,3,1,-47,0.784473172087851
Transformer,3,1,-46,0.7851938514288362
Transformer,3,1,-45,0.7858334298621569
Transformer,3,1,-44,0.7865540767511091
Transformer,3,1,-43,0.7871588750405412
Transformer,3,1,-42,0.787867906825895
Transformer,3,1,-41,0.7885074246530914
Transformer,3,1,-40,0.7892511727572826
Transformer,3,1,-39,0.7900528169014085
Transformer,3,1,-38,0.7907849473574481
Transformer,3,1,-37,0.7916792142509671
Transformer,3,1,-36,0.792422891161584
Transformer,3,1,-35,0.7931086402594394
Transformer,3,1,-34,0.7937596275234245
Transformer,3,1,-33,0.7944453452549165
Transformer,3,1,-32,0.7952816093950871
Transformer,3,1,-31,0.7961525989066988
Transformer,3,1,-30,0.7969540795645376
Transformer,3,1,-29,0.7978597734695295
Transformer,3,1,-28,0.7987191216834401
Transformer,3,1,-27,0.7995552879047575
Transformer,3,1,-26,0.800437758399055
Transformer,3,1,-25,0.8014128546612623
Transformer,3,1,-24,0.8023647670553902
Transformer,3,1,-23,0.8033861404483973
Transformer,3,1,-22,0.804199043461142
Transformer,3,1,-21,0.8051277300414572
Transformer,3,1,-20,0.8060100746916797
Transformer,3,1,-19,0.8069502987632591
Transformer,3,1,-18,0.8078326018736176
Transformer,3,1,-17,0.8086454063317816
Transformer,3,1,-16,0.8095045102421288
Transformer,3,1,-15,0.8102709587772117
Transformer,3,1,-14,0.8110489688632601
Transformer,3,1,-13,0.8117922234316018
Transformer,3,1,-12,0.8126628301471696
Transformer,3,1,-11,0.8136260478903247
Transformer,3,1,-10,0.8145660857986453
Transformer,3,1,-9,0.8155987309820995
Transformer,3,1,-8,0.8167355587203445
Transformer,3,1,-7,0.8178839384957391
Transformer,3,1,-6,0.8188933529391332
Transformer,3,1,-5,0.8200879935162673
Transformer,3,1,-4,0.821305762350789
Transformer,3,1,-3,0.8225003473347844
Transformer,3,1,-2,0.8237875261945283
Transformer,3,1,-1,0.8248315465302059
Transformer,3,1,0,0.8260376266280752
Transformer,3,1,1,0.8271007479102508
Transformer,3,1,2,0.8280712722725851
Transformer,3,1,3,0.82897235215116
Transformer,3,1,4,0.8298155630940941
Transformer,3,1,5,0.8306009030913512
Transformer,3,1,6,0.8314557306440968
Transformer,3,1,7,0.8321484809188588
Transformer,3,1,8,0.8327601977607187
Transformer,3,1,9,0.8333950860292244
Transformer,3,1,10,0.8340994615874486
Transformer,3,1,11,0.8347691167616136
Transformer,3,1,12,0.8353808922802589
Transformer,3,1,13,0.8359926819666057
Transformer,3,1,14,0.8365350100160952
Transformer,3,1,15,0.8371468272348309
Transformer,3,1,16,0.8375618059495825
Transformer,3,1,17,0.8381736492276338
Transformer,3,1,18,0.8386118091179638
Transformer,3,1,19,0.8391541988975867
Transformer,3,1,20,0.8396271206067976
Transformer,3,1,21,0.8401579544664983
Transformer,3,1,22,0.8405266753905482
Transformer,3,1,23,0.8409069853622383
Transformer,3,1,24,0.8412178202916005
Transformer,3,1,25,0.8414360162130863
Transformer,3,1,26,0.8417237026485541
Transformer,3,1,27,0.8418955853059712
Transformer,3,1,28,0.8419979848749812
Transformer,3,1,29,0.8421119681282283
Transformer,3,1,30,0.8421912096820893
Transformer,3,1,31,0.8421430556842397
Transformer,3,1,32,0.8421180640005559
Transformer,3,1,33,0.8420004169465614
Transformer,3,1,34,0.8418132752689915
Transformer,3,1,35,0.8415566365531619
Transformer,3,1,36,0.8411957516302019
Transformer,3,1,37,0.8409043526604739
Transformer,3,1,38,0.8405897819011547
Transformer,3,1,39,0.840089881393625
Transformer,3,1,40,0.839624717669543
Transformer,3,1,41,0.839066879792434
Transformer,3,1,42,0.8384742798234742
Transformer,3,1,43,0.8378353333642219
Transformer,3,1,44,0.8371963721027209
Transformer,3,1,45,0.8365226456619946
Transformer,3,1,46,0.8358952379849182
Transformer,3,1,47,0.8350477249559818
Transformer,3,1,48,0.8343276147671065
Transformer,3,1,49,0.8335148159303107
Transformer,3,1,50,0.8325745728352157
Transformer,3,1,51,0.8314605439970344
Transformer,3,1,52,0.8304044113388089
Transformer,3,1,53,0.8294061768726396
Transformer,3,1,54,0.8283499959453667
Transformer,3,1,55,0.8273285449490269
Transformer,3,1,56,0.826318655220751
Transformer,3,1,57,0.8252739868857017
Transformer,3,1,58,0.8242061239385058
Transformer,3,1,59,0.8230339682098337
Transformer,3,1,60,0.8219776400393906
Transformer,4,1,-60,0.792701152754446
Transformer,4,1,-59,0.7931901385606377
Transformer,4,1,-58,0.7937717946638553
Transformer,4,1,-57,0.7944577029124864
Transformer,4,1,-56,0.7949929911143548
Transformer,4,1,-55,0.7956209453197405
Transformer,4,1,-54,0.7962373003093106
Transformer,4,1,-53,0.7968073028891823
Transformer,4,1,-52,0.7974120454571783
Transformer,4,1,-51,0.7979125156387563
Transformer,4,1,-50,0.7985056472632494
Transformer,4,1,-49,0.7989945091861085
Transformer,4,1,-48,0.799379105030871
Transformer,4,1,-47,0.7996826058752664
Transformer,4,1,-46,0.8000903520253912
Transformer,4,1,-45,0.8004749218116529
Transformer,4,1,-44,0.8008131493901379
Transformer,4,1,-43,0.8011977018950099
Transformer,4,1,-42,0.8016517438291267
Transformer,4,1,-41,0.8021057752449788
Transformer,4,1,-40,0.8025250477790004
Transformer,4,1,-39,0.8029443106004448
Transformer,4,1,-38,0.8033983112686334
Transformer,4,1,-37,0.8039565428895735
Transformer,4,1,-36,0.8044800148252818
Transformer,4,1,-35,0.8049918925179523
Transformer,4,1,-34,0.805561668268841
Transformer,4,1,-33,0.8061777582173218
Transformer,4,1,-32,0.8067822521802578
Transformer,4,1,-31,0.8075836190123228
Transformer,4,1,-30,0.8082459899241415
Transformer,4,1,-29,0.8090589025548375
Transformer,4,1,-28,0.809686497504256
Transformer,4,1,-27,0.8103024968731181
Transformer,4,1,-26,0.8108026728740344
Transformer,4,1,-25,0.8113607411696584
Transformer,4,1,-24,0.8119187965397042
Transformer,4,1,-23,0.8125115805076895
Transformer,4,1,-22,0.8130580292520236
Transformer,4,1,-21,0.8135697246219051
Transformer,4,1,-20,0.81412772856233
Transformer,4,1,-19,0.8145814998378804
Transformer,4,1,-18,0.8152900170223607
Transformer,4,1,-17,0.8158595613608467
Transformer,4,1,-16,0.816486990354219
Transformer,4,1,-15,0.81719546086151
Transformer,4,1,-14,0.81793865286414
Transformer,4,1,-13,0.8187165651559714
Transformer,4,1,-12,0.8195291965309218
Transformer,4,1,-11,0.8204112824788106
Transformer,4,1,-10,0.8211544028252186
Transformer,4,1,-9,0.8218396128105968
Transformer,4,1,-8,0.8226869058784027
Transformer,4,1,-7,0.823557336050389
Transformer,4,1,-6,0.8244045896096979
Transformer,4,1,-5,0.8252055111728609
Transformer,4,1,-4,0.8260990378715078
Transformer,4,1,-3,0.8270620108368453
Transformer,4,1,-2,0.8281291607330995
Transformer,4,1,-1,0.8290573552226365
Transformer,4,1,0,0.8300086830680173
Transformer,4,1,1,0.8308518767221618
Transformer,4,1,2,0.8316603568244706
Transformer,4,1,3,0.8324572778215162
Transformer,4,1,4,0.8334973544360954
Transformer,4,1,5,0.8343522056269538
Transformer,4,1,6,0.8351028725584411
Transformer,4,1,7,0.8358882919599852
Transformer,4,1,8,0.8366158370673984
Transformer,4,1,9,0.8374012921751616
Transformer,4,1,10,0.8382215017657616
Transformer,4,1,11,0.8392038349312213
Transformer,4,1,12,0.8401282956821787
Transformer,4,1,13,0.8411454111762118
Transformer,4,1,14,0.8420235986151157
Transformer,4,1,15,0.8429365446966188
Transformer,4,1,16,0.8439074097662085
Transformer,4,1,17,0.8447856596956854
Transformer,4,1,18,0.8455828711048322
Transformer,4,1,19,0.8462643012645329
Transformer,4,1,20,0.8469573273116785
Transformer,4,1,21,0.8477082706070361
Transformer,4,1,22,0.8483897490533044
Transformer,4,1,23,0.8489091161756531
Transformer,4,1,24,0.8495095598198052
Transformer,4,1,25,0.8499710480602201
Transformer,4,1,26,0.850490451539682
Transformer,4,1,27,0.8509403807847316
Transformer,4,1,28,0.8512513463119737
Transformer,4,1,29,0.8515159937924166
Transformer,4,1,30,0.8516764143841565
Transformer,4,1,31,0.8518136755304364
Transformer,4,1,32,0.8519972667153098
Transformer,4,1,33,0.8521113710592759
Transformer,4,1,34,0.852132822181814
Transformer,4,1,35,0.8521311095668288
Transformer,4,1,36,0.8520714856553817
Transformer,4,1,37,0.8520466075192846
Transformer,4,1,38,0.8519174861299327
Transformer,4,1,39,0.8518462750185323
Transformer,4,1,40,0.8518098106214166
Transformer,4,1,41,0.8517617624574327
Transformer,4,1,42,0.8516673809551388
Transformer,4,1,43,0.8517235787425288
Transformer,4,1,44,0.8517797778318333
Transformer,4,1,45,0.8516390594231438
Transformer,4,1,46,0.851278249487426
Transformer,4,1,47,0.8510332684644611
Transformer,4,1,48,0.8507071947362934
Transformer,4,1,49,0.850357945462549
Transformer,4,1,50,0.8498928467998842
Transformer,4,1,51,0.8494161530976322
Transformer,4,1,52,0.8488699419621654
Transformer,4,1,53,0.8482426264451705
Transformer,4,1,54,0.8476848043929055
Transformer,4,1,55,0.8472428174235404
Transformer,4,1,56,0.8468471599531968
Transformer,4,1,57,0.8462197919321578
Transformer,4,1,58,0.8457314318152855
Transformer,4,1,59,0.8451619630196023
Transformer,4,1,60,0.844627237444245
Transformer,5,1,-60,0.78506632682616
Transformer,5,1,-59,0.7855206450715974
Transformer,5,1,-58,0.7859517823835397
Transformer,5,1,-57,0.7863365694293195
Transformer,5,1,-56,0.7866402530149793
Transformer,5,1,-55,0.7870250231696014
Transformer,5,1,-54,0.7874213690758911
Transformer,5,1,-53,0.7878177057992168
Transformer,5,1,-52,0.7883067085249585
Transformer,5,1,-51,0.7888072841851629
Transformer,5,1,-50,0.7892267593397047
Transformer,5,1,-49,0.7897157287491602
Transformer,5,1,-48,0.7900888482166646
Transformer,5,1,-47,0.7904967102214808
Transformer,5,1,-46,0.7908929791842834
Transformer,5,1,-45,0.7912197382138306
Transformer,5,1,-44,0.7916159896213412
Transformer,5,1,-43,0.7919427327062967
Transformer,5,1,-42,0.7922347190529693
Transformer,5,1,-41,0.7926309449347881
Transformer,5,1,-40,0.7931429895175769
Transformer,5,1,-39,0.7935739436619719
Transformer,5,1,-38,0.7939817227839744
Transformer,5,1,-37,0.7944242396163914
Transformer,5,1,-36,0.7948204171926939
Transformer,5,1,-35,0.7952744961779014
Transformer,5,1,-34,0.795693818695637
Transformer,5,1,-33,0.7962868592342082
Transformer,5,1,-32,0.7966945785993074
Transformer,5,1,-31,0.7972181043268786
Transformer,5,1,-30,0.7976026405698071
Transformer,5,1,-29,0.7979755865934728
Transformer,5,1,-28,0.7983716863353678
Transformer,5,1,-27,0.7988835873442349
Transformer,5,1,-26,0.7994418001366548
Transformer,5,1,-25,0.799976838448176
Transformer,5,1,-24,0.8006624127109124
Transformer,5,1,-23,0.8013248100796739
Transformer,5,1,-22,0.8021029958426459
Transformer,5,1,-21,0.802915904300901
Transformer,5,1,-20,0.8036940536158879
Transformer,5,1,-19,0.8045300847653898
Transformer,5,1,-18,0.8054124159014324
Transformer,5,1,-17,0.8063178860094027
Transformer,5,1,-16,0.8071654373024236
Transformer,5,1,-15,0.8079550717924965
Transformer,5,1,-14,0.8087099500932133
Transformer,5,1,-13,0.8094300734119173
Transformer,5,1,-12,0.8102312332827716
Transformer,5,1,-11,0.8109397434116067
Transformer,5,1,-10,0.8116829734267353
Transformer,5,1,-9,0.8125188152745293
Transformer,5,1,-8,0.8133199022774903
Transformer,5,1,-7,0.8142483327158206
Transformer,5,1,-6,0.8150956940568954
Transformer,5,1,-5,0.8161051290957508
Transformer,5,1,-4,0.8171724305611837
Transformer,5,1,-3,0.818204973834113
Transformer,5,1,-2,0.8193069593507231
Transformer,5,1,-1,0.8203857642346076
Transformer,5,1,0,0.821534008683068
Transformer,5,1,1,0.8227128534049598
Transformer,5,1,2,0.8237064823498084
Transformer,5,1,3,0.824688556476636
Transformer,5,1,4,0.8256822313044888
Transformer,5,1,5,0.8265601481996063
Transformer,5,1,6,0.8273570378260718
Transformer,5,1,7,0.8281423675435347
Transformer,5,1,8,0.8288466659719569
Transformer,5,1,9,0.8296436097538383
Transformer,5,1,10,0.8303247843455104
Transformer,5,1,11,0.8309828169144551
Transformer,5,1,12,0.8316292856894735
Transformer,5,1,13,0.8321947152682893
Transformer,5,1,14,0.8327254200391381
Transformer,5,1,15,0.8331635016211208
Transformer,5,1,16,0.8335668546416702
Transformer,5,1,17,0.8339238981912503
Transformer,5,1,18,0.8343735887073428
Transformer,5,1,19,0.834707489925425
Transformer,5,1,20,0.834971918244456
Transformer,5,1,21,0.8350742293350627
Transformer,5,1,22,0.8352460250367677
Transformer,5,1,23,0.8352556976097832
Transformer,5,1,24,0.8352306284814305
Transformer,5,1,25,0.8351823972206138
Transformer,5,1,26,0.8351689075727571
Transformer,5,1,27,0.8350511882151295
Transformer,5,1,28,0.8348639790612297
Transformer,5,1,29,0.8345956963843143
Transformer,5,1,30,0.834466384851468
Transformer,5,1,31,0.834267580839433
Transformer,5,1,32,0.8340456087928378
Transformer,5,1,33,0.8338352134534757
Transformer,5,1,34,0.8336711411727916
Transformer,5,1,35,0.8336460504980311
Transformer,5,1,36,0.8334935544771193
Transformer,5,1,37,0.8334452963932452
Transformer,5,1,38,0.8333507071128253
Transformer,5,1,39,0.8332213676797627
Transformer,5,1,40,0.832953031794753
Transformer,5,1,41,0.8326499409270971
Transformer,5,1,42,0.8323005108127831
Transformer,5,1,43,0.8319742389843858
Transformer,5,1,44,0.8315205430262594
Transformer,5,1,45,0.8311710876867833
Transformer,5,1,46,0.8307289555074193
Transformer,5,1,47,0.830043554814197
Transformer,5,1,48,0.8294392252713519
Transformer,5,1,49,0.8287074577763363
Transformer,5,1,50,0.8278945844193455
Transformer,5,1,51,0.8271859506046986
Transformer,5,1,52,0.8265352223625222
Transformer,5,1,53,0.8259887398345729
Transformer,5,1,54,0.8253263979796341
Transformer,5,1,55,0.8245829471733086
Transformer,5,1,56,0.8237931394015222
Transformer,5,1,57,0.8230264834681063
Transformer,5,1,58,0.8221323725337998
Transformer,5,1,59,0.8212034848695491
Transformer,5,1,60,0.8203672594566414
Transformer,6,1,-60,0.7602270752476394
Transformer,6,1,-59,0.760554242550628
Transformer,6,1,-58,0.7607423798324779
Transformer,6,1,-57,0.761023193308464
Transformer,6,1,-56,0.7613503400178409
Transformer,6,1,-55,0.7616774791473586
Transformer,6,1,-54,0.7620046106972811
Transformer,6,1,-53,0.7623433192002039
Transformer,6,1,-52,0.7627399418463213
Transformer,6,1,-51,0.7631597238311477
Transformer,6,1,-50,0.7635447437011295
Transformer,6,1,-49,0.7639065866598708
Transformer,6,1,-48,0.7641989180673485
Transformer,6,1,-47,0.7643985728848114
Transformer,6,1,-46,0.7646793082278261
Transformer,6,1,-45,0.7649832039847099
Transformer,6,1,-44,0.7652407594027638
Transformer,6,1,-43,0.7654867256637168
Transformer,6,1,-42,0.7656863540013668
Transformer,6,1,-41,0.7658743947923182
Transformer,6,1,-40,0.7660624312271964
Transformer,6,1,-39,0.7664589510748703
Transformer,6,1,-38,0.7668554617371462
Transformer,6,1,-37,0.7671940512868031
Transformer,6,1,-36,0.7676484555067814
Transformer,6,1,-35,0.7679406995598795
Transformer,6,1,-34,0.7682561008095806
Transformer,6,1,-33,0.7686641495448333
Transformer,6,1,-32,0.7691648425465875
Transformer,6,1,-31,0.7696191976280923
Transformer,6,1,-30,0.7700619607388963
Transformer,6,1,-29,0.7705510388437218
Transformer,6,1,-28,0.7710980115116912
Transformer,6,1,-27,0.7715986473340436
Transformer,6,1,-26,0.7720761097407034
Transformer,6,1,-25,0.7726577880718009
Transformer,6,1,-24,0.7732626142140797
Transformer,6,1,-23,0.7738790068556606
Transformer,6,1,-22,0.7745417067154586
Transformer,6,1,-21,0.7753896750584802
Transformer,6,1,-20,0.7761102426032077
Transformer,6,1,-19,0.7769002732873223
Transformer,6,1,-18,0.7777366050233334
Transformer,6,1,-17,0.7785729173903981
Transformer,6,1,-16,0.7792239372850542
Transformer,6,1,-15,0.7799907364520612
Transformer,6,1,-14,0.7807575178610715
Transformer,6,1,-13,0.7814779648456497
Transformer,6,1,-12,0.7822099741787572
Transformer,6,1,-11,0.7830345977490621
Transformer,6,1,-10,0.7838707809876686
Transformer,6,1,-9,0.7845911585577657
Transformer,6,1,-8,0.7854504614030822
Transformer,6,1,-7,0.7863444794368285
Transformer,6,1,-6,0.7871690073984878
Transformer,6,1,-5,0.7881208753039249
Transformer,6,1,-4,0.7891306109689595
Transformer,6,1,-3,0.7900708562960218
Transformer,6,1,-2,0.7909416136987253
Transformer,6,1,-1,0.7917660407066941
Transformer,6,1,0,0.7927178002894356
Transformer,6,1,1,0.7936994929029569
Transformer,6,1,2,0.7945770090190222
Transformer,6,1,3,0.7955703237160191
Transformer,6,1,4,0.7965520834539371
Transformer,6,1,5,0.7973254602292462
Transformer,6,1,6,0.7980756984566222
Transformer,6,1,7,0.7989648944053354
Transformer,6,1,8,0.7997846399666539
Transformer,6,1,9,0.8004423036843202
Transformer,6,1,10,0.8010768251027616
Transformer,6,1,11,0.8018618868973183
Transformer,6,1,12,0.802600650741637
Transformer,6,1,13,0.8033510108612584
Transformer,6,1,14,0.8039624367480691
Transformer,6,1,15,0.804666512274201
Transformer,6,1,16,0.8052432288470223
Transformer,6,1,17,0.8055767850112323
Transformer,6,1,18,0.8060145674351819
Transformer,6,1,19,0.8064176200843022
Transformer,6,1,20,0.8066817208036593
Transformer,6,1,21,0.8070500497950298
Transformer,6,1,22,0.8072794228341806
Transformer,6,1,23,0.8075667037242913
Transformer,6,1,24,0.8078887331935936
Transformer,6,1,25,0.8082223508975102
Transformer,6,1,26,0.8085675572386478
Transformer,6,1,27,0.8087274748691342
Transformer,6,1,28,0.8089105585602279
Transformer,6,1,29,0.8090241586176545
Transformer,6,1,30,0.8092072499855232
Transformer,6,1,31,0.8091471324006301
Transformer,6,1,32,0.8090522682788414
Transformer,6,1,33,0.8089342382617961
Transformer,6,1,34,0.8088741154260433
Transformer,6,1,35,0.8088024090803799
Transformer,6,1,36,0.808858105838613
Transformer,6,1,37,0.8088095624174755
Transformer,6,1,38,0.8087726003914891
Transformer,6,1,39,0.8087356375092661
Transformer,6,1,40,0.808756587710662
Transformer,6,1,41,0.8086617091759909
Transformer,6,1,42,0.8087174081753211
Transformer,6,1,43,0.8085298614650419
Transformer,6,1,44,0.8084697269810381
Transformer,6,1,45,0.8085138422332908
Transformer,6,1,46,0.8083610374265889
Transformer,6,1,47,0.8082082290797887
Transformer,6,1,48,0.8078700754109375
Transformer,6,1,49,0.8075782498899521
Transformer,6,1,50,0.8071126556617434
Transformer,6,1,51,0.8067049719660813
Transformer,6,1,52,0.8062046036398179
Transformer,6,1,53,0.80585482264081
Transformer,6,1,54,0.8054007715387913
Transformer,6,1,55,0.8048308619091752
Transformer,6,1,56,0.8040987499855188
Transformer,6,1,57,0.8032971106837508
Transformer,6,1,58,0.8025533788245652
Transformer,6,1,59,0.8018212150702071
Transformer,6,1,60,0.8010658634072872
Transformer,7,2,-60,0.7252737067717083
Transformer,7,2,-59,0.7248134760646925
Transformer,7,2,-58,0.7243764264281659
Transformer,7,2,-57,0.7240668226789314
Transformer,7,2,-56,0.7236182068837683
Transformer,7,2,-55,0.7231927710843373
Transformer,7,2,-54,0.7227557604754347
Transformer,7,2,-53,0.722341929056324
Transformer,7,2,-52,0.7218817696326587
Transformer,7,2,-51,0.7214216208702099
Transformer,7,2,-50,0.7209498986388647
Transformer,7,2,-49,0.7205940272918935
Transformer,7,2,-48,0.7202265803282867
Transformer,7,2,-47,0.7198359744231304
Transformer,7,2,-46,0.7194337939742149
Transformer,7,2,-45,0.71902003938376
Transformer,7,2,-44,0.7186294610279043
Transformer,7,2,-43,0.7182041421489135
Transformer,7,2,-42,0.717790416179213
Transformer,7,2,-41,0.7174346144045219
Transformer,7,2,-40,0.7171367348120693
Transformer,7,2,-39,0.7166998702742773
Transformer,7,2,-38,0.7162745983761307
Transformer,7,2,-37,0.7158725011003266
Transformer,7,2,-36,0.7154240841334739
Transformer,7,2,-35,0.7150567523743341
Transformer,7,2,-34,0.7146662651579203
Transformer,7,2,-33,0.7143452780801928
Transformer,7,2,-32,0.7139432264341058
Transformer,7,2,-31,0.7135875104234226
Transformer,7,2,-30,0.7132086397591059
Transformer,7,2,-29,0.712852940495217
Transformer,7,2,-28,0.7124972494701611
Transformer,7,2,-27,0.7121184045953584
Transformer,7,2,-26,0.7117511494053202
Transformer,7,2,-25,0.7114418066010423
Transformer,7,2,-24,0.7110745677525449
Transformer,7,2,-23,0.7107420789327404
Transformer,7,2,-22,0.7103864370664598
Transformer,7,2,-21,0.7099844824790976
Transformer,7,2,-20,0.7095825372010885
Transformer,7,2,-19,0.7091574412895456
Transformer,7,2,-18,0.7087207753858981
Transformer,7,2,-17,0.7083188587044629
Transformer,7,2,-16,0.7079864287451221
Transformer,7,2,-15,0.7075961093098657
Transformer,7,2,-14,0.707113164507127
Transformer,7,2,-13,0.7066186517218221
Transformer,7,2,-12,0.7061357294211642
Transformer,7,2,-11,0.705583344912232
Transformer,7,2,-10,0.7050078156660684
Transformer,7,2,-9,0.7045017715304633
Transformer,7,2,-8,0.7039841606169023
Transformer,7,2,-7,0.7034549833271582
Transformer,7,2,-6,0.7028795053780871
Transformer,7,2,-5,0.7023156188491374
Transformer,7,2,-4,0.7018443690590592
Transformer,7,2,-3,0.7013962858333719
Transformer,7,2,-2,0.7008671691385039
Transformer,7,2,-1,0.7003380646953945
Transformer,7,2,0,0.6997858176555717
Transformer,7,2,1,0.6992497742376178
Transformer,7,2,2,0.6987137184073726
Transformer,7,2,3,0.6981313388598157
Transformer,7,2,4,0.6976184135878941
Transformer,7,2,5,0.6971170545328239
Transformer,7,2,6,0.6966504185529531
Transformer,7,2,7,0.6961374583178955
Transformer,7,2,8,0.6957286926719696
Transformer,7,2,9,0.695319917560151
Transformer,7,2,10,0.6949227117466567
Transformer,7,2,11,0.6945254967347506
Transformer,7,2,12,0.6940819563933629
Transformer,7,2,13,0.6936152474467937
Transformer,7,2,14,0.6931601069927398
Transformer,7,2,15,0.6927165354330709
Transformer,7,2,16,0.692354010583726
Transformer,7,2,17,0.6920493758540031
Transformer,7,2,18,0.6917794735806014
Transformer,7,2,19,0.6914169252860253
Transformer,7,2,20,0.6911354293324069
Transformer,7,2,21,0.6908886675776456
Transformer,7,2,22,0.6906303197341146
Transformer,7,2,23,0.6904877709838799
Transformer,7,2,24,0.6902988963648365
Transformer,7,2,25,0.690040532715692
Transformer,7,2,26,0.689782163082375
Transformer,7,2,27,0.6894079770232084
Transformer,7,2,28,0.6889990387622037
Transformer,7,2,29,0.6885553470919324
Transformer,7,2,30,0.6881348080375239
Transformer,7,2,31,0.6877142592421014
Transformer,7,2,32,0.6872242104165943
Transformer,7,2,33,0.6867341502397443
Transformer,7,2,34,0.6862324967280898
Transformer,7,2,35,0.6857424137132268
Transformer,7,2,36,0.6852407370944764
Transformer,7,2,37,0.6847390488545021
Transformer,7,2,38,0.6842605140322225
Transformer,7,2,39,0.6838514640474426
Transformer,7,2,40,0.6834192390108299
Transformer,7,2,41,0.6829870039613594
Transformer,7,2,42,0.6825200097297673
Transformer,7,2,43,0.6820414214891349
Transformer,7,2,44,0.6816554887583834
Transformer,7,2,45,0.6812000463338352
Transformer,7,2,46,0.6807330097649689
Transformer,7,2,47,0.6802659623760541
Transformer,7,2,48,0.6798684073349011
Transformer,7,2,49,0.6794708430831963
Transformer,7,2,50,0.6791659426585578
Transformer,7,2,51,0.6787915295862101
Transformer,7,2,52,0.6784055234410297
Transformer,7,2,53,0.6780310928847803
Transformer,7,2,54,0.6776103149870831
Transformer,7,2,55,0.6772126969416126
Transformer,7,2,56,0.6768498244882355
Transformer,7,2,57,0.6765101137653792
Transformer,7,2,58,0.6761240543577742
Transformer,7,2,59,0.6757264006673155
Transformer,7,2,60,0.6753750796501188
Transformer,8,2,-60,0.4805422000810983
Transformer,8,2,-59,0.47978358589369297
Transformer,8,2,-58,0.47896706326679567
Transformer,8,2,-57,0.4780926342130262
Transformer,8,2,-56,0.47728773502936783
Transformer,8,2,-55,0.47642493049119555
Transformer,8,2,-54,0.4756200692763059
Transformer,8,2,-53,0.4748036421769653
Transformer,8,2,-52,0.47399881839139046
Transformer,8,2,-51,0.4731708447245262
Transformer,8,2,-50,0.4724123950188242
Transformer,8,2,-49,0.471572874916016
Transformer,8,2,-48,0.4709187160448064
Transformer,8,2,-47,0.4702993235103327
Transformer,8,2,-46,0.46967994532544105
Transformer,8,2,-45,0.46924591683076566
Transformer,8,2,-44,0.46878873174178454
Transformer,8,2,-43,0.4682157253393875
Transformer,8,2,-42,0.46785122722481554
Transformer,8,2,-41,0.46754465216484814
Transformer,8,2,-40,0.46721491863091447
Transformer,8,2,-39,0.4668851927353595
Transformer,8,2,-38,0.46655547447791795
Transformer,8,2,-37,0.46627209340035675
Transformer,8,2,-36,0.4659887188871773
Transformer,8,2,-35,0.4656590224693074
Transformer,8,2,-34,0.4652250958409099
Transformer,8,2,-33,0.4648259248106368
Transformer,8,2,-32,0.4644035995969563
Transformer,8,2,-31,0.46400444732697116
Transformer,8,2,-30,0.4636053043025074
Transformer,8,2,-29,0.4630903573993005
Transformer,8,2,-28,0.4625059353538629
Transformer,8,2,-27,0.4618520405799787
Transformer,8,2,-26,0.461267646411655
Transformer,8,2,-25,0.46069484655471915
Transformer,8,2,-24,0.4602957695915508
Transformer,8,2,-23,0.4598503798406522
Transformer,8,2,-22,0.45942816115247875
Transformer,8,2,-21,0.45899437200361304
Transformer,8,2,-20,0.45859533321753226
Transformer,8,2,-19,0.4582426235582936
Transformer,8,2,-18,0.4579246615792582
Transformer,8,2,-17,0.45760670696403344
Transformer,8,2,-16,0.45731191885038036
Transformer,8,2,-15,0.45713293191292265
Transformer,8,2,-14,0.45683815611213396
Transformer,8,2,-13,0.4565318079710984
Transformer,8,2,-12,0.4562023088591179
Transformer,8,2,-11,0.4558265017831504
Transformer,8,2,-10,0.4554738609390378
Transformer,8,2,-9,0.45521385730495795
Transformer,8,2,-8,0.4549075457061146
Transformer,8,2,-7,0.4546822897369396
Transformer,8,2,-6,0.45443388252729566
Transformer,8,2,-5,0.4542086372583073
Transformer,8,2,-4,0.45401813108566536
Transformer,8,2,-3,0.4538276293243181
Transformer,8,2,-2,0.4535213550530837
Transformer,8,2,-1,0.453377173686526
Transformer,8,2,0,0.4531751085383502
Transformer,8,2,1,0.4530877347349897
Transformer,8,2,2,0.4529193150637352
Transformer,8,2,3,0.45271615801417125
Transformer,8,2,4,0.45247826237973393
Transformer,8,2,5,0.45222878314229475
Transformer,8,2,6,0.452014032812699
Transformer,8,2,7,0.45166033716191184
Transformer,8,2,8,0.451306633320597
Transformer,8,2,9,0.45097607854942917
Transformer,8,2,10,0.4506686736525213
Transformer,8,2,11,0.45031494604233246
Transformer,8,2,12,0.4500191054039346
Transformer,8,2,13,0.4498043120817026
Transformer,8,2,14,0.4495316172809486
Transformer,8,2,15,0.44925891616489116
Transformer,8,2,16,0.44904410657835314
Transformer,8,2,17,0.4488524514231455
Transformer,8,2,18,0.44861447248051695
Transformer,8,2,19,0.4484459678539997
Transformer,8,2,20,0.4482195587979851
Transformer,8,2,21,0.44793524330083145
Transformer,8,2,22,0.4476393408451357
Transformer,8,2,23,0.44737817305910693
Transformer,8,2,24,0.4470938379404987
Transformer,8,2,25,0.44687898089171973
Transformer,8,2,26,0.44661779522634887
Transformer,8,2,27,0.4464492518645481
Transformer,8,2,28,0.4462691234206168
Transformer,8,2,29,0.4460658281796493
Transformer,8,2,30,0.4457814581041172
Transformer,8,2,31,0.4455549893449458
Transformer,8,2,32,0.44532851533998125
Transformer,8,2,33,0.44522943642723123
Transformer,8,2,34,0.4450492813379507
Transformer,8,2,35,0.44489228630993743
Transformer,8,2,36,0.4447237053938545
Transformer,8,2,37,0.44463619727118997
Transformer,8,2,38,0.4444560269641058
Transformer,8,2,39,0.4441947739065975
Transformer,8,2,40,0.44402617710082815
Transformer,8,2,41,0.4438344105450923
Transformer,8,2,42,0.44349205981490275
Transformer,8,2,43,0.44308020201084186
Transformer,8,2,44,0.44269150131470736
Transformer,8,2,45,0.44237229236650066
Transformer,8,2,46,0.4421457447671119
Transformer,8,2,47,0.4417686034658512
Transformer,8,2,48,0.44143778887254276
Transformer,8,2,49,0.4411764705882353
Transformer,8,2,50,0.4408572256009267
Transformer,8,2,51,0.4404452991056948
Transformer,8,2,52,0.44018396024234563
Transformer,8,2,53,0.4399226153240194
Transformer,8,2,54,0.4397191876831825
Transformer,8,2,55,0.4393303985171455
Transformer,8,2,56,0.43887209073321054
Transformer,8,2,57,0.4385991334368266
Transformer,8,2,58,0.4383493402226676
Transformer,8,2,59,0.4379605171694703
Transformer,8,2,60,0.43765278340960434
Transformer,9,2,-60,0.611353762381973
Transformer,9,2,-59,0.6105588766856667
Transformer,9,2,-58,0.6097060833902939
Transformer,9,2,-57,0.6087722143701197
Transformer,9,2,-56,0.6078731217924211
Transformer,9,2,-55,0.6070319740500464
Transformer,9,2,-54,0.606167676463433
Transformer,9,2,-53,0.6053729060957809
Transformer,9,2,-52,0.6046013229382667
Transformer,9,2,-51,0.6038529261850702
Transformer,9,2,-50,0.6031045467709238
Transformer,9,2,-49,0.6023561846952251
Transformer,9,2,-48,0.6016425915414644
Transformer,9,2,-47,0.6008710962839403
Transformer,9,2,-46,0.6001807040507825
Transformer,9,2,-45,0.5995829954824511
Transformer,9,2,-44,0.5989505507870869
Transformer,9,2,-43,0.5981907056479637
Transformer,9,2,-42,0.5973497967173619
Transformer,9,2,-41,0.5965784047999629
Transformer,9,2,-40,0.5959112758440956
Transformer,9,2,-39,0.5953020756115641
Transformer,9,2,-38,0.5947276370501638
Transformer,9,2,-37,0.5941763765665177
Transformer,9,2,-36,0.5936946223606945
Transformer,9,2,-35,0.5932823720176048
Transformer,9,2,-34,0.5928238032915996
Transformer,9,2,-33,0.5924231544323736
Transformer,9,2,-32,0.5920456782831266
Transformer,9,2,-31,0.591795608264616
Transformer,9,2,-30,0.591418148126701
Transformer,9,2,-29,0.591052278044148
Transformer,9,2,-28,0.5907327411490845
Transformer,9,2,-27,0.5904711168758975
Transformer,9,2,-26,0.5901400132022374
Transformer,9,2,-25,0.5897741748697163
Transformer,9,2,-24,0.589512570786673
Transformer,9,2,-23,0.5892046507318881
Transformer,9,2,-22,0.5889198985559274
Transformer,9,2,-21,0.5885656715380874
Transformer,9,2,-20,0.5880956516704302
Transformer,9,2,-19,0.5877298624299412
Transformer,9,2,-18,0.5873988211725744
Transformer,9,2,-17,0.586975149957155
Transformer,9,2,-16,0.5865283294155792
Transformer,9,2,-15,0.5860930986567855
Transformer,9,2,-14,0.5855073470663841
Transformer,9,2,-13,0.5848752923739607
Transformer,9,2,-12,0.5842895684494517
Transformer,9,2,-11,0.5837617525820944
Transformer,9,2,-10,0.5832802639958317
Transformer,9,2,-9,0.5827524720376074
Transformer,9,2,-8,0.5823288987692058
Transformer,9,2,-7,0.5819516487587996
Transformer,9,2,-6,0.5814933598860702
Transformer,9,2,-5,0.5811161282852843
Transformer,9,2,-4,0.580808373180813
Transformer,9,2,-3,0.5804774695503172
Transformer,9,2,-2,0.580239195118845
Transformer,9,2,-1,0.5798041077176002
Transformer,9,2,0,0.5792648335745296
Transformer,9,2,1,0.5787158172598236
Transformer,9,2,2,0.5782594097692566
Transformer,9,2,3,0.5778724586671606
Transformer,9,2,4,0.5774970765650508
Transformer,9,2,5,0.5770290610165567
Transformer,9,2,6,0.5765841910870798
Transformer,9,2,7,0.5762203593923676
Transformer,9,2,8,0.575821783783158
Transformer,9,2,9,0.5754579348354677
Transformer,9,2,10,0.5750593411682974
Transformer,9,2,11,0.5746723171691909
Transformer,9,2,12,0.5742852842073574
Transformer,9,2,13,0.573944558949538
Transformer,9,2,14,0.5735690878984727
Transformer,9,2,15,0.5733441408059287
Transformer,9,2,16,0.5731076089347954
Transformer,9,2,17,0.572882651288821
Transformer,9,2,18,0.5725882094097757
Transformer,9,2,19,0.5724327203668534
Transformer,9,2,20,0.5724046088819408
Transformer,9,2,21,0.5722606943511592
Transformer,9,2,22,0.5721283568607923
Transformer,9,2,23,0.5720191773207337
Transformer,9,2,24,0.5719099952519369
Transformer,9,2,25,0.571708164447018
Transformer,9,2,26,0.5714136816871069
Transformer,9,2,27,0.571177097327095
Transformer,9,2,28,0.5709636698437699
Transformer,9,2,29,0.5707154934797212
Transformer,9,2,30,0.5705136371532804
Transformer,9,2,31,0.5703349393125173
Transformer,9,2,32,0.5701214921881333
Transformer,9,2,33,0.5698617127238192
Transformer,9,2,34,0.5696019272419823
Transformer,9,2,35,0.5692494788047255
Transformer,9,2,36,0.568966515711324
Transformer,9,2,37,0.5686487989066228
Transformer,9,2,38,0.5683774048206447
Transformer,9,2,39,0.5680249258710156
Transformer,9,2,40,0.5676145248161233
Transformer,9,2,41,0.5673083605532003
Transformer,9,2,42,0.5668631925219788
Transformer,9,2,43,0.5663600982254552
Transformer,9,2,44,0.5659612421957351
Transformer,9,2,45,0.5656087107610333
Transformer,9,2,46,0.5652793383451679
Transformer,9,2,47,0.5648920396626819
Transformer,9,2,48,0.5643888933937239
Transformer,9,2,49,0.5639552394411881
Transformer,9,2,50,0.5635563278308717
Transformer,9,2,51,0.5631110699226172
Transformer,9,2,52,0.5627584768833336
Transformer,9,2,53,0.5623711220778017
Transformer,9,2,54,0.5619721736309821
Transformer,9,2,55,0.5616774791473587
Transformer,9,2,56,0.561255343551246
Transformer,9,2,57,0.560844783243356
Transformer,9,2,58,0.5604805542361296
Transformer,9,2,59,0.5602321701654386
Transformer,9,2,60,0.5599374384521809
Transformer,10,2,-60,0.7998493888663616
Transformer,10,2,-59,0.8002108531442607
Transformer,10,2,-58,0.8005143830299941
Transformer,10,2,-57,0.800829490952061
Transformer,10,2,-56,0.8012604409226243
Transformer,10,2,-55,0.8016334569045412
Transformer,10,2,-54,0.802075972243139
Transformer,10,2,-53,0.8025184773290702
Transformer,10,2,-52,0.8029030501720283
Transformer,10,2,-51,0.8032065242574487
Transformer,10,2,-50,0.8035910802200985
Transformer,10,2,-49,0.8039640432778073
Transformer,10,2,-48,0.8042790783879898
Transformer,10,2,-47,0.804617273653971
Transformer,10,2,-46,0.8049670446779182
Transformer,10,2,-45,0.8053283910575698
Transformer,10,2,-44,0.8056781457413907
Transformer,10,2,-43,0.8060858082750313
Transformer,10,2,-42,0.8066208749840733
Transformer,10,2,-41,0.8072138439085412
Transformer,10,2,-40,0.8078415474604738
Transformer,10,2,-39,0.8084924017790956
Transformer,10,2,-38,0.8091779885796356
Transformer,10,2,-37,0.8098867242697306
Transformer,10,2,-36,0.8105027855314516
Transformer,10,2,-35,0.8111999073430624
Transformer,10,2,-34,0.8119317589557684
Transformer,10,2,-33,0.8125593569757477
Transformer,10,2,-32,0.8131174501696721
Transformer,10,2,-31,0.813675530436394
Transformer,10,2,-30,0.8142683421159302
Transformer,10,2,-29,0.8149190466263637
Transformer,10,2,-28,0.8155465737084091
Transformer,10,2,-27,0.8162898966970862
Transformer,10,2,-26,0.8169521360988546
Transformer,10,2,-25,0.8177996525767226
Transformer,10,2,-24,0.8186818913504187
Transformer,10,2,-23,0.8197378173059107
Transformer,10,2,-22,0.8207126561902887
Transformer,10,2,-21,0.8216295712995345
Transformer,10,2,-20,0.8225927855943489
Transformer,10,2,-19,0.8236370373801473
Transformer,10,2,-18,0.8246233657954769
Transformer,10,2,-17,0.825493874337062
Transformer,10,2,-16,0.826503317546521
Transformer,10,2,-15,0.8275243168133395
Transformer,10,2,-14,0.8286263475411355
Transformer,10,2,-13,0.82970519441421
Transformer,10,2,-12,0.8307724372705905
Transformer,10,2,-11,0.8319322866008986
Transformer,10,2,-10,0.8329879001910496
Transformer,10,2,-9,0.8340550679665609
Transformer,10,2,-8,0.8351337895260922
Transformer,10,2,-7,0.836154594294183
Transformer,10,2,-6,0.8372216883372506
Transformer,10,2,-5,0.8381613986337849
Transformer,10,2,-4,0.8391242430908522
Transformer,10,2,-3,0.840144954383365
Transformer,10,2,-2,0.8410151320435785
Transformer,10,2,-1,0.84190844467085
Transformer,10,2,0,0.842767004341534
Transformer,10,2,1,0.8435524579155764
Transformer,10,2,2,0.8444421289060239
Transformer,10,2,3,0.8452970870189414
Transformer,10,2,4,0.846071019207836
Transformer,10,2,5,0.846891281695033
Transformer,10,2,6,0.8475610462087091
Transformer,10,2,7,0.8479992589848092
Transformer,10,2,8,0.8485648453691803
Transformer,10,2,9,0.8491767593729014
Transformer,10,2,10,0.8497771087824929
Transformer,10,2,11,0.8501574730211662
Transformer,10,2,12,0.8503873186434006
Transformer,10,2,13,0.8506171695884764
Transformer,10,2,14,0.8507543914498442
Transformer,10,2,15,0.8507410838351088
Transformer,10,2,16,0.8506582984981299
Transformer,10,2,17,0.8505986706500845
Transformer,10,2,18,0.8505158817467027
Transformer,10,2,19,0.8503404511556811
Transformer,10,2,20,0.8500955358693764
Transformer,10,2,21,0.8497579729948815
Transformer,10,2,22,0.8494319826757611
Transformer,10,2,23,0.8491059848063739
Transformer,10,2,24,0.8486641729684659
Transformer,10,2,25,0.8482339316734221
Transformer,10,2,26,0.8477110331329836
Transformer,10,2,27,0.847176541436976
Transformer,10,2,28,0.846618875004343
Transformer,10,2,29,0.8460148704051144
Transformer,10,2,30,0.8452718744571197
Transformer,10,2,31,0.844609932363569
Transformer,10,2,32,0.8438089943597049
Transformer,10,2,33,0.8430196196520813
Transformer,10,2,34,0.8421375707948715
Transformer,10,2,35,0.8411280982163539
Transformer,10,2,36,0.8402575892702023
Transformer,10,2,37,0.8393291482313697
Transformer,10,2,38,0.838470180803132
Transformer,10,2,39,0.8375532802075611
Transformer,10,2,40,0.83663635837146
Transformer,10,2,41,0.8356383348391132
Transformer,10,2,42,0.8347677018057985
Transformer,10,2,43,0.8339086317935412
Transformer,10,2,44,0.8330842918534478
Transformer,10,2,45,0.8322830997335805
Transformer,10,2,46,0.8315398070173406
Transformer,10,2,47,0.8308080808080808
Transformer,10,2,48,0.829972082894112
Transformer,10,2,49,0.8291360656117508
Transformer,10,2,50,0.8283231972198088
Transformer,10,2,51,0.8275450627867106
Transformer,10,2,52,0.826766910325174
Transformer,10,2,53,0.8260003243669053
Transformer,10,2,54,0.8252684746469573
Transformer,10,2,55,0.82467562557924
Transformer,10,2,56,0.8240480079704352
Transformer,10,2,57,0.8235246414421095
Transformer,10,2,58,0.8228854107533857
Transformer,10,2,59,0.8223156772788359
Transformer,10,2,60,0.8218038579621155
Transformer,11,3,-60,0.7300469211608642
Transformer,11,3,-59,0.7306988275638352
Transformer,11,3,-58,0.7312116964213307
Transformer,11,3,-57,0.7316782131189323
Transformer,11,3,-56,0.7323880026413652
Transformer,11,3,-55,0.7331093605189991
Transformer,11,3,-54,0.733830701683252
Transformer,11,3,-53,0.7346678714580293
Transformer,11,3,-52,0.7352385806795408
Transformer,11,3,-51,0.735890366526111
Transformer,11,3,-50,0.7367158992180712
Transformer,11,3,-49,0.7375993327618562
Transformer,11,3,-48,0.7382742363339395
Transformer,11,3,-47,0.7388564544527847
Transformer,11,3,-46,0.73948499345527
Transformer,11,3,-45,0.7402525194022935
Transformer,11,3,-44,0.7407536111014583
Transformer,11,3,-43,0.7413821062873558
Transformer,11,3,-42,0.7419758377445472
Transformer,11,3,-41,0.7426274700581462
Transformer,11,3,-40,0.7432790872763074
Transformer,11,3,-39,0.743872776130467
Transformer,11,3,-38,0.7445822764284142
Transformer,11,3,-37,0.7452570131344252
Transformer,11,3,-36,0.7460823034781501
Transformer,11,3,-35,0.7468033356497568
Transformer,11,3,-34,0.7476749168992715
Transformer,11,3,-33,0.7484422413194042
Transformer,11,3,-32,0.7493022016839813
Transformer,11,3,-31,0.7501505605485037
Transformer,11,3,-30,0.7509988997625804
Transformer,11,3,-29,0.7518240567021055
Transformer,11,3,-28,0.7527302627769349
Transformer,11,3,-27,0.7536480289062862
Transformer,11,3,-26,0.7544731264982802
Transformer,11,3,-25,0.7554024319629415
Transformer,11,3,-24,0.7562853933364987
Transformer,11,3,-23,0.7574578469520103
Transformer,11,3,-22,0.7584681481824603
Transformer,11,3,-21,0.7595015864928086
Transformer,11,3,-20,0.7604076197093393
Transformer,11,3,-19,0.7614873315114179
Transformer,11,3,-18,0.7626017578192851
Transformer,11,3,-17,0.763611940989833
Transformer,11,3,-16,0.764529464213342
Transformer,11,3,-15,0.7654585456229736
Transformer,11,3,-14,0.7663297090121698
Transformer,11,3,-13,0.767073481392279
Transformer,11,3,-12,0.7677246042865579
Transformer,11,3,-11,0.7684336065953407
Transformer,11,3,-10,0.7690499623690152
Transformer,11,3,-9,0.7696894611305375
Transformer,11,3,-8,0.7702363171118598
Transformer,11,3,-7,0.7708178955168581
Transformer,11,3,-6,0.7711331612036726
Transformer,11,3,-5,0.7715063100613639
Transformer,11,3,-4,0.7717636706765002
Transformer,11,3,-3,0.7721020701153152
Transformer,11,3,-2,0.7724751947946696
Transformer,11,3,-1,0.7727325352536643
Transformer,11,3,0,0.7731403762662807
Transformer,11,3,1,0.7733808785051057
Transformer,11,3,2,0.7735287647760295
Transformer,11,3,3,0.7737229657759459
Transformer,11,3,4,0.7741024186358847
Transformer,11,3,5,0.7744587240940142
Transformer,11,3,6,0.7748150378029154
Transformer,11,3,7,0.7752060948499444
Transformer,11,3,8,0.7754697974920977
Transformer,11,3,9,0.7756292985665656
Transformer,11,3,10,0.7756267006310427
Transformer,11,3,11,0.7754967347505906
Transformer,11,3,12,0.7754362400565057
Transformer,11,3,13,0.7752946897941224
Transformer,11,3,14,0.7750141846435312
Transformer,11,3,15,0.774698934691987
Transformer,11,3,16,0.7743373591634919
Transformer,11,3,17,0.7738136594177726
Transformer,11,3,18,0.7733594265664625
Transformer,11,3,19,0.7728357033674557
Transformer,11,3,20,0.7722424874066354
Transformer,11,3,21,0.7717882205804016
Transformer,11,3,22,0.7712413002443459
Transformer,11,3,23,0.7707059477487493
Transformer,11,3,24,0.7702516473462959
Transformer,11,3,25,0.7696583671105964
Transformer,11,3,26,0.768914521303084
Transformer,11,3,27,0.7683096307963126
Transformer,11,3,28,0.7674267780003937
Transformer,11,3,29,0.7665554860676812
Transformer,11,3,30,0.7655683594881001
Transformer,11,3,31,0.7646622811081256
Transformer,11,3,32,0.7636056194480155
Transformer,11,3,33,0.7625952607074193
Transformer,11,3,34,0.7615038046814375
Transformer,11,3,35,0.7605049803104007
Transformer,11,3,36,0.759494550550736
Transformer,11,3,37,0.758252449674535
Transformer,11,3,38,0.7571956403395995
Transformer,11,3,39,0.7561967197924389
Transformer,11,3,40,0.755302021196502
Transformer,11,3,41,0.7542103921977437
Transformer,11,3,42,0.7532229854169321
Transformer,11,3,43,0.7522123893805309
Transformer,11,3,44,0.75119018660736
Transformer,11,3,45,0.7502722112822889
Transformer,11,3,46,0.7494700506203014
Transformer,11,3,47,0.7485288666481327
Transformer,11,3,48,0.74776141879134
Transformer,11,3,49,0.7469128651854597
Transformer,11,3,50,0.7461453808282653
Transformer,11,3,51,0.7453662944256522
Transformer,11,3,52,0.7445176835837494
Transformer,11,3,53,0.743611130418665
Transformer,11,3,54,0.7428204029147021
Transformer,11,3,55,0.7419138090824838
Transformer,11,3,56,0.7410419490494561
Transformer,11,3,57,0.7402511642994508
Transformer,11,3,58,0.7396109688705585
Transformer,11,3,59,0.7390286852958895
Transformer,11,3,60,0.7385043155882524
Transformer,12,3,-60,0.7943810461681052
Transformer,12,3,-59,0.7949395245377451
Transformer,12,3,-58,0.7954979899672139
Transformer,12,3,-57,0.7961259528719387
Transformer,12,3,-56,0.7967654861617952
Transformer,12,3,-55,0.7975787766450417
Transformer,12,3,-54,0.7983688789518194
Transformer,12,3,-53,0.7990315330970089
Transformer,12,3,-52,0.7998100158706254
Transformer,12,3,-51,0.8006464019276215
Transformer,12,3,-50,0.8014711844772662
Transformer,12,3,-49,0.8022264439450455
Transformer,12,3,-48,0.8031091083901908
Transformer,12,3,-47,0.8039801686590677
Transformer,12,3,-46,0.804700622038944
Transformer,12,3,-45,0.8055600602339859
Transformer,12,3,-44,0.8064773951419536
Transformer,12,3,-43,0.8074178751795394
Transformer,12,3,-42,0.8083004181483326
Transformer,12,3,-41,0.8091945235944124
Transformer,12,3,-40,0.8101117739039787
Transformer,12,3,-39,0.8110290029651593
Transformer,12,3,-38,0.8119346282590315
Transformer,12,3,-37,0.8128981445018416
Transformer,12,3,-36,0.8138963851793511
Transformer,12,3,-35,0.8149293490850127
Transformer,12,3,-34,0.8158696331985963
Transformer,12,3,-33,0.8169372958699127
Transformer,12,3,-32,0.8178775349478243
Transformer,12,3,-31,0.8189335680533679
Transformer,12,3,-30,0.8200127395911749
Transformer,12,3,-29,0.8212308618812684
Transformer,12,3,-28,0.8224026312437027
Transformer,12,3,-27,0.8234354009357484
Transformer,12,3,-26,0.8245723748972195
Transformer,12,3,-25,0.825801968731905
Transformer,12,3,-24,0.8270546953712175
Transformer,12,3,-23,0.828307392996109
Transformer,12,3,-22,0.8295369008604218
Transformer,12,3,-21,0.8307432197697848
Transformer,12,3,-20,0.8319842510566846
Transformer,12,3,-19,0.8331326138311177
Transformer,12,3,-18,0.8342809500098428
Transformer,12,3,-17,0.8353829407813984
Transformer,12,3,-16,0.8365659630148566
Transformer,12,3,-15,0.8375173691523854
Transformer,12,3,-14,0.8384108567524693
Transformer,12,3,-13,0.8391537944929482
Transformer,12,3,-12,0.8399893472899274
Transformer,12,3,-11,0.8408017229401139
Transformer,12,3,-10,0.8416140797776878
Transformer,12,3,-9,0.8424148391728227
Transformer,12,3,-8,0.8432503155140273
Transformer,12,3,-7,0.8440857725083364
Transformer,12,3,-6,0.8448748972432238
Transformer,12,3,-5,0.8456640037049902
Transformer,12,3,-4,0.8463025784117354
Transformer,12,3,-3,0.8469179826795721
Transformer,12,3,-2,0.8474870619290751
Transformer,12,3,-1,0.8479519299789289
Transformer,12,3,0,0.8482894356005789
Transformer,12,3,1,0.8485076527658786
Transformer,12,3,2,0.8485753649867436
Transformer,12,3,3,0.8486778122539712
Transformer,12,3,4,0.848606592490535
Transformer,12,3,5,0.8484195901354638
Transformer,12,3,6,0.848221005221781
Transformer,12,3,7,0.8480803075213041
Transformer,12,3,8,0.8476617226486969
Transformer,12,3,9,0.8472778639742491
Transformer,12,3,10,0.8466508423551207
Transformer,12,3,11,0.8461627529989347
Transformer,12,3,12,0.8455241249146046
Transformer,12,3,13,0.8448507445404229
Transformer,12,3,14,0.8443394587834786
Transformer,12,3,15,0.8435386753126447
Transformer,12,3,16,0.8427494528653644
Transformer,12,3,17,0.8419023136246787
Transformer,12,3,18,0.841031995090149
Transformer,12,3,19,0.8401269164852471
Transformer,12,3,20,0.839210236813155
Transformer,12,3,21,0.8381893137550085
Transformer,12,3,22,0.8372262689194353
Transformer,12,3,23,0.8361242356864925
Transformer,12,3,24,0.8349063705110538
Transformer,12,3,25,0.8335842501447597
Transformer,12,3,26,0.8322505182457237
Transformer,12,3,27,0.8309630796312596
Transformer,12,3,28,0.8297566794445667
Transformer,12,3,29,0.8284923447525073
Transformer,12,3,30,0.8272627251143668
Transformer,12,3,31,0.8261257296395812
Transformer,12,3,32,0.8250002895428697
Transformer,12,3,33,0.8239095689235829
Transformer,12,3,34,0.8229114789034179
Transformer,12,3,35,0.8219133657632616
Transformer,12,3,36,0.8208689004968786
Transformer,12,3,37,0.8198012462646806
Transformer,12,3,38,0.8188030624181984
Transformer,12,3,39,0.817816438102298
Transformer,12,3,40,0.8168645392946082
Transformer,12,3,41,0.8158662867468205
Transformer,12,3,42,0.8149490924675384
Transformer,12,3,43,0.8139971273687624
Transformer,12,3,44,0.8130219735668531
Transformer,12,3,45,0.81210471446774
Transformer,12,3,46,0.8112569356763081
Transformer,12,3,47,0.8103164674265592
Transformer,12,3,48,0.8094918160019461
Transformer,12,3,49,0.8087250654495749
Transformer,12,3,50,0.8079814653924124
Transformer,12,3,51,0.8073073536907465
Transformer,12,3,52,0.8065289667875305
Transformer,12,3,53,0.8057389773174857
Transformer,12,3,54,0.8048447075450933
Transformer,12,3,55,0.8039620018535681
Transformer,12,3,56,0.8031256154496692
Transformer,12,3,57,0.802266039528256
Transformer,12,3,58,0.8014643697070102
Transformer,12,3,59,0.8006626813105334
Transformer,12,3,60,0.7999073162254533
Transformer,13,3,-60,0.7700052134623182
Transformer,13,3,-59,0.7704481208582418
Transformer,13,3,-58,0.7711111368560075
Transformer,13,3,-57,0.7716930420074608
Transformer,13,3,-56,0.7723212734160497
Transformer,13,3,-55,0.7729494902687674
Transformer,13,3,-54,0.773438676567695
Transformer,13,3,-53,0.774043696855958
Transformer,13,3,-52,0.7747761315060876
Transformer,13,3,-51,0.7756012232982716
Transformer,13,3,-50,0.7763567911960614
Transformer,13,3,-49,0.777147093575516
Transformer,13,3,-48,0.7777983713090921
Transformer,13,3,-47,0.7783917153183209
Transformer,13,3,-46,0.7790545471394317
Transformer,13,3,-45,0.7797289470635932
Transformer,13,3,-44,0.780414914688814
Transformer,13,3,-43,0.7810429504702775
Transformer,13,3,-42,0.7817288869841196
Transformer,13,3,-41,0.7824958880626405
Transformer,13,3,-40,0.7833092025250478
Transformer,13,3,-39,0.7840414195700519
Transformer,13,3,-38,0.7847736196532193
Transformer,13,3,-37,0.7853320669925178
Transformer,13,3,-36,0.7859368304010934
Transformer,13,3,-35,0.7866342367384758
Transformer,13,3,-34,0.7872737170058257
Transformer,13,3,-33,0.7880521646475643
Transformer,13,3,-32,0.7888190125429971
Transformer,13,3,-31,0.7894005373853423
Transformer,13,3,-30,0.7899704673113672
Transformer,13,3,-29,0.7906098719106849
Transformer,13,3,-28,0.7913882358391142
Transformer,13,3,-27,0.7923055542687729
Transformer,13,3,-26,0.7931996896316112
Transformer,13,3,-25,0.7940822235089751
Transformer,13,3,-24,0.7948373498859307
Transformer,13,3,-23,0.7956503613118399
Transformer,13,3,-22,0.7964401931606314
Transformer,13,3,-21,0.7971373648007041
Transformer,13,3,-20,0.7979387412425453
Transformer,13,3,-19,0.7987053592107092
Transformer,13,3,-18,0.7994487997498755
Transformer,13,3,-17,0.800261701289979
Transformer,13,3,-16,0.8011209022800171
Transformer,13,3,-15,0.8018411301528485
Transformer,13,3,-14,0.8026192378504186
Transformer,13,3,-13,0.8033046941942058
Transformer,13,3,-12,0.8039785556314626
Transformer,13,3,-11,0.8047797693483396
Transformer,13,3,-10,0.8056041220401783
Transformer,13,3,-9,0.8066021350994604
Transformer,13,3,-8,0.8074496045943473
Transformer,13,3,-7,0.8084128380881808
Transformer,13,3,-6,0.8093876275052392
Transformer,13,3,-5,0.8104202848211185
Transformer,13,3,-4,0.8114644961850621
Transformer,13,3,-3,0.8125318390219053
Transformer,13,3,-2,0.8134718025308835
Transformer,13,3,-1,0.8144580545071434
Transformer,13,3,0,0.8152590448625181
Transformer,13,3,1,0.8159515594970709
Transformer,13,3,2,0.8168061778565061
Transformer,13,3,3,0.8177187051359237
Transformer,13,3,4,0.8184923180234106
Transformer,13,3,5,0.8193122612018062
Transformer,13,3,6,0.8201438015954798
Transformer,13,3,7,0.8208827343460541
Transformer,13,3,8,0.821679576690171
Transformer,13,3,9,0.8224301229650557
Transformer,13,3,10,0.8231459503271001
Transformer,13,3,11,0.8236996896855171
Transformer,13,3,12,0.824114493475215
Transformer,13,3,13,0.8245177277043144
Transformer,13,3,14,0.8247935989624946
Transformer,13,3,15,0.8251157943492358
Transformer,13,3,16,0.8253337810766683
Transformer,13,3,17,0.8254475555246763
Transformer,13,3,18,0.8253760552126637
Transformer,13,3,19,0.8254203529575247
Transformer,13,3,20,0.8255109721498466
Transformer,13,3,21,0.8256131736804317
Transformer,13,3,22,0.8256690560837493
Transformer,13,3,23,0.8254933296275708
Transformer,13,3,24,0.8252944378177438
Transformer,13,3,25,0.825037637521714
Transformer,13,3,26,0.8247576694576659
Transformer,13,3,27,0.8244313707323853
Transformer,13,3,28,0.8240703209144499
Transformer,13,3,29,0.8235587056725268
Transformer,13,3,30,0.8231049858127281
Transformer,13,3,31,0.8225354396368016
Transformer,13,3,32,0.8218616448351342
Transformer,13,3,33,0.8214078895554886
Transformer,13,3,34,0.8207688120359968
Transformer,13,3,35,0.8201528839471856
Transformer,13,3,36,0.819293714312188
Transformer,13,3,37,0.818376612847182
Transformer,13,3,38,0.8174942376964685
Transformer,13,3,39,0.8167045033358044
Transformer,13,3,40,0.8155904326171309
Transformer,13,3,41,0.8145110848564876
Transformer,13,3,42,0.8135822918235206
Transformer,13,3,43,0.8125608117499884
Transformer,13,3,44,0.8114350580903731
Transformer,13,3,45,0.8103440287269779
Transformer,13,3,46,0.8093108920524968
Transformer,13,3,47,0.8083124826244092
Transformer,13,3,48,0.8074183048177279
Transformer,13,3,49,0.8062924263837082
Transformer,13,3,50,0.8051781059947871
Transformer,13,3,51,0.8041796024280617
Transformer,13,3,52,0.8031810757272106
Transformer,13,3,53,0.8021014341651027
Transformer,13,3,54,0.8009754289222785
Transformer,13,3,55,0.7998146431881371
Transformer,13,3,56,0.7988391895179509
Transformer,13,3,57,0.7978521281772052
Transformer,13,3,58,0.7969461403894945
Transformer,13,3,59,0.7960980582974188
Transformer,13,3,60,0.795365811272664
Transformer,14,3,-60,0.7962231361872212
Transformer,14,3,-59,0.7968974465915937
Transformer,14,3,-58,0.7975254005584068
Transformer,14,3,-57,0.7981185847679511
Transformer,14,3,-56,0.7987117552334944
Transformer,14,3,-55,0.7992701575532901
Transformer,14,3,-54,0.7998053776022057
Transformer,14,3,-53,0.8003753388475707
Transformer,14,3,-52,0.8010147932764153
Transformer,14,3,-51,0.8017005699457856
Transformer,14,3,-50,0.8023515783376773
Transformer,14,3,-49,0.8030141556425643
Transformer,14,3,-48,0.8036998853197725
Transformer,14,3,-47,0.8041191733852284
Transformer,14,3,-46,0.8045616189229575
Transformer,14,3,-45,0.8050272211282289
Transformer,14,3,-44,0.8055738958195782
Transformer,14,3,-43,0.8061205578464532
Transformer,14,3,-42,0.8066672072092942
Transformer,14,3,-41,0.8072254268306809
Transformer,14,3,-40,0.8077604679446343
Transformer,14,3,-39,0.8082723313565604
Transformer,14,3,-38,0.8089000081077637
Transformer,14,3,-37,0.8095624174755033
Transformer,14,3,-36,0.8102016469961432
Transformer,14,3,-35,0.8108871901783646
Transformer,14,3,-34,0.8115379715314857
Transformer,14,3,-33,0.8121308285654721
Transformer,14,3,-32,0.8126773450077018
Transformer,14,3,-31,0.8132470119521913
Transformer,14,3,-30,0.8137935028085008
Transformer,14,3,-29,0.8143631436314364
Transformer,14,3,-28,0.8148748653688026
Transformer,14,3,-27,0.8154328994302126
Transformer,14,3,-26,0.8161877960370126
Transformer,14,3,-25,0.8168268674001158
Transformer,14,3,-24,0.8173732788271126
Transformer,14,3,-23,0.8178617750602186
Transformer,14,3,-22,0.8183039384850556
Transformer,14,3,-21,0.8187460916691757
Transformer,14,3,-20,0.8192229749290718
Transformer,14,3,-19,0.8196766872018157
Transformer,14,3,-18,0.8202577671757935
Transformer,14,3,-17,0.8207346163644365
Transformer,14,3,-16,0.82123461364768
Transformer,14,3,-15,0.8217693376563223
Transformer,14,3,-14,0.8222808906798208
Transformer,14,3,-13,0.8228503276904194
Transformer,14,3,-12,0.8235008047427718
Transformer,14,3,-11,0.8240933722384327
Transformer,14,3,-10,0.8245817171307821
Transformer,14,3,-9,0.8251047866058403
Transformer,14,3,-8,0.8256857364502646
Transformer,14,3,-7,0.8263824564653576
Transformer,14,3,-6,0.8270560038902847
Transformer,14,3,-5,0.8277411138126665
Transformer,14,3,-4,0.828530409512452
Transformer,14,3,-3,0.8291807530218126
Transformer,14,3,-2,0.8299815914695564
Transformer,14,3,-1,0.8306782133512399
Transformer,14,3,0,0.8313748191027497
Transformer,14,3,1,0.8321369856669831
Transformer,14,3,2,0.8328644368031677
Transformer,14,3,3,0.833661371740842
Transformer,14,3,4,0.8344004353313034
Transformer,14,3,5,0.8351626722241519
Transformer,14,3,6,0.835901770311107
Transformer,14,3,7,0.8368492960355687
Transformer,14,3,8,0.8376926372341288
Transformer,14,3,9,0.8386170483755181
Transformer,14,3,10,0.8395762172176229
Transformer,14,3,11,0.8404196192858135
Transformer,14,3,12,0.841274619918252
Transformer,14,3,13,0.842025427850212
Transformer,14,3,14,0.8429615219833027
Transformer,14,3,15,0.8438397406206577
Transformer,14,3,16,0.844891673131926
Transformer,14,3,17,0.8458509923805554
Transformer,14,3,18,0.8467871741723312
Transformer,14,3,19,0.84763073787577
Transformer,14,3,20,0.8486596028023855
Transformer,14,3,21,0.8497116520369641
Transformer,14,3,22,0.850775306011372
Transformer,14,3,23,0.8517926625903279
Transformer,14,3,24,0.8526826556727773
Transformer,14,3,25,0.8537348002316155
Transformer,14,3,26,0.8549375209903994
Transformer,14,3,27,0.8559549729003567
Transformer,14,3,28,0.8570187730899742
Transformer,14,3,29,0.8580825979199963
Transformer,14,3,30,0.8591117030517111
Transformer,14,3,31,0.8599786898915964
Transformer,14,3,32,0.8608109516695042
Transformer,14,3,33,0.8617590512149359
Transformer,14,3,34,0.8625218609930392
Transformer,14,3,35,0.8632615242066249
Transformer,14,3,36,0.8639317110459931
Transformer,14,3,37,0.864601913410086
Transformer,14,3,38,0.8652605487797815
Transformer,14,3,39,0.8659076167531505
Transformer,14,3,40,0.8664620374124051
Transformer,14,3,41,0.8670164709152826
Transformer,14,3,42,0.8674666697554817
Transformer,14,3,43,0.8679284622156327
Transformer,14,3,44,0.8684018486986135
Transformer,14,3,45,0.8687130777250087
Transformer,14,3,46,0.8690938155196979
Transformer,14,3,47,0.8694629784079325
Transformer,14,3,48,0.8698900691556524
Transformer,14,3,49,0.8702476658248963
Transformer,14,3,50,0.8704662612221257
Transformer,14,3,51,0.8707196144756962
Transformer,14,3,52,0.8708571296178307
Transformer,14,3,53,0.8708208799610759
Transformer,14,3,54,0.8708425527971178
Transformer,14,3,55,0.8707831325301205
Transformer,14,3,56,0.8705383519271539
Transformer,14,3,57,0.8702240552376098
Transformer,14,3,58,0.869886580858927
Transformer,14,3,59,0.8695375133231382
Transformer,14,3,60,0.8690609975091236
Transformer,15,3,-60,0.7433354573365001
Transformer,15,3,-59,0.7441030631632606
Transformer,15,3,-58,0.7448011399840124
Transformer,15,3,-57,0.7453485947311106
Transformer,15,3,-56,0.7459539614685063
Transformer,15,3,-55,0.7465129749768304
Transformer,15,3,-54,0.7473036688638918
Transformer,15,3,-53,0.7480132527049883
Transformer,15,3,-52,0.7486417293189532
Transformer,15,3,-51,0.749200685788425
Transformer,15,3,-50,0.7497364610483638
Transformer,15,3,-49,0.7503301438732247
Transformer,15,3,-48,0.7509353968051711
Transformer,15,3,-47,0.7513784635344268
Transformer,15,3,-46,0.7518099364060744
Transformer,15,3,-45,0.7523572338700336
Transformer,15,3,-44,0.7529161019795901
Transformer,15,3,-43,0.7533591252374554
Transformer,15,3,-42,0.7538484704574149
Transformer,15,3,-41,0.7542914726527208
Transformer,15,3,-40,0.7550008687090983
Transformer,15,3,-39,0.755802909562639
Transformer,15,3,-38,0.7563964464829679
Transformer,15,3,-37,0.7571984525932961
Transformer,15,3,-36,0.7580467691309837
Transformer,15,3,-35,0.758848737549224
Transformer,15,3,-34,0.7594306297124194
Transformer,15,3,-33,0.7601051631882514
Transformer,15,3,-32,0.7608260078987295
Transformer,15,3,-31,0.7615815806541276
Transformer,15,3,-30,0.7624297874804563
Transformer,15,3,-29,0.7631853241609339
Transformer,15,3,-28,0.7641261421937068
Transformer,15,3,-27,0.765124843655904
Transformer,15,3,-26,0.7660077128860786
Transformer,15,3,-25,0.7668558193398958
Transformer,15,3,-24,0.7679123577028639
Transformer,15,3,-23,0.7688067444876784
Transformer,15,3,-22,0.7697011105578266
Transformer,15,3,-21,0.7706880978298631
Transformer,15,3,-20,0.7715940015054137
Transformer,15,3,-19,0.7724188244013155
Transformer,15,3,-18,0.7733246870549
Transformer,15,3,-17,0.7741726302137614
Transformer,15,3,-16,0.7751363494250744
Transformer,15,3,-15,0.7760653080129689
Transformer,15,3,-14,0.7768205555748544
Transformer,15,3,-13,0.7777031564808596
Transformer,15,3,-12,0.7784583675879717
Transformer,15,3,-11,0.7792830345977491
Transformer,15,3,-10,0.7800845249811845
Transformer,15,3,-9,0.7809902044786142
Transformer,15,3,-8,0.7817453425498165
Transformer,15,3,-7,0.7825351982215636
Transformer,15,3,-6,0.78337134851625
Transformer,15,3,-5,0.7843001042028482
Transformer,15,3,-4,0.7851825265424738
Transformer,15,3,-3,0.7858912610568239
Transformer,15,3,-2,0.7866694453127714
Transformer,15,3,-1,0.7872507930627272
Transformer,15,3,0,0.787589001447178
Transformer,15,3,1,0.7879917567786603
Transformer,15,3,2,0.7883482106676855
Transformer,15,3,3,0.7886467836798963
Transformer,15,3,4,0.7888758958446701
Transformer,15,3,5,0.7890587009378256
Transformer,15,3,6,0.7891488844377034
Transformer,15,3,7,0.7893664320118562
Transformer,15,3,8,0.7894566211631757
Transformer,15,3,9,0.7893615543153556
Transformer,15,3,10,0.7894285879696636
Transformer,15,3,11,0.7892640452040202
Transformer,15,3,12,0.7891805518566979
Transformer,15,3,13,0.7891433732428614
Transformer,15,3,14,0.789059876564653
Transformer,15,3,15,0.7890226956924502
Transformer,15,3,16,0.7889276161141282
Transformer,15,3,17,0.7888441140369161
Transformer,15,3,18,0.7885984923051982
Transformer,15,3,19,0.7883644448561767
Transformer,15,3,20,0.7880261710381564
Transformer,15,3,21,0.7876415684276351
Transformer,15,3,22,0.7873032784037614
Transformer,15,3,23,0.7868839169909209
Transformer,15,3,24,0.7863950620143368
Transformer,15,3,25,0.7856977417486971
Transformer,15,3,26,0.7849772435117952
Transformer,15,3,27,0.7842451475425024
Transformer,15,3,28,0.783848888785945
Transformer,15,3,29,0.7831862506659255
Transformer,15,3,30,0.7826394116625166
Transformer,15,3,31,0.7818956731214676
Transformer,15,3,32,0.7812677345007701
Transformer,15,3,33,0.780500799147576
Transformer,15,3,34,0.7796643541307142
Transformer,15,3,35,0.7790016214964095
Transformer,15,3,36,0.7783157090075169
Transformer,15,3,37,0.7777108573281754
Transformer,15,3,38,0.7770364965194528
Transformer,15,3,39,0.7763505374351372
Transformer,15,3,40,0.7756182313082759
Transformer,15,3,41,0.7748974911390646
Transformer,15,3,42,0.7741767342731053
Transformer,15,3,43,0.7733748783765
Transformer,15,3,44,0.7726656705007471
Transformer,15,3,45,0.7719911965712962
Transformer,15,3,46,0.7712240382721912
Transformer,15,3,47,0.7702483551107404
Transformer,15,3,48,0.7692263138994753
Transformer,15,3,49,0.7682969209739824
Transformer,15,3,50,0.767367506516073
Transformer,15,3,51,0.766426486261063
Transformer,15,3,52,0.7655201973981441
Transformer,15,3,53,0.7645907184726952
Transformer,15,3,54,0.7636843873449103
Transformer,15,3,55,0.7628591288229842
Transformer,15,3,56,0.7621033607896291
Transformer,15,3,57,0.7613939155216757
Transformer,15,3,58,0.7605917721885608
Transformer,15,3,59,0.7597896102692433
Transformer,15,3,60,0.7590685280658055
Transformer,16,3,-60,0.7449805943347043
Transformer,16,3,-59,0.7453079382733213
Transformer,16,3,-58,0.7455657634069766
Transformer,16,3,-57,0.7459162631200908
Transformer,16,3,-56,0.746359434191777
Transformer,16,3,-55,0.7467330861909175
Transformer,16,3,-54,0.7471530681989319
Transformer,16,3,-53,0.7476193786056857
Transformer,16,3,-52,0.747935081032865
Transformer,16,3,-51,0.7482739446735555
Transformer,16,3,-50,0.7487286417607877
Transformer,16,3,-49,0.7491601603224984
Transformer,16,3,-48,0.749765426807372
Transformer,16,3,-47,0.750208507089241
Transformer,16,3,-46,0.7508021638151722
Transformer,16,3,-45,0.7513610564114445
Transformer,16,3,-44,0.7519778526832771
Transformer,16,3,-43,0.7526525506185424
Transformer,16,3,-42,0.7534083143178159
Transformer,16,3,-41,0.7542103921977437
Transformer,16,3,-40,0.7549777031331442
Transformer,16,3,-39,0.7557797442550037
Transformer,16,3,-38,0.7565354367189038
Transformer,16,3,-37,0.7573142764483773
Transformer,16,3,-36,0.7580120223769097
Transformer,16,3,-35,0.7587792448459578
Transformer,16,3,-34,0.7595232855769565
Transformer,16,3,-33,0.7602673090732205
Transformer,16,3,-32,0.7609649884761938
Transformer,16,3,-31,0.7616394885573983
Transformer,16,3,-30,0.7622792286756616
Transformer,16,3,-29,0.7628957913510759
Transformer,16,3,-28,0.7635470832802529
Transformer,16,3,-27,0.7641288738592672
Transformer,16,3,-26,0.7647569746030644
Transformer,16,3,-25,0.7654082223508976
Transformer,16,3,-24,0.7660478743731978
Transformer,16,3,-23,0.7668033166574023
Transformer,16,3,-22,0.7676166433129132
Transformer,16,3,-21,0.768383630173472
Transformer,16,3,-20,0.7692084997973482
Transformer,16,3,-19,0.7698943906619111
Transformer,16,3,-18,0.7704876269439652
Transformer,16,3,-17,0.7710808494870192
Transformer,16,3,-16,0.7716856378605589
Transformer,16,3,-15,0.7723135710977305
Transformer,16,3,-14,0.7729067518903209
Transformer,16,3,-13,0.7735346564461222
Transformer,16,3,-12,0.7741857045262439
Transformer,16,3,-11,0.7749062109212171
Transformer,16,3,-10,0.775603543101951
Transformer,16,3,-9,0.7764398027001367
Transformer,16,3,-8,0.7772181504509824
Transformer,16,3,-7,0.7781354205261208
Transformer,16,3,-6,0.7789368870775394
Transformer,16,3,-5,0.7797499131642932
Transformer,16,3,-4,0.7806439661460444
Transformer,16,3,-3,0.781422220163942
Transformer,16,3,-2,0.7821425677005546
Transformer,16,3,-1,0.7830134068122352
Transformer,16,3,0,0.7838610709117222
Transformer,16,3,1,0.784819505869822
Transformer,16,3,2,0.7857200745603371
Transformer,16,3,3,0.7867711758440236
Transformer,16,3,4,0.7880075488300471
Transformer,16,3,5,0.7891281695032998
Transformer,16,3,6,0.790329863724253
Transformer,16,3,7,0.7916821044831419
Transformer,16,3,8,0.793022798059444
Transformer,16,3,9,0.7943519440520576
Transformer,16,3,10,0.7956695420598622
Transformer,16,3,11,0.7968598026955676
Transformer,16,3,12,0.7982006183203455
Transformer,16,3,13,0.7995298858294158
Transformer,16,3,14,0.8005349636988919
Transformer,16,3,15,0.801528485409912
Transformer,16,3,16,0.8026609849581399
Transformer,16,3,17,0.8038050904374812
Transformer,16,3,18,0.8051113401345578
Transformer,16,3,19,0.8062786604289222
Transformer,16,3,20,0.8074228475479127
Transformer,16,3,21,0.8085786414063043
Transformer,16,3,22,0.8097460424073281
Transformer,16,3,23,0.8108555679080971
Transformer,16,3,24,0.8119303771815034
Transformer,16,3,25,0.8129704690214244
Transformer,16,3,26,0.8137558049311515
Transformer,16,3,27,0.8144253485894288
Transformer,16,3,28,0.8150949077559151
Transformer,16,3,29,0.8157413198063604
Transformer,16,3,30,0.816318258150443
Transformer,16,3,31,0.8167793940517002
Transformer,16,3,32,0.8171826320605029
Transformer,16,3,33,0.8173658242801881
Transformer,16,3,34,0.817653258590936
Transformer,16,3,35,0.8178480426221914
Transformer,16,3,36,0.8179965021600899
Transformer,16,3,37,0.8180523060529546
Transformer,16,3,38,0.8179459559632603
Transformer,16,3,39,0.8177353595255745
Transformer,16,3,40,0.8174900098453698
Transformer,16,3,41,0.8173257349364098
Transformer,16,3,42,0.8171382901092282
Transformer,16,3,43,0.8170666728443683
Transformer,16,3,44,0.8169834705957304
Transformer,16,3,45,0.8168191822078072
Transformer,16,3,46,0.8167128079787789
Transformer,16,3,47,0.8164905940135297
Transformer,16,3,48,0.8163842135137327
Transformer,16,3,49,0.8160924866204852
Transformer,16,3,50,0.8158239212279178
Transformer,16,3,51,0.8154974282934062
Transformer,16,3,52,0.8150782526093857
Transformer,16,3,53,0.814670651745789
Transformer,16,3,54,0.8141703641060692
Transformer,16,3,55,0.8137859128822984
Transformer,16,3,56,0.8135173021003487
Transformer,16,3,57,0.8130980791955328
Transformer,16,3,58,0.8125745797467474
Transformer,16,3,59,0.8120278974929329
Transformer,16,3,60,0.8114812025719748
Transformer,17,3,-60,0.7586051091930719
Transformer,17,3,-59,0.7593841234533575
Transformer,17,3,-58,0.760128364053431
Transformer,17,3,-57,0.7608262471326954
Transformer,17,3,-56,0.7615936236518032
Transformer,17,3,-55,0.7622914735866543
Transformer,17,3,-54,0.7629082146870403
Transformer,17,3,-53,0.7635828641597738
Transformer,17,3,-52,0.7643385887886195
Transformer,17,3,-51,0.7649205319493999
Transformer,17,3,-50,0.7655024616275702
Transformer,17,3,-49,0.7661191298102542
Transformer,17,3,-48,0.7667126159834119
Transformer,17,3,-47,0.7671786674080252
Transformer,17,3,-46,0.7678068783375227
Transformer,17,3,-45,0.7683192401251013
Transformer,17,3,-44,0.7688663400169117
Transformer,17,3,-43,0.7695060927581893
Transformer,17,3,-42,0.770145830678883
Transformer,17,3,-41,0.7709245488451827
Transformer,17,3,-40,0.7715642555163028
Transformer,17,3,-39,0.7721576167531505
Transformer,17,3,-38,0.7727393817251005
Transformer,17,3,-37,0.7733442979916143
Transformer,17,3,-36,0.7739839469996178
Transformer,17,3,-35,0.7746583275422747
Transformer,17,3,-34,0.7754021843620065
Transformer,17,3,-33,0.7760996965555581
Transformer,17,3,-32,0.7766234668705049
Transformer,17,3,-31,0.7771588066339294
Transformer,17,3,-30,0.7777867855695176
Transformer,17,3,-29,0.7784147499594654
Transformer,17,3,-28,0.7791353492304307
Transformer,17,3,-27,0.7799022559873998
Transformer,17,3,-26,0.7808544395418592
Transformer,17,3,-25,0.7818529241459178
Transformer,17,3,-24,0.7828745469073896
Transformer,17,3,-23,0.7838961460070409
Transformer,17,3,-22,0.7849177214456938
Transformer,17,3,-21,0.7861013965768812
Transformer,17,3,-20,0.7872850442939031
Transformer,17,3,-19,0.7886771040807818
Transformer,17,3,-18,0.7899880727676969
Transformer,17,3,-17,0.7912179531716806
Transformer,17,3,-16,0.7923899072476522
Transformer,17,3,-15,0.7934923575729504
Transformer,17,3,-14,0.7945832030661989
Transformer,17,3,-13,0.7957203399643362
Transformer,17,3,-12,0.796880608593958
Transformer,17,3,-11,0.7979250613681627
Transformer,17,3,-10,0.7990968563654258
Transformer,17,3,-9,0.8001644165528101
Transformer,17,3,-8,0.8013361584864589
Transformer,17,3,-7,0.8024036680251945
Transformer,17,3,-6,0.8034711528441918
Transformer,17,3,-5,0.8045617691328008
Transformer,17,3,-4,0.8057218279283556
Transformer,17,3,-3,0.8068934376881397
Transformer,17,3,-2,0.8082155303161868
Transformer,17,3,-1,0.8093176187278579
Transformer,17,3,0,0.8104081041968162
Transformer,17,3,1,0.8114710445272884
Transformer,17,3,2,0.8125687425468607
Transformer,17,3,3,0.8134233316352522
Transformer,17,3,4,0.8141968947910757
Transformer,17,3,5,0.8149936320481649
Transformer,17,3,6,0.8157440748416678
Transformer,17,3,7,0.8163440163023342
Transformer,17,3,8,0.8169671286486737
Transformer,17,3,9,0.8176828844684251
Transformer,17,3,10,0.8183639205696752
Transformer,17,3,11,0.8188365522671484
Transformer,17,3,12,0.8193555110406077
Transformer,17,3,13,0.8197934276649452
Transformer,17,3,14,0.820323988837554
Transformer,17,3,15,0.8206345530338119
Transformer,17,3,16,0.8209219652844522
Transformer,17,3,17,0.8211862247851965
Transformer,17,3,18,0.8214389105689174
Transformer,17,3,19,0.8215873824632914
Transformer,17,3,20,0.8215158357941057
Transformer,17,3,21,0.8216643120179725
Transformer,17,3,22,0.8216506664504997
Transformer,17,3,23,0.8216601815823605
Transformer,17,3,24,0.8216581162928049
Transformer,17,3,25,0.8215518239722062
Transformer,17,3,26,0.8212949773593209
Transformer,17,3,27,0.8211076110622134
Transformer,17,3,28,0.8206538733250721
Transformer,17,3,29,0.8200727306418363
Transformer,17,3,30,0.8193757600324281
Transformer,17,3,31,0.8186903548596313
Transformer,17,3,32,0.8179470252365565
Transformer,17,3,33,0.8171805146973663
Transformer,17,3,34,0.816344494504349
Transformer,17,3,35,0.8155200370627751
Transformer,17,3,36,0.8146376492662644
Transformer,17,3,37,0.8136278347888531
Transformer,17,3,38,0.812733822115663
Transformer,17,3,39,0.8117239621942179
Transformer,17,3,40,0.810702496090809
Transformer,17,3,41,0.8096346746357171
Transformer,17,3,42,0.8085552453870478
Transformer,17,3,43,0.8074757911319094
Transformer,17,3,44,0.8063036452722661
Transformer,17,3,45,0.8050040542105873
Transformer,17,3,46,0.803669682262044
Transformer,17,3,47,0.8024395329441201
Transformer,17,3,48,0.8012441067105309
Transformer,17,3,49,0.7999328128257999
Transformer,17,3,50,0.7986678250796408
Transformer,17,3,51,0.7973796394977063
Transformer,17,3,52,0.7960682552737972
Transformer,17,3,53,0.7947568406663423
Transformer,17,3,54,0.7935380730065685
Transformer,17,3,55,0.7925046339202966
Transformer,17,3,56,0.7913669064748201
Transformer,17,3,57,0.7901712273222271
Transformer,17,3,58,0.7890450316855312
Transformer,17,3,59,0.7879535659669122
Transformer,17,3,60,0.7869315877889127
Transformer,18,3,-60,0.7246017494062446
Transformer,18,3,-59,0.7249872561286436
Transformer,18,3,-58,0.725465435545721
Transformer,18,3,-57,0.7258972636066637
Transformer,18,3,-56,0.72639859127191
Transformer,18,3,-55,0.7268303985171455
Transformer,18,3,-54,0.7272853650907659
Transformer,18,3,-53,0.7277634901879011
Transformer,18,3,-52,0.7282416042074534
Transformer,18,3,-51,0.728777628469487
Transformer,18,3,-50,0.7293020561830292
Transformer,18,3,-49,0.7300581516576697
Transformer,18,3,-48,0.7308258134766643
Transformer,18,3,-47,0.7315702900565286
Transformer,18,3,-46,0.7323495001679621
Transformer,18,3,-45,0.7331866095216032
Transformer,18,3,-44,0.7340352828068712
Transformer,18,3,-43,0.7349071028123987
Transformer,18,3,-42,0.7358020687338561
Transformer,18,3,-41,0.7368012602219288
Transformer,18,3,-40,0.7377077662593386
Transformer,18,3,-39,0.7385215900667161
Transformer,18,3,-38,0.739370142580817
Transformer,18,3,-37,0.7403460816789826
Transformer,18,3,-36,0.7412872514159302
Transformer,18,3,-35,0.7422631457030345
Transformer,18,3,-34,0.7434359110966979
Transformer,18,3,-33,0.7445970674758519
Transformer,18,3,-32,0.7456539615255434
Transformer,18,3,-31,0.7466529231909571
Transformer,18,3,-30,0.7476518617175285
Transformer,18,3,-29,0.7486044518564844
Transformer,18,3,-28,0.7495801822877459
Transformer,18,3,-27,0.7505327280307592
Transformer,18,3,-26,0.7513926044308562
Transformer,18,3,-25,0.7519281991893457
Transformer,18,3,-24,0.7526027492443631
Transformer,18,3,-23,0.7532541226607374
Transformer,18,3,-22,0.7537780968814054
Transformer,18,3,-21,0.7544294416008523
Transformer,18,3,-20,0.7551849921834288
Transformer,18,3,-19,0.755743665755709
Transformer,18,3,-18,0.7563833852496034
Transformer,18,3,-17,0.7571157275527456
Transformer,18,3,-16,0.7575585636702602
Transformer,18,3,-15,0.7581519221861973
Transformer,18,3,-14,0.7586989497574137
Transformer,18,3,-13,0.7592112271600936
Transformer,18,3,-12,0.7596887556013571
Transformer,18,3,-11,0.7600967995924228
Transformer,18,3,-10,0.7602616800787356
Transformer,18,3,-9,0.7605076071602251
Transformer,18,3,-8,0.7605451156112867
Transformer,18,3,-7,0.7606057799184883
Transformer,18,3,-6,0.7609095856152092
Transformer,18,3,-5,0.7610744471459998
Transformer,18,3,-4,0.7613666624214146
Transformer,18,3,-3,0.7616704487565414
Transformer,18,3,-2,0.761731096523219
Transformer,18,3,-1,0.7616643897469145
Transformer,18,3,0,0.7618176555716353
Transformer,18,3,1,0.7617801653275291
Transformer,18,3,2,0.7615574311416762
Transformer,18,3,3,0.7613231139721206
Transformer,18,3,4,0.7610424795359554
Transformer,18,3,5,0.7606692138474007
Transformer,18,3,6,0.7601106878625433
Transformer,18,3,7,0.7595058354946277
Transformer,18,3,8,0.7589357046093994
Transformer,18,3,9,0.7581803024338282
Transformer,18,3,10,0.7573901464713715
Transformer,18,3,11,0.7567041822981798
Transformer,18,3,12,0.7560645183701353
Transformer,18,3,13,0.7552858896273824
Transformer,18,3,14,0.7544493463484675
Transformer,18,3,15,0.7537517369152386
Transformer,18,3,16,0.7530309521879596
Transformer,18,3,17,0.7523217304708307
Transformer,18,3,18,0.7515777528167954
Transformer,18,3,19,0.7508684978461253
Transformer,18,3,20,0.7501244861328238
Transformer,18,3,21,0.7492530745535818
Transformer,18,3,22,0.748497446527625
Transformer,18,3,23,0.7477302204928664
Transformer,18,3,24,0.7469282347627706
Transformer,18,3,25,0.7461262304574406
Transformer,18,3,26,0.7451620748358406
Transformer,18,3,27,0.744174734794089
Transformer,18,3,28,0.7432568589528299
Transformer,18,3,29,0.7425011002246774
Transformer,18,3,30,0.7417453239909665
Transformer,18,3,31,0.7410706013156676
Transformer,18,3,32,0.7402568824340132
Transformer,18,3,33,0.7395705450418105
Transformer,18,3,34,0.7389305196835803
Transformer,18,3,35,0.7383599722029187
Transformer,18,3,36,0.7376735889922283
Transformer,18,3,37,0.737079848965693
Transformer,18,3,38,0.7365324252637919
Transformer,18,3,39,0.7358807449962935
Transformer,18,3,40,0.735321711936063
Transformer,18,3,41,0.7345773391711261
Transformer,18,3,42,0.7339140305561025
Transformer,18,3,43,0.7334128712412546
Transformer,18,3,44,0.7327611170958288
Transformer,18,3,45,0.7321440982277309
Transformer,18,3,46,0.7315502322510397
Transformer,18,3,47,0.7311069409693263
Transformer,18,3,48,0.7306983910016565
Transformer,18,3,49,0.7302203275953942
Transformer,18,3,50,0.7296727483347814
Transformer,18,3,51,0.7292409990269219
Transformer,18,3,52,0.7288555773084809
Transformer,18,3,53,0.7283890549338523
Transformer,18,3,54,0.7278877677506053
Transformer,18,3,55,0.7273401297497682
Transformer,18,3,56,0.72679247906023
Transformer,18,3,57,0.7261984754048981
Transformer,18,3,58,0.7256623840031512
Transformer,18,3,59,0.725103109504611
Transformer,18,3,60,0.7244047963853328
STA-LSTM-H,1,1,-60,0.7711174187568789
STA-LSTM-H,1,1,-59,0.7715371425923352
STA-LSTM-H,1,1,-58,0.7719336862958629
STA-LSTM-H,1,1,-57,0.772353390949744
STA-LSTM-H,1,1,-56,0.7728310105538757
STA-LSTM-H,1,1,-55,0.773320203892493
STA-LSTM-H,1,1,-54,0.7737746318972208
STA-LSTM-H,1,1,-53,0.7742174648409443
STA-LSTM-H,1,1,-52,0.7746602875247617
STA-LSTM-H,1,1,-51,0.7751494370047727
STA-LSTM-H,1,1,-50,0.7755343179843615
STA-LSTM-H,1,1,-49,0.775919190047031
STA-LSTM-H,1,1,-48,0.7763272209158201
STA-LSTM-H,1,1,-47,0.7767120748772125
STA-LSTM-H,1,1,-46,0.7771780050736138
STA-LSTM-H,1,1,-45,0.7776786748523109
STA-LSTM-H,1,1,-44,0.7781329997335835
STA-LSTM-H,1,1,-43,0.7786568132326368
STA-LSTM-H,1,1,-42,0.7792037807095781
STA-LSTM-H,1,1,-41,0.779773901359835
STA-LSTM-H,1,1,-40,0.7804366711067354
STA-LSTM-H,1,1,-39,0.7810530948851001
STA-LSTM-H,1,1,-38,0.7817042519429677
STA-LSTM-H,1,1,-37,0.7823322291459149
STA-LSTM-H,1,1,-36,0.7829370272993664
STA-LSTM-H,1,1,-35,0.7835533935603428
STA-LSTM-H,1,1,-34,0.7840770896792949
STA-LSTM-H,1,1,-33,0.7846123555164346
STA-LSTM-H,1,1,-32,0.7851360272401932
STA-LSTM-H,1,1,-31,0.7856133605114426
STA-LSTM-H,1,1,-30,0.7861485899588858
STA-LSTM-H,1,1,-29,0.7866490630718272
STA-LSTM-H,1,1,-28,0.7871379434143629
STA-LSTM-H,1,1,-27,0.7875110019919396
STA-LSTM-H,1,1,-26,0.7879419564789402
STA-LSTM-H,1,1,-25,0.788326577880718
STA-LSTM-H,1,1,-24,0.7887690935831664
STA-LSTM-H,1,1,-23,0.7892347600518806
STA-LSTM-H,1,1,-22,0.7897930587240745
STA-LSTM-H,1,1,-21,0.7903629247052829
STA-LSTM-H,1,1,-20,0.7909096172775172
STA-LSTM-H,1,1,-19,0.7914678771596646
STA-LSTM-H,1,1,-18,0.7920840232986324
STA-LSTM-H,1,1,-17,0.7927001551680215
STA-LSTM-H,1,1,-16,0.7933394319063445
STA-LSTM-H,1,1,-15,0.7939555349698935
STA-LSTM-H,1,1,-14,0.7945716237653571
STA-LSTM-H,1,1,-13,0.7951761191264677
STA-LSTM-H,1,1,-12,0.7957806004886352
STA-LSTM-H,1,1,-11,0.7964198045481914
STA-LSTM-H,1,1,-10,0.7970821513344526
STA-LSTM-H,1,1,-9,0.7977560614130561
STA-LSTM-H,1,1,-8,0.7983836419002628
STA-LSTM-H,1,1,-7,0.7989880511300481
STA-LSTM-H,1,1,-6,0.7996156028204564
STA-LSTM-H,1,1,-5,0.8002315618849137
STA-LSTM-H,1,1,-4,0.800870662606662
STA-LSTM-H,1,1,-3,0.8014865928773214
STA-LSTM-H,1,1,-2,0.802079353501673
STA-LSTM-H,1,1,-1,0.8026142126102762
STA-LSTM-H,1,1,0,0.8031953690303908
STA-LSTM-H,1,1,1,0.8037488133002987
STA-LSTM-H,1,1,2,0.8042906926933185
STA-LSTM-H,1,1,3,0.804890473764646
STA-LSTM-H,1,1,4,0.8054439568836762
STA-LSTM-H,1,1,5,0.8060669213847401
STA-LSTM-H,1,1,6,0.8066320091699568
STA-LSTM-H,1,1,7,0.8072434234901815
STA-LSTM-H,1,1,8,0.807820116479674
STA-LSTM-H,1,1,9,0.808408401454276
STA-LSTM-H,1,1,10,0.8089503849939211
STA-LSTM-H,1,1,11,0.8094808021860961
STA-LSTM-H,1,1,12,0.8099649155309565
STA-LSTM-H,1,1,13,0.8104143025867858
STA-LSTM-H,1,1,14,0.810805803545582
STA-LSTM-H,1,1,15,0.8111973135710977
STA-LSTM-H,1,1,16,0.811530934818606
STA-LSTM-H,1,1,17,0.8118182449801987
STA-LSTM-H,1,1,18,0.8120360827726762
STA-LSTM-H,1,1,19,0.8121960257538561
STA-LSTM-H,1,1,20,0.8122864918070755
STA-LSTM-H,1,1,21,0.8123653797160525
STA-LSTM-H,1,1,22,0.8124211087049669
STA-LSTM-H,1,1,23,0.8124536779692422
STA-LSTM-H,1,1,24,0.8124399254206668
STA-LSTM-H,1,1,25,0.8123798494499131
STA-LSTM-H,1,1,26,0.8123429339077465
STA-LSTM-H,1,1,27,0.8122828554222449
STA-LSTM-H,1,1,28,0.8122806814365293
STA-LSTM-H,1,1,29,0.8122900887128529
STA-LSTM-H,1,1,30,0.8123574034396897
STA-LSTM-H,1,1,31,0.8124247197257481
STA-LSTM-H,1,1,32,0.8124920375710828
STA-LSTM-H,1,1,33,0.8125477751268212
STA-LSTM-H,1,1,34,0.8125919319905954
STA-LSTM-H,1,1,35,0.8125897614083855
STA-LSTM-H,1,1,36,0.812622337529969
STA-LSTM-H,1,1,37,0.8125622553221061
STA-LSTM-H,1,1,38,0.8124442591241299
STA-LSTM-H,1,1,39,0.8122104336545589
STA-LSTM-H,1,1,40,0.8119534371923322
STA-LSTM-H,1,1,41,0.8116269372437278
STA-LSTM-H,1,1,42,0.8111614330557261
STA-LSTM-H,1,1,43,0.8107306676550989
STA-LSTM-H,1,1,44,0.8102767256257891
STA-LSTM-H,1,1,45,0.8097880227035793
STA-LSTM-H,1,1,46,0.8092645576805013
STA-LSTM-H,1,1,47,0.808659994439811
STA-LSTM-H,1,1,48,0.8080901687768601
STA-LSTM-H,1,1,49,0.8074624099344346
STA-LSTM-H,1,1,50,0.8067998841587026
STA-LSTM-H,1,1,51,0.8061489272971596
STA-LSTM-H,1,1,52,0.8054979553537296
STA-LSTM-H,1,1,53,0.8048933064572183
STA-LSTM-H,1,1,54,0.80427705888486
STA-LSTM-H,1,1,55,0.8037071362372568
STA-LSTM-H,1,1,56,0.8031024455797681
STA-LSTM-H,1,1,57,0.8024977409115133
STA-LSTM-H,1,1,58,0.8018466814184922
STA-LSTM-H,1,1,59,0.8012187775151768
STA-LSTM-H,1,1,60,0.8005329317036436
STA-LSTM-H,2,1,-60,0.7845565660661531
STA-LSTM-H,2,1,-59,0.7849529635293573
STA-LSTM-H,2,1,-58,0.7853145961977362
STA-LSTM-H,2,1,-57,0.7857457309020135
STA-LSTM-H,2,1,-56,0.7861421008121039
STA-LSTM-H,2,1,-55,0.786468952734013
STA-LSTM-H,2,1,-54,0.7870043210806177
STA-LSTM-H,2,1,-53,0.7874933388939088
STA-LSTM-H,2,1,-52,0.7880170985716437
STA-LSTM-H,2,1,-51,0.7885060933228303
STA-LSTM-H,2,1,-50,0.7889603243556328
STA-LSTM-H,2,1,-49,0.7894261288603666
STA-LSTM-H,2,1,-48,0.7899150902961993
STA-LSTM-H,2,1,-47,0.7903808729496803
STA-LSTM-H,2,1,-46,0.7909856479282744
STA-LSTM-H,2,1,-45,0.7915093246843508
STA-LSTM-H,2,1,-44,0.7919750726853622
STA-LSTM-H,2,1,-43,0.79241764351573
STA-LSTM-H,2,1,-42,0.7928138718682312
STA-LSTM-H,2,1,-41,0.7932216739639076
STA-LSTM-H,2,1,-40,0.7935368043087971
STA-LSTM-H,2,1,-39,0.7938171793921424
STA-LSTM-H,2,1,-38,0.794178625618217
STA-LSTM-H,2,1,-37,0.7945284810859644
STA-LSTM-H,2,1,-36,0.7947393414331878
STA-LSTM-H,2,1,-35,0.7949849432476257
STA-LSTM-H,2,1,-34,0.7952305393729514
STA-LSTM-H,2,1,-33,0.7955572027518473
STA-LSTM-H,2,1,-32,0.7959533488528312
STA-LSTM-H,2,1,-31,0.7963842305197814
STA-LSTM-H,2,1,-30,0.7968266836527882
STA-LSTM-H,2,1,-29,0.7972922891622078
STA-LSTM-H,2,1,-28,0.7977926274219139
STA-LSTM-H,2,1,-27,0.7982697920044471
STA-LSTM-H,2,1,-26,0.7988048500851197
STA-LSTM-H,2,1,-25,0.7992819918934568
STA-LSTM-H,2,1,-24,0.7998633484267698
STA-LSTM-H,2,1,-23,0.8003752084491385
STA-LSTM-H,2,1,-22,0.8008986369900293
STA-LSTM-H,2,1,-21,0.8014452138870232
STA-LSTM-H,2,1,-20,0.8019338775982862
STA-LSTM-H,2,1,-19,0.8024572699059707
STA-LSTM-H,2,1,-18,0.8029343307433098
STA-LSTM-H,2,1,-17,0.8033998008291068
STA-LSTM-H,2,1,-16,0.80392315798006
STA-LSTM-H,2,1,-15,0.804423344140806
STA-LSTM-H,2,1,-14,0.8049466773196234
STA-LSTM-H,2,1,-13,0.8053542067112851
STA-LSTM-H,2,1,-12,0.8058543589268552
STA-LSTM-H,2,1,-11,0.8064123940530776
STA-LSTM-H,2,1,-10,0.8070398888438604
STA-LSTM-H,2,1,-9,0.8077368408864599
STA-LSTM-H,2,1,-8,0.8083179918255815
STA-LSTM-H,2,1,-7,0.8090496480177843
STA-LSTM-H,2,1,-6,0.8096886614410262
STA-LSTM-H,2,1,-5,0.8103508162556443
STA-LSTM-H,2,1,-4,0.8110361116578482
STA-LSTM-H,2,1,-3,0.8117445468438846
STA-LSTM-H,2,1,-2,0.8124066548574207
STA-LSTM-H,2,1,-1,0.813045592423646
STA-LSTM-H,2,1,0,0.8137192474674385
STA-LSTM-H,2,1,1,0.814295968694283
STA-LSTM-H,2,1,2,0.8147569263543005
STA-LSTM-H,2,1,3,0.815206316861946
STA-LSTM-H,2,1,4,0.8156557177756423
STA-LSTM-H,2,1,5,0.8160009262475396
STA-LSTM-H,2,1,6,0.8163114080283435
STA-LSTM-H,2,1,7,0.8167029455353835
STA-LSTM-H,2,1,8,0.8170713351164218
STA-LSTM-H,2,1,9,0.8173818400759558
STA-LSTM-H,2,1,10,0.8178428761651132
STA-LSTM-H,2,1,11,0.8182576073363902
STA-LSTM-H,2,1,12,0.8187186642427892
STA-LSTM-H,2,1,13,0.8190755193256293
STA-LSTM-H,2,1,14,0.819443961973576
STA-LSTM-H,2,1,15,0.8197892542843909
STA-LSTM-H,2,1,16,0.8200998158848528
STA-LSTM-H,2,1,17,0.8203409064591584
STA-LSTM-H,2,1,18,0.8204546244079808
STA-LSTM-H,2,1,19,0.8205915049330678
STA-LSTM-H,2,1,20,0.8206125875745469
STA-LSTM-H,2,1,21,0.8205757695069134
STA-LSTM-H,2,1,22,0.8207358169374545
STA-LSTM-H,2,1,23,0.8209074485825458
STA-LSTM-H,2,1,24,0.8211022454864448
STA-LSTM-H,2,1,25,0.8213317892298784
STA-LSTM-H,2,1,26,0.8214571100997117
STA-LSTM-H,2,1,27,0.8215129476073563
STA-LSTM-H,2,1,28,0.8216151111214055
STA-LSTM-H,2,1,29,0.8216941143770412
STA-LSTM-H,2,1,30,0.8216920493369622
STA-LSTM-H,2,1,31,0.8217015658297044
STA-LSTM-H,2,1,32,0.8216763373985152
STA-LSTM-H,2,1,33,0.821674272080795
STA-LSTM-H,2,1,34,0.8216837886983009
STA-LSTM-H,2,1,35,0.8216006485985639
STA-LSTM-H,2,1,36,0.8214711775674955
STA-LSTM-H,2,1,37,0.821388033079293
STA-LSTM-H,2,1,38,0.8212122265077545
STA-LSTM-H,2,1,39,0.8210479985174203
STA-LSTM-H,2,1,40,0.8209416806625355
STA-LSTM-H,2,1,41,0.820800611578289
STA-LSTM-H,2,1,42,0.8204973764377469
STA-LSTM-H,2,1,43,0.820170967891396
STA-LSTM-H,2,1,44,0.8198445517832529
STA-LSTM-H,2,1,45,0.8194370439013089
STA-LSTM-H,2,1,46,0.8190179429855553
STA-LSTM-H,2,1,47,0.8185756649059401
STA-LSTM-H,2,1,48,0.818098624995656
STA-LSTM-H,2,1,49,0.8175636540555569
STA-LSTM-H,2,1,50,0.8170634231103389
STA-LSTM-H,2,1,51,0.8164820907279552
STA-LSTM-H,2,1,52,0.8159007448768
STA-LSTM-H,2,1,53,0.8153309700887376
STA-LSTM-H,2,1,54,0.8147264280997671
STA-LSTM-H,2,1,55,0.8140871177015755
STA-LSTM-H,2,1,56,0.8133435280760899
STA-LSTM-H,2,1,57,0.8125883361523668
STA-LSTM-H,2,1,58,0.8119026379508092
STA-LSTM-H,2,1,59,0.8111937531859679
STA-LSTM-H,2,1,60,0.8104500955801425
STA-LSTM-H,3,1,-60,0.7759138040896716
STA-LSTM-H,3,1,-59,0.7762639603318041
STA-LSTM-H,3,1,-58,0.776614108460674
STA-LSTM-H,3,1,-57,0.7769063231307491
STA-LSTM-H,3,1,-56,0.7771058515506435
STA-LSTM-H,3,1,-55,0.7772937905468026
STA-LSTM-H,3,1,-54,0.777470140522005
STA-LSTM-H,3,1,-53,0.7777970853316651
STA-LSTM-H,3,1,-52,0.7781240225664076
STA-LSTM-H,3,1,-51,0.7785667948658542
STA-LSTM-H,3,1,-50,0.7789863886475529
STA-LSTM-H,3,1,-49,0.7795102286680722
STA-LSTM-H,3,1,-48,0.7799413856614964
STA-LSTM-H,3,1,-47,0.7804536187563711
STA-LSTM-H,3,1,-46,0.7808847548332541
STA-LSTM-H,3,1,-45,0.7813390478396849
STA-LSTM-H,3,1,-44,0.7818975802434814
STA-LSTM-H,3,1,-43,0.7824792660890516
STA-LSTM-H,3,1,-42,0.7830725215155271
STA-LSTM-H,3,1,-41,0.7837120948872982
STA-LSTM-H,3,1,-40,0.7845369780506167
STA-LSTM-H,3,1,-39,0.7852923461823573
STA-LSTM-H,3,1,-38,0.7860592793356267
STA-LSTM-H,3,1,-37,0.7867335356390002
STA-LSTM-H,3,1,-36,0.787488852083068
STA-LSTM-H,3,1,-35,0.7882788973824415
STA-LSTM-H,3,1,-34,0.7891268342965683
STA-LSTM-H,3,1,-33,0.7897546964397396
STA-LSTM-H,3,1,-32,0.7902319817472175
STA-LSTM-H,3,1,-31,0.790917724451033
STA-LSTM-H,3,1,-30,0.7915918698245411
STA-LSTM-H,3,1,-29,0.7922312556458898
STA-LSTM-H,3,1,-28,0.7929748572619778
STA-LSTM-H,3,1,-27,0.793834252096169
STA-LSTM-H,3,1,-26,0.7947399506653233
STA-LSTM-H,3,1,-25,0.7956456282570932
STA-LSTM-H,3,1,-24,0.7965397042304084
STA-LSTM-H,3,1,-23,0.7973642764498796
STA-LSTM-H,3,1,-22,0.7981540884508934
STA-LSTM-H,3,1,-21,0.798874400722607
STA-LSTM-H,3,1,-20,0.7997799779977998
STA-LSTM-H,3,1,-19,0.8006392144147483
STA-LSTM-H,3,1,-18,0.8015100107692485
STA-LSTM-H,3,1,-17,0.8023807869566224
STA-LSTM-H,3,1,-16,0.803321020391621
STA-LSTM-H,3,1,-15,0.8041454377026401
STA-LSTM-H,3,1,-14,0.8050161531246743
STA-LSTM-H,3,1,-13,0.8060257983835484
STA-LSTM-H,3,1,-12,0.8071164734898046
STA-LSTM-H,3,1,-11,0.8081144921495067
STA-LSTM-H,3,1,-10,0.8090661726393794
STA-LSTM-H,3,1,-9,0.8100409883518978
STA-LSTM-H,3,1,-8,0.8109578890085334
STA-LSTM-H,3,1,-7,0.8118747684327529
STA-LSTM-H,3,1,-6,0.8128032048535933
STA-LSTM-H,3,1,-5,0.813731619775385
STA-LSTM-H,3,1,-4,0.8146252793182897
STA-LSTM-H,3,1,-3,0.8156115407771037
STA-LSTM-H,3,1,-2,0.8166440901670661
STA-LSTM-H,3,1,-1,0.8176303054159817
STA-LSTM-H,3,1,0,0.8185586107091172
STA-LSTM-H,3,1,1,0.8193669391251998
STA-LSTM-H,3,1,2,0.8201173977979229
STA-LSTM-H,3,1,3,0.8207752512388274
STA-LSTM-H,3,1,4,0.8215141656342986
STA-LSTM-H,3,1,5,0.8222878314229478
STA-LSTM-H,3,1,6,0.8230152022137572
STA-LSTM-H,3,1,7,0.823638384586884
STA-LSTM-H,3,1,8,0.8242036889089582
STA-LSTM-H,3,1,9,0.8248384781048098
STA-LSTM-H,3,1,10,0.8254964395299021
STA-LSTM-H,3,1,11,0.8260733639016257
STA-LSTM-H,3,1,12,0.8266155645357387
STA-LSTM-H,3,1,13,0.8270998818924991
STA-LSTM-H,3,1,14,0.8275147346603212
STA-LSTM-H,3,1,15,0.8279295970356647
STA-LSTM-H,3,1,16,0.8283097303118377
STA-LSTM-H,3,1,17,0.828608814469997
STA-LSTM-H,3,1,18,0.8289658047407853
STA-LSTM-H,3,1,19,0.8292996433368846
STA-LSTM-H,3,1,20,0.8295408488217243
STA-LSTM-H,3,1,21,0.8296894179771638
STA-LSTM-H,3,1,22,0.8299306335622387
STA-LSTM-H,3,1,23,0.8302644987956272
STA-LSTM-H,3,1,24,0.8306331136871605
STA-LSTM-H,3,1,25,0.8309785755645628
STA-LSTM-H,3,1,26,0.8314166927237142
STA-LSTM-H,3,1,27,0.8317853337656923
STA-LSTM-H,3,1,28,0.8319686844939604
STA-LSTM-H,3,1,29,0.8321404581567183
STA-LSTM-H,3,1,30,0.8322427471191152
STA-LSTM-H,3,1,31,0.8322987121282313
STA-LSTM-H,3,1,32,0.8323315150041115
STA-LSTM-H,3,1,33,0.8323295730930486
STA-LSTM-H,3,1,34,0.8322581392386005
STA-LSTM-H,3,1,35,0.8320593004401204
STA-LSTM-H,3,1,36,0.8316983055166263
STA-LSTM-H,3,1,37,0.8313952141583081
STA-LSTM-H,3,1,38,0.8310457857002213
STA-LSTM-H,3,1,39,0.8306384358784284
STA-LSTM-H,3,1,40,0.8302426594081196
STA-LSTM-H,3,1,41,0.8297657933143373
STA-LSTM-H,3,1,42,0.8292425839482006
STA-LSTM-H,3,1,43,0.8287077792707224
STA-LSTM-H,3,1,44,0.8281150455803825
STA-LSTM-H,3,1,45,0.8275454650758717
STA-LSTM-H,3,1,46,0.8269295370037878
STA-LSTM-H,3,1,47,0.8263715132981188
STA-LSTM-H,3,1,48,0.8257323896347608
STA-LSTM-H,3,1,49,0.8250816671686398
STA-LSTM-H,3,1,50,0.8243730089777006
STA-LSTM-H,3,1,51,0.8235021546730921
STA-LSTM-H,3,1,52,0.8225270206086442
STA-LSTM-H,3,1,53,0.8215286948865874
STA-LSTM-H,3,1,54,0.8205071767009187
STA-LSTM-H,3,1,55,0.8195319740500463
STA-LSTM-H,3,1,56,0.818626258413559
STA-LSTM-H,3,1,57,0.8176625964457008
STA-LSTM-H,3,1,58,0.816710497352781
STA-LSTM-H,3,1,59,0.8157467908614857
STA-LSTM-H,3,1,60,0.8148178184556566
STA-LSTM-H,4,1,-60,0.7762266118287667
STA-LSTM-H,4,1,-59,0.7766578618100931
STA-LSTM-H,4,1,-58,0.7771933686295863
STA-LSTM-H,4,1,-57,0.7776593526263352
STA-LSTM-H,4,1,-56,0.7780442312816414
STA-LSTM-H,4,1,-55,0.7785449490268768
STA-LSTM-H,4,1,-54,0.7790224858377451
STA-LSTM-H,4,1,-53,0.7794420889228701
STA-LSTM-H,4,1,-52,0.7798037602956338
STA-LSTM-H,4,1,-51,0.7801885918168759
STA-LSTM-H,4,1,-50,0.7806197509412105
STA-LSTM-H,4,1,-49,0.7810624840720061
STA-LSTM-H,4,1,-48,0.7814241199161328
STA-LSTM-H,4,1,-47,0.7817741636548976
STA-LSTM-H,4,1,-46,0.7820778649121385
STA-LSTM-H,4,1,-45,0.7825205606394069
STA-LSTM-H,4,1,-44,0.7829748294355446
STA-LSTM-H,4,1,-43,0.7834290877079183
STA-LSTM-H,4,1,-42,0.7839759999073356
STA-LSTM-H,4,1,-41,0.7844186531378136
STA-LSTM-H,4,1,-40,0.78491921005386
STA-LSTM-H,4,1,-39,0.7852807635285397
STA-LSTM-H,4,1,-38,0.7856075610688349
STA-LSTM-H,4,1,-37,0.7860038453519888
STA-LSTM-H,4,1,-36,0.7864464494608462
STA-LSTM-H,4,1,-35,0.786692147324531
STA-LSTM-H,4,1,-34,0.7869262575138115
STA-LSTM-H,4,1,-33,0.7873225081652034
STA-LSTM-H,4,1,-32,0.7877187496380714
STA-LSTM-H,4,1,-31,0.7880686556101176
STA-LSTM-H,4,1,-30,0.7885112050495107
STA-LSTM-H,4,1,-29,0.7889537442382971
STA-LSTM-H,4,1,-28,0.7894310167116403
STA-LSTM-H,4,1,-27,0.7898966970862092
STA-LSTM-H,4,1,-26,0.7904434330449687
STA-LSTM-H,4,1,-25,0.7909322524609149
STA-LSTM-H,4,1,-24,0.7913284154207826
STA-LSTM-H,4,1,-23,0.7918635352973874
STA-LSTM-H,4,1,-22,0.7923175801651361
STA-LSTM-H,4,1,-21,0.792829515714385
STA-LSTM-H,4,1,-20,0.7934109200393724
STA-LSTM-H,4,1,-19,0.7940849506693224
STA-LSTM-H,4,1,-18,0.79467790682863
STA-LSTM-H,4,1,-17,0.7951782116306538
STA-LSTM-H,4,1,-16,0.7957827209671257
STA-LSTM-H,4,1,-15,0.7962598425196851
STA-LSTM-H,4,1,-14,0.7967948495269855
STA-LSTM-H,4,1,-13,0.7972719483105996
STA-LSTM-H,4,1,-12,0.7978185102416544
STA-LSTM-H,4,1,-11,0.7984692696030754
STA-LSTM-H,4,1,-10,0.7990968563654258
STA-LSTM-H,4,1,-9,0.7997707431165042
STA-LSTM-H,4,1,-8,0.8006182917086387
STA-LSTM-H,4,1,-7,0.8015005557613931
STA-LSTM-H,4,1,-6,0.8022091259595456
STA-LSTM-H,4,1,-5,0.80303346069237
STA-LSTM-H,4,1,-4,0.8038809322573549
STA-LSTM-H,4,1,-3,0.8047283841985828
STA-LSTM-H,4,1,-2,0.8055179280562212
STA-LSTM-H,4,1,-1,0.8062264107254498
STA-LSTM-H,4,1,0,0.806958031837916
STA-LSTM-H,4,1,1,0.8076967605992544
STA-LSTM-H,4,1,2,0.8084470841582438
STA-LSTM-H,4,1,3,0.8093247811790858
STA-LSTM-H,4,1,4,0.8103298560859548
STA-LSTM-H,4,1,5,0.8112770637952993
STA-LSTM-H,4,1,6,0.812224293438618
STA-LSTM-H,4,1,7,0.8131136532048907
STA-LSTM-H,4,1,8,0.8141882895087243
STA-LSTM-H,4,1,9,0.8151008498714772
STA-LSTM-H,4,1,10,0.8160829039541481
STA-LSTM-H,4,1,11,0.817041822981798
STA-LSTM-H,4,1,12,0.8179081319546565
STA-LSTM-H,4,1,13,0.8186702484889188
STA-LSTM-H,4,1,14,0.8193744861685252
STA-LSTM-H,4,1,15,0.8200555812876331
STA-LSTM-H,4,1,16,0.8208872265774267
STA-LSTM-H,4,1,17,0.8217188911276315
STA-LSTM-H,4,1,18,0.8224116168926665
STA-LSTM-H,4,1,19,0.8231275186437538
STA-LSTM-H,4,1,20,0.8236697353945921
STA-LSTM-H,4,1,21,0.8242814461403062
STA-LSTM-H,4,1,22,0.8248584299329497
STA-LSTM-H,4,1,23,0.8253312025199184
STA-LSTM-H,4,1,24,0.8257460828479114
STA-LSTM-H,4,1,25,0.8262536189924725
STA-LSTM-H,4,1,26,0.8267380050724386
STA-LSTM-H,4,1,27,0.8271065919303284
STA-LSTM-H,4,1,28,0.8274288626124822
STA-LSTM-H,4,1,29,0.8277511407592708
STA-LSTM-H,4,1,30,0.8280502634779084
STA-LSTM-H,4,1,31,0.8283030668025572
STA-LSTM-H,4,1,32,0.8284400588351112
STA-LSTM-H,4,1,33,0.8285307266452017
STA-LSTM-H,4,1,34,0.828690888453921
STA-LSTM-H,4,1,35,0.8287815612694001
STA-LSTM-H,4,1,36,0.8287448314203315
STA-LSTM-H,4,1,37,0.8286154416363595
STA-LSTM-H,4,1,38,0.8285323789337132
STA-LSTM-H,4,1,39,0.8284956449221645
STA-LSTM-H,4,1,40,0.8284473272716742
STA-LSTM-H,4,1,41,0.8282600134361897
STA-LSTM-H,4,1,42,0.8282580241622555
STA-LSTM-H,4,1,43,0.828221285270815
STA-LSTM-H,4,1,44,0.8282424621514867
STA-LSTM-H,4,1,45,0.828170971852195
STA-LSTM-H,4,1,46,0.8281226470826721
STA-LSTM-H,4,1,47,0.8279121490130664
STA-LSTM-H,4,1,48,0.8275626397303277
STA-LSTM-H,4,1,49,0.8271899543590575
STA-LSTM-H,4,1,50,0.8267593397046047
STA-LSTM-H,4,1,51,0.8264908947685464
STA-LSTM-H,4,1,52,0.8263614563905333
STA-LSTM-H,4,1,53,0.8261856768842242
STA-LSTM-H,4,1,54,0.8259172159729382
STA-LSTM-H,4,1,55,0.8256371640407785
STA-LSTM-H,4,1,56,0.8252875960101484
STA-LSTM-H,4,1,57,0.8249496049491416
STA-LSTM-H,4,1,58,0.8246463616668791
STA-LSTM-H,4,1,59,0.8244357940590389
STA-LSTM-H,4,1,60,0.8240630249666918
STA-LSTM-H,5,1,-60,0.7882870879916585
STA-LSTM-H,5,1,-59,0.7887413689234904
STA-LSTM-H,5,1,-58,0.789033446482153
STA-LSTM-H,5,1,-57,0.7894066127574781
STA-LSTM-H,5,1,-56,0.7898492799962928
STA-LSTM-H,5,1,-55,0.7902687673772011
STA-LSTM-H,5,1,-54,0.790734583705008
STA-LSTM-H,5,1,-53,0.7912235583049513
STA-LSTM-H,5,1,-52,0.7916893527796763
STA-LSTM-H,5,1,-51,0.7921783049905009
STA-LSTM-H,5,1,-50,0.7927367506516073
STA-LSTM-H,5,1,-49,0.7932372633968908
STA-LSTM-H,5,1,-48,0.7936798452396122
STA-LSTM-H,5,1,-47,0.7941687517375591
STA-LSTM-H,5,1,-46,0.7945997289439238
STA-LSTM-H,5,1,-45,0.7949380284953087
STA-LSTM-H,5,1,-44,0.7951952369369056
STA-LSTM-H,5,1,-43,0.7954524394199138
STA-LSTM-H,5,1,-42,0.7957212190008456
STA-LSTM-H,5,1,-41,0.7958973289781546
STA-LSTM-H,5,1,-40,0.7962124283314994
STA-LSTM-H,5,1,-39,0.796550685693106
STA-LSTM-H,5,1,-38,0.7969352652976128
STA-LSTM-H,5,1,-37,0.79720401213834
STA-LSTM-H,5,1,-36,0.7974727527536802
STA-LSTM-H,5,1,-35,0.797776233495483
STA-LSTM-H,5,1,-34,0.7982071090212066
STA-LSTM-H,5,1,-33,0.798614810868407
STA-LSTM-H,5,1,-32,0.7990688301309892
STA-LSTM-H,5,1,-31,0.7994880941350876
STA-LSTM-H,5,1,-30,0.7998841855347733
STA-LSTM-H,5,1,-29,0.8003613369467028
STA-LSTM-H,5,1,-28,0.8008616396632193
STA-LSTM-H,5,1,-27,0.801408254968268
STA-LSTM-H,5,1,-26,0.8019085339725995
STA-LSTM-H,5,1,-25,0.8024203821656051
STA-LSTM-H,5,1,-24,0.8030596055633403
STA-LSTM-H,5,1,-23,0.8038146192329072
STA-LSTM-H,5,1,-22,0.8043843294384677
STA-LSTM-H,5,1,-21,0.8050350881256224
STA-LSTM-H,5,1,-20,0.805651091424932
STA-LSTM-H,5,1,-19,0.8063365602853305
STA-LSTM-H,5,1,-18,0.8070683326192434
STA-LSTM-H,5,1,-17,0.8077074503809722
STA-LSTM-H,5,1,-16,0.8084160307553353
STA-LSTM-H,5,1,-15,0.8091014358499306
STA-LSTM-H,5,1,-14,0.8098447215757113
STA-LSTM-H,5,1,-13,0.8105879900882332
STA-LSTM-H,5,1,-12,0.8114007155842201
STA-LSTM-H,5,1,-11,0.8122250011578899
STA-LSTM-H,5,1,-10,0.8130608464076883
STA-LSTM-H,5,1,-9,0.8138619364101614
STA-LSTM-H,5,1,-8,0.8145703798904674
STA-LSTM-H,5,1,-7,0.8153482771396814
STA-LSTM-H,5,1,-6,0.8162187822019474
STA-LSTM-H,5,1,-5,0.8171471575778627
STA-LSTM-H,5,1,-4,0.8180291996156117
STA-LSTM-H,5,1,-3,0.8189691103598389
STA-LSTM-H,5,1,-2,0.819955310108483
STA-LSTM-H,5,1,-1,0.8210109523699262
STA-LSTM-H,5,1,0,0.8220434153400868
STA-LSTM-H,5,1,1,0.8230833352629263
STA-LSTM-H,5,1,2,0.8240885461892027
STA-LSTM-H,5,1,3,0.8250011577826147
STA-LSTM-H,5,1,4,0.825994836229753
STA-LSTM-H,5,1,5,0.8269769595924511
STA-LSTM-H,5,1,6,0.8279475274693466
STA-LSTM-H,5,1,7,0.8287791774731382
STA-LSTM-H,5,1,8,0.82958768974261
STA-LSTM-H,5,1,9,0.8302804344302156
STA-LSTM-H,5,1,10,0.8308342499855266
STA-LSTM-H,5,1,11,0.8313186049742949
STA-LSTM-H,5,1,12,0.831941919572039
STA-LSTM-H,5,1,13,0.8325305111044209
STA-LSTM-H,5,1,14,0.8331538541702852
STA-LSTM-H,5,1,15,0.833788791106994
STA-LSTM-H,5,1,16,0.8341342535230839
STA-LSTM-H,5,1,17,0.8345144630491674
STA-LSTM-H,5,1,18,0.8348367821948424
STA-LSTM-H,5,1,19,0.8350317291213117
STA-LSTM-H,5,1,20,0.8352151004574142
STA-LSTM-H,5,1,21,0.8354100562799639
STA-LSTM-H,5,1,22,0.835686079232916
STA-LSTM-H,5,1,23,0.8359273670557718
STA-LSTM-H,5,1,24,0.8361223378999664
STA-LSTM-H,5,1,25,0.8361204400694846
STA-LSTM-H,5,1,26,0.8361185421950457
STA-LSTM-H,5,1,27,0.8359660907027378
STA-LSTM-H,5,1,28,0.8358367980358322
STA-LSTM-H,5,1,29,0.8358001528733237
STA-LSTM-H,5,1,30,0.835694018182871
STA-LSTM-H,5,1,31,0.8356342073566201
STA-LSTM-H,5,1,32,0.8354585779970582
STA-LSTM-H,5,1,33,0.8353292719649765
STA-LSTM-H,5,1,34,0.8351536350053856
STA-LSTM-H,5,1,35,0.8349895760945101
STA-LSTM-H,5,1,36,0.8350339939077358
STA-LSTM-H,5,1,37,0.8351363246774306
STA-LSTM-H,5,1,38,0.8351575801799923
STA-LSTM-H,5,1,39,0.8351093402520385
STA-LSTM-H,5,1,40,0.8349916024787166
STA-LSTM-H,5,1,41,0.8348159473672018
STA-LSTM-H,5,1,42,0.8344781253981676
STA-LSTM-H,5,1,43,0.8341287124125469
STA-LSTM-H,5,1,44,0.8336866247350314
STA-LSTM-H,5,1,45,0.8332329433568864
STA-LSTM-H,5,1,46,0.832814002247217
STA-LSTM-H,5,1,47,0.832452970067649
STA-LSTM-H,5,1,48,0.8320455940783301
STA-LSTM-H,5,1,49,0.8316497926464796
STA-LSTM-H,5,1,50,0.8312308137851144
STA-LSTM-H,5,1,51,0.830707566841203
STA-LSTM-H,5,1,52,0.8302538141630852
STA-LSTM-H,5,1,53,0.829765297374945
STA-LSTM-H,5,1,54,0.8292535999351258
STA-LSTM-H,5,1,55,0.8286144578313253
STA-LSTM-H,5,1,56,0.8278710365041301
STA-LSTM-H,5,1,57,0.8270349173984569
STA-LSTM-H,5,1,58,0.8262567049364552
STA-LSTM-H,5,1,59,0.8255711571435191
STA-LSTM-H,5,1,60,0.8248044951630655
STA-LSTM-H,6,1,-60,0.7727277993396281
STA-LSTM-H,6,1,-59,0.7729853097919274
STA-LSTM-H,6,1,-58,0.7732312290742264
STA-LSTM-H,6,1,-57,0.7735698232118445
STA-LSTM-H,6,1,-56,0.7737114656101206
STA-LSTM-H,6,1,-55,0.7738646895273401
STA-LSTM-H,6,1,-54,0.774087417893676
STA-LSTM-H,6,1,-53,0.7741711267116147
STA-LSTM-H,6,1,-52,0.7744401839602424
STA-LSTM-H,6,1,-51,0.7747903248227608
STA-LSTM-H,6,1,-50,0.7751172893136403
STA-LSTM-H,6,1,-49,0.7753399902694438
STA-LSTM-H,6,1,-48,0.775655356956688
STA-LSTM-H,6,1,-47,0.7759591326105088
STA-LSTM-H,6,1,-46,0.7762397340407048
STA-LSTM-H,6,1,-45,0.7765319124290513
STA-LSTM-H,6,1,-44,0.7767545841007286
STA-LSTM-H,6,1,-43,0.777093082518649
STA-LSTM-H,6,1,-42,0.7774199900385715
STA-LSTM-H,6,1,-41,0.7777584729075451
STA-LSTM-H,6,1,-40,0.7781316962992992
STA-LSTM-H,6,1,-39,0.7784701630837657
STA-LSTM-H,6,1,-38,0.7788781171456038
STA-LSTM-H,6,1,-37,0.779332391299312
STA-LSTM-H,6,1,-36,0.7797055791704791
STA-LSTM-H,6,1,-35,0.7802061616863563
STA-LSTM-H,6,1,-34,0.7807067326067569
STA-LSTM-H,6,1,-33,0.781207291932084
STA-LSTM-H,6,1,-32,0.7817889116662613
STA-LSTM-H,6,1,-31,0.7822894468637079
STA-LSTM-H,6,1,-30,0.7828247148068794
STA-LSTM-H,6,1,-29,0.7833715516642346
STA-LSTM-H,6,1,-28,0.7839067946772905
STA-LSTM-H,6,1,-27,0.7844304442488534
STA-LSTM-H,6,1,-26,0.7850814717020463
STA-LSTM-H,6,1,-25,0.7857903879559931
STA-LSTM-H,6,1,-24,0.7865456103577261
STA-LSTM-H,6,1,-23,0.787266073744673
STA-LSTM-H,6,1,-22,0.7879749400715667
STA-LSTM-H,6,1,-21,0.7886490492623387
STA-LSTM-H,6,1,-20,0.7893578831567367
STA-LSTM-H,6,1,-19,0.790078280605864
STA-LSTM-H,6,1,-18,0.790868140393946
STA-LSTM-H,6,1,-17,0.7916695615924407
STA-LSTM-H,6,1,-16,0.7923667481096354
STA-LSTM-H,6,1,-15,0.793040759610931
STA-LSTM-H,6,1,-14,0.7938537071131645
STA-LSTM-H,6,1,-13,0.7946666357888886
STA-LSTM-H,6,1,-12,0.7955027037041326
STA-LSTM-H,6,1,-11,0.7964082256495763
STA-LSTM-H,6,1,-10,0.7973368841544607
STA-LSTM-H,6,1,-9,0.7983581501979946
STA-LSTM-H,6,1,-8,0.7992636076279135
STA-LSTM-H,6,1,-7,0.8002153575398295
STA-LSTM-H,6,1,-6,0.8010628813578946
STA-LSTM-H,6,1,-5,0.8019914322102581
STA-LSTM-H,6,1,-4,0.802989429322342
STA-LSTM-H,6,1,-3,0.8040337146297412
STA-LSTM-H,6,1,-2,0.8050663980642099
STA-LSTM-H,6,1,-1,0.8061106351448353
STA-LSTM-H,6,1,0,0.8071664254703329
STA-LSTM-H,6,1,1,0.8081598629217126
STA-LSTM-H,6,1,2,0.8090954349160039
STA-LSTM-H,6,1,3,0.8099036724864539
STA-LSTM-H,6,1,4,0.8109319100160933
STA-LSTM-H,6,1,5,0.8118559685075837
STA-LSTM-H,6,1,6,0.8128032048535933
STA-LSTM-H,6,1,7,0.8136694145979992
STA-LSTM-H,6,1,8,0.814558801394051
STA-LSTM-H,6,1,9,0.8154597874163444
STA-LSTM-H,6,1,10,0.8164302668905228
STA-LSTM-H,6,1,11,0.8173776110416378
STA-LSTM-H,6,1,12,0.8183133980987228
STA-LSTM-H,6,1,13,0.8193186818276557
STA-LSTM-H,6,1,14,0.8201850372274522
STA-LSTM-H,6,1,15,0.8209471977767485
STA-LSTM-H,6,1,16,0.8216167394249586
STA-LSTM-H,6,1,17,0.8222168183607772
STA-LSTM-H,6,1,18,0.8228053313570411
STA-LSTM-H,6,1,19,0.8234054379545138
STA-LSTM-H,6,1,20,0.8239708181344451
STA-LSTM-H,6,1,21,0.8245014706904139
STA-LSTM-H,6,1,22,0.824985814042361
STA-LSTM-H,6,1,23,0.8253891050583657
STA-LSTM-H,6,1,24,0.8257808247733089
STA-LSTM-H,6,1,25,0.8262304574406485
STA-LSTM-H,6,1,26,0.8264832250518246
STA-LSTM-H,6,1,27,0.8267591606059203
STA-LSTM-H,6,1,28,0.8270582649078717
STA-LSTM-H,6,1,29,0.827357376137864
STA-LSTM-H,6,1,30,0.8276564942961376
STA-LSTM-H,6,1,31,0.827920874640971
STA-LSTM-H,6,1,32,0.8281852611097599
STA-LSTM-H,6,1,33,0.8285191447962753
STA-LSTM-H,6,1,34,0.8287140524200554
STA-LSTM-H,6,1,35,0.8289784572619875
STA-LSTM-H,6,1,36,0.8293123617368744
STA-LSTM-H,6,1,37,0.8295651972480252
STA-LSTM-H,6,1,38,0.8297832910571366
STA-LSTM-H,6,1,39,0.8298044848035582
STA-LSTM-H,6,1,40,0.8297793478890368
STA-LSTM-H,6,1,41,0.829777376236477
STA-LSTM-H,6,1,42,0.8297290723130205
STA-LSTM-H,6,1,43,0.8295765185562711
STA-LSTM-H,6,1,44,0.8294818778885916
STA-LSTM-H,6,1,45,0.8291671493107842
STA-LSTM-H,6,1,46,0.8288639970346002
STA-LSTM-H,6,1,47,0.828410249281809
STA-LSTM-H,6,1,48,0.8279333232939868
STA-LSTM-H,6,1,49,0.8274679702522995
STA-LSTM-H,6,1,50,0.8269446857804807
STA-LSTM-H,6,1,51,0.8263982206570595
STA-LSTM-H,6,1,52,0.8258169896783013
STA-LSTM-H,6,1,53,0.8251894071036352
STA-LSTM-H,6,1,54,0.8245038866556226
STA-LSTM-H,6,1,55,0.8238183503243744
STA-LSTM-H,6,1,56,0.8230053638248821
STA-LSTM-H,6,1,57,0.8221460182117287
STA-LSTM-H,6,1,58,0.8212634822804314
STA-LSTM-H,6,1,59,0.8205083646137449
STA-LSTM-H,6,1,60,0.819637374732086
STA-LSTM-H,7,2,-60,0.7363957597173145
STA-LSTM-H,7,2,-59,0.7359238148199638
STA-LSTM-H,7,2,-58,0.7354518808577685
STA-LSTM-H,7,2,-57,0.7349220324845339
STA-LSTM-H,7,2,-56,0.7343458566480149
STA-LSTM-H,7,2,-55,0.7338855421686747
STA-LSTM-H,7,2,-54,0.7334715770206555
STA-LSTM-H,7,2,-53,0.7330460369314891
STA-LSTM-H,7,2,-52,0.7326205067015743
STA-LSTM-H,7,2,-51,0.7321602335387609
STA-LSTM-H,7,2,-50,0.7317231392991601
STA-LSTM-H,7,2,-49,0.7312513031994996
STA-LSTM-H,7,2,-48,0.7308721489221217
STA-LSTM-H,7,2,-47,0.730435084792883
STA-LSTM-H,7,2,-46,0.7299864471961913
STA-LSTM-H,7,2,-45,0.7295146530754083
STA-LSTM-H,7,2,-44,0.7291123698323893
STA-LSTM-H,7,2,-43,0.7286637631469212
STA-LSTM-H,7,2,-42,0.7282267499102313
STA-LSTM-H,7,2,-41,0.7277549980309033
STA-LSTM-H,7,2,-40,0.7272716742920021
STA-LSTM-H,7,2,-39,0.7268462750185323
STA-LSTM-H,7,2,-38,0.7263282254421627
STA-LSTM-H,7,2,-37,0.7258217702518011
STA-LSTM-H,7,2,-36,0.7253616557986542
STA-LSTM-H,7,2,-35,0.7249478804725504
STA-LSTM-H,7,2,-34,0.7244414588665872
STA-LSTM-H,7,2,-33,0.7239003034444419
STA-LSTM-H,7,2,-32,0.7234170691312556
STA-LSTM-H,7,2,-31,0.7228875196886871
STA-LSTM-H,7,2,-30,0.7224737969772425
STA-LSTM-H,7,2,-29,0.7219905959743358
STA-LSTM-H,7,2,-28,0.7214495002721577
STA-LSTM-H,7,2,-27,0.7209663223236207
STA-LSTM-H,7,2,-26,0.720529479206476
STA-LSTM-H,7,2,-25,0.7200463231036479
STA-LSTM-H,7,2,-24,0.7195284362659379
STA-LSTM-H,7,2,-23,0.7189874004076339
STA-LSTM-H,7,2,-22,0.7185042789480388
STA-LSTM-H,7,2,-21,0.7180327489172476
STA-LSTM-H,7,2,-20,0.7175959701233281
STA-LSTM-H,7,2,-19,0.7171128815600537
STA-LSTM-H,7,2,-18,0.7166066445105782
STA-LSTM-H,7,2,-17,0.7161235785914449
STA-LSTM-H,7,2,-16,0.7156636829977189
STA-LSTM-H,7,2,-15,0.715203798054655
STA-LSTM-H,7,2,-14,0.7148133995669341
STA-LSTM-H,7,2,-13,0.7144114309534286
STA-LSTM-H,7,2,-12,0.7139863135833633
STA-LSTM-H,7,2,-11,0.7134801537677736
STA-LSTM-H,7,2,-10,0.7129508481445029
STA-LSTM-H,7,2,-9,0.7124794479308987
STA-LSTM-H,7,2,-8,0.7120659511155881
STA-LSTM-H,7,2,-7,0.7116756206002223
STA-LSTM-H,7,2,-6,0.7111926732971321
STA-LSTM-H,7,2,-5,0.7106634248002779
STA-LSTM-H,7,2,-4,0.71006472079749
STA-LSTM-H,7,2,-3,0.7095354976149678
STA-LSTM-H,7,2,-2,0.7089715536105032
STA-LSTM-H,7,2,-1,0.7084539328964735
STA-LSTM-H,7,2,0,0.7079015918958032
STA-LSTM-H,7,2,1,0.7073887975548198
STA-LSTM-H,7,2,2,0.7067833698030634
STA-LSTM-H,7,2,3,0.7061431945537906
STA-LSTM-H,7,2,4,0.7056766738835952
STA-LSTM-H,7,2,5,0.7051754081278222
STA-LSTM-H,7,2,6,0.7047204436777085
STA-LSTM-H,7,2,7,0.7042770470544646
STA-LSTM-H,7,2,8,0.7038452186599048
STA-LSTM-H,7,2,9,0.7034712734177802
STA-LSTM-H,7,2,10,0.7031204770450993
STA-LSTM-H,7,2,11,0.7027233569542866
STA-LSTM-H,7,2,12,0.7023262276669408
STA-LSTM-H,7,2,13,0.7019175100159792
STA-LSTM-H,7,2,14,0.7013814105904286
STA-LSTM-H,7,2,15,0.7009379342288097
STA-LSTM-H,7,2,16,0.7005407658726942
STA-LSTM-H,7,2,17,0.7001320086152991
STA-LSTM-H,7,2,18,0.6997695612399689
STA-LSTM-H,7,2,19,0.6993839455278151
STA-LSTM-H,7,2,20,0.6989751606739621
STA-LSTM-H,7,2,21,0.6986705885077703
STA-LSTM-H,7,2,22,0.6984702326497053
STA-LSTM-H,7,2,23,0.698293033166574
STA-LSTM-H,7,2,24,0.6980463457284802
STA-LSTM-H,7,2,25,0.6977996525767226
STA-LSTM-H,7,2,26,0.6975182109810188
STA-LSTM-H,7,2,27,0.6971788576458053
STA-LSTM-H,7,2,28,0.6967931717372926
STA-LSTM-H,7,2,29,0.6964074768952818
STA-LSTM-H,7,2,30,0.6959522844403266
STA-LSTM-H,7,2,31,0.6955086630223293
STA-LSTM-H,7,2,32,0.6950418678989612
STA-LSTM-H,7,2,33,0.69451715271826
STA-LSTM-H,7,2,34,0.6940271713322755
STA-LSTM-H,7,2,35,0.6936066712995136
STA-LSTM-H,7,2,36,0.6931745792747194
STA-LSTM-H,7,2,37,0.6927308948551043
STA-LSTM-H,7,2,38,0.6923566952754903
STA-LSTM-H,7,2,39,0.6919245737583395
STA-LSTM-H,7,2,40,0.6914924422308449
STA-LSTM-H,7,2,41,0.6910371348483796
STA-LSTM-H,7,2,42,0.6906513152560435
STA-LSTM-H,7,2,43,0.6902307371542418
STA-LSTM-H,7,2,44,0.689786982659763
STA-LSTM-H,7,2,45,0.6893432178848604
STA-LSTM-H,7,2,46,0.688876275643179
STA-LSTM-H,7,2,47,0.6883861551292744
STA-LSTM-H,7,2,48,0.687942358705851
STA-LSTM-H,7,2,49,0.6874406320227973
STA-LSTM-H,7,2,50,0.6869273095858673
STA-LSTM-H,7,2,51,0.6864603123117557
STA-LSTM-H,7,2,52,0.6859817198197468
STA-LSTM-H,7,2,53,0.6855031162391975
STA-LSTM-H,7,2,54,0.6849897475701162
STA-LSTM-H,7,2,55,0.6844416126042632
STA-LSTM-H,7,2,56,0.6838934649381944
STA-LSTM-H,7,2,57,0.683368474709794
STA-LSTM-H,7,2,58,0.6828203019104
STA-LSTM-H,7,2,59,0.6823416284350526
STA-LSTM-H,7,2,60,0.6819208712274807
STA-LSTM-H,8,2,-60,0.4926837745467184
STA-LSTM-H,8,2,-59,0.49227257982297606
STA-LSTM-H,8,2,-58,0.49188456503353917
STA-LSTM-H,8,2,-57,0.4915081443036215
STA-LSTM-H,8,2,-56,0.4910622226856196
STA-LSTM-H,8,2,-55,0.49074374420759964
STA-LSTM-H,8,2,-54,0.49037893444237207
STA-LSTM-H,8,2,-53,0.4900025485971131
STA-LSTM-H,8,2,-52,0.4897304310554545
STA-LSTM-H,8,2,-51,0.48942356702655115
STA-LSTM-H,8,2,-50,0.4889661164205039
STA-LSTM-H,8,2,-49,0.488566596390427
STA-LSTM-H,8,2,-48,0.48806283086404023
STA-LSTM-H,8,2,-47,0.48758224446297843
STA-LSTM-H,8,2,-46,0.48704375123075677
STA-LSTM-H,8,2,-45,0.48648210355612187
STA-LSTM-H,8,2,-44,0.4860131354901484
STA-LSTM-H,8,2,-43,0.4855325950979938
STA-LSTM-H,8,2,-42,0.48514473028853394
STA-LSTM-H,8,2,-41,0.4848495378414066
STA-LSTM-H,8,2,-40,0.4844269415648347
STA-LSTM-H,8,2,-39,0.484050685693106
STA-LSTM-H,8,2,-38,0.48365127349803677
STA-LSTM-H,8,2,-37,0.4832518705552596
STA-LSTM-H,8,2,-36,0.48286405911581093
STA-LSTM-H,8,2,-35,0.4825225851285615
STA-LSTM-H,8,2,-34,0.4821811190512039
STA-LSTM-H,8,2,-33,0.48173542424312615
STA-LSTM-H,8,2,-32,0.4813013214736574
STA-LSTM-H,8,2,-31,0.4807514129528398
STA-LSTM-H,8,2,-30,0.4802710058486305
STA-LSTM-H,8,2,-29,0.4797790285595164
STA-LSTM-H,8,2,-28,0.47931022502229376
STA-LSTM-H,8,2,-27,0.4789109186084217
STA-LSTM-H,8,2,-26,0.47855794508332467
STA-LSTM-H,8,2,-25,0.4782049797336422
STA-LSTM-H,8,2,-24,0.47789834512628687
STA-LSTM-H,8,2,-23,0.4775106540670743
STA-LSTM-H,8,2,-22,0.47713455236065916
STA-LSTM-H,8,2,-21,0.476735298885981
STA-LSTM-H,8,2,-20,0.47640553529037116
STA-LSTM-H,8,2,-19,0.47604103941822223
STA-LSTM-H,8,2,-18,0.4757344511736165
STA-LSTM-H,8,2,-17,0.4753004932953519
STA-LSTM-H,8,2,-16,0.4748318067601524
STA-LSTM-H,8,2,-15,0.47438628994905047
STA-LSTM-H,8,2,-14,0.47385972834960227
STA-LSTM-H,8,2,-13,0.4735531831129432
STA-LSTM-H,8,2,-12,0.47321190787721595
STA-LSTM-H,8,2,-11,0.47297485063220784
STA-LSTM-H,8,2,-10,0.47277253517049733
STA-LSTM-H,8,2,-9,0.47253548850241994
STA-LSTM-H,8,2,-8,0.47217108386304957
STA-LSTM-H,8,2,-7,0.4720035198221564
STA-LSTM-H,8,2,-6,0.47190542903124966
STA-LSTM-H,8,2,-5,0.4718768090772259
STA-LSTM-H,8,2,-4,0.4719408134674833
STA-LSTM-H,8,2,-3,0.4719816607233826
STA-LSTM-H,8,2,-2,0.4719761962650365
STA-LSTM-H,8,2,-1,0.4719823094912821
STA-LSTM-H,8,2,0,0.4720926193921852
STA-LSTM-H,8,2,1,0.47219070553638826
STA-LSTM-H,8,2,2,0.47224248318340223
STA-LSTM-H,8,2,3,0.4722363728986246
STA-LSTM-H,8,2,4,0.4722071065519677
STA-LSTM-H,8,2,5,0.47215468333912236
STA-LSTM-H,8,2,6,0.47210225891234125
STA-LSTM-H,8,2,7,0.4720266765468692
STA-LSTM-H,8,2,8,0.4718584644598052
STA-LSTM-H,8,2,9,0.4715976194335734
STA-LSTM-H,8,2,10,0.4714293984831818
STA-LSTM-H,8,2,11,0.4713074892316243
STA-LSTM-H,8,2,12,0.47127820941838516
STA-LSTM-H,8,2,13,0.47112155809267964
STA-LSTM-H,8,2,14,0.4709880617408321
STA-LSTM-H,8,2,15,0.47081982399258915
STA-LSTM-H,8,2,16,0.47055894579603746
STA-LSTM-H,8,2,17,0.4703212209638945
STA-LSTM-H,8,2,18,0.4700371712773718
STA-LSTM-H,8,2,19,0.4697878549261198
STA-LSTM-H,8,2,20,0.46950379248451163
STA-LSTM-H,8,2,21,0.4691965629849225
STA-LSTM-H,8,2,22,0.46884300487533725
STA-LSTM-H,8,2,23,0.468408375023161
STA-LSTM-H,8,2,24,0.468008477029797
STA-LSTM-H,8,2,25,0.46763173132599883
STA-LSTM-H,8,2,26,0.4672665578061124
STA-LSTM-H,8,2,27,0.4668782137397508
STA-LSTM-H,8,2,28,0.46652460421323266
STA-LSTM-H,8,2,29,0.46615940518379545
STA-LSTM-H,8,2,30,0.4658057791418148
STA-LSTM-H,8,2,31,0.4653826554248124
STA-LSTM-H,8,2,32,0.4651100841990665
STA-LSTM-H,8,2,33,0.4648722522063422
STA-LSTM-H,8,2,34,0.4645185948738143
STA-LSTM-H,8,2,35,0.4641996757007181
STA-LSTM-H,8,2,36,0.4638807491400178
STA-LSTM-H,8,2,37,0.46358497996247305
STA-LSTM-H,8,2,38,0.4632081262957944
STA-LSTM-H,8,2,39,0.46287759451445515
STA-LSTM-H,8,2,40,0.46251230671222565
STA-LSTM-H,8,2,41,0.46220492505849375
STA-LSTM-H,8,2,42,0.46186278711500817
STA-LSTM-H,8,2,43,0.46143955891210675
STA-LSTM-H,8,2,44,0.4610510708783635
STA-LSTM-H,8,2,45,0.46066257384455
STA-LSTM-H,8,2,46,0.4603435693683467
STA-LSTM-H,8,2,47,0.4599550551385414
STA-LSTM-H,8,2,48,0.4595896996304748
STA-LSTM-H,8,2,49,0.4592359196534069
STA-LSTM-H,8,2,50,0.4588010425716768
STA-LSTM-H,8,2,51,0.4584124924702284
STA-LSTM-H,8,2,52,0.45801234896840937
STA-LSTM-H,8,2,53,0.4577280415189639
STA-LSTM-H,8,2,54,0.4574900661484459
STA-LSTM-H,8,2,55,0.4572636700648749
STA-LSTM-H,8,2,56,0.4571183632803902
STA-LSTM-H,8,2,57,0.45700780833661575
STA-LSTM-H,8,2,58,0.4569088360346166
STA-LSTM-H,8,2,59,0.4567982761017656
STA-LSTM-H,8,2,60,0.4566645426635
STA-LSTM-H,9,2,-60,0.7877193998725598
STA-LSTM-H,9,2,-59,0.7868645442328189
STA-LSTM-H,9,2,-58,0.785963367586918
STA-LSTM-H,9,2,-57,0.7849695312681017
STA-LSTM-H,9,2,-56,0.7840452275860471
STA-LSTM-H,9,2,-55,0.7831672845227062
STA-LSTM-H,9,2,-54,0.7822661924676498
STA-LSTM-H,9,2,-53,0.7813767058223859
STA-LSTM-H,9,2,-52,0.7804061489985288
STA-LSTM-H,9,2,-51,0.779389277605301
STA-LSTM-H,9,2,-50,0.7784535186794093
STA-LSTM-H,9,2,-49,0.7775525334198272
STA-LSTM-H,9,2,-48,0.7766515690340218
STA-LSTM-H,9,2,-47,0.7757622092484477
STA-LSTM-H,9,2,-46,0.7748612864738385
STA-LSTM-H,9,2,-45,0.7740183018649369
STA-LSTM-H,9,2,-44,0.7730710868633515
STA-LSTM-H,9,2,-43,0.7721702265672057
STA-LSTM-H,9,2,-42,0.7712462210278804
STA-LSTM-H,9,2,-41,0.7703801515046216
STA-LSTM-H,9,2,-40,0.7694214397405456
STA-LSTM-H,9,2,-39,0.7684280022238695
STA-LSTM-H,9,2,-38,0.7675388303971646
STA-LSTM-H,9,2,-37,0.7665801848548727
STA-LSTM-H,9,2,-36,0.7656099792677701
STA-LSTM-H,9,2,-35,0.7646513782719481
STA-LSTM-H,9,2,-34,0.7636348895657915
STA-LSTM-H,9,2,-33,0.7627689884413148
STA-LSTM-H,9,2,-32,0.7619957610923873
STA-LSTM-H,9,2,-31,0.7612920411377745
STA-LSTM-H,9,2,-30,0.760542011697261
STA-LSTM-H,9,2,-29,0.7598383248789753
STA-LSTM-H,9,2,-28,0.7591346543597346
STA-LSTM-H,9,2,-27,0.7583730949182378
STA-LSTM-H,9,2,-26,0.7576578767559555
STA-LSTM-H,9,2,-25,0.7569195136074117
STA-LSTM-H,9,2,-24,0.7563432965454946
STA-LSTM-H,9,2,-23,0.7557091902909023
STA-LSTM-H,9,2,-22,0.7550519379755191
STA-LSTM-H,9,2,-21,0.7543599601639762
STA-LSTM-H,9,2,-20,0.7537606392218169
STA-LSTM-H,9,2,-19,0.7531497521886146
STA-LSTM-H,9,2,-18,0.7524925599546071
STA-LSTM-H,9,2,-17,0.7519859190810347
STA-LSTM-H,9,2,-16,0.7514561308028115
STA-LSTM-H,9,2,-15,0.7508684576192681
STA-LSTM-H,9,2,-14,0.750408170354674
STA-LSTM-H,9,2,-13,0.7499594729163289
STA-LSTM-H,9,2,-12,0.7495455229670114
STA-LSTM-H,9,2,-11,0.7490505303135566
STA-LSTM-H,9,2,-10,0.748590285416546
STA-LSTM-H,9,2,-9,0.7481184725470671
STA-LSTM-H,9,2,-8,0.7476698275961884
STA-LSTM-H,9,2,-7,0.7472790848462394
STA-LSTM-H,9,2,-6,0.7469809769709039
STA-LSTM-H,9,2,-5,0.7466828759986106
STA-LSTM-H,9,2,-4,0.746280580287365
STA-LSTM-H,9,2,-3,0.745913027369981
STA-LSTM-H,9,2,-2,0.7454644391187061
STA-LSTM-H,9,2,-1,0.7451200592770972
STA-LSTM-H,9,2,0,0.7447525325615051
STA-LSTM-H,9,2,1,0.7444601384675944
STA-LSTM-H,9,2,2,0.7442487814479062
STA-LSTM-H,9,2,3,0.7440258417079609
STA-LSTM-H,9,2,4,0.743745007004666
STA-LSTM-H,9,2,5,0.7434178534213268
STA-LSTM-H,9,2,6,0.7431717398603666
STA-LSTM-H,9,2,7,0.742728788440163
STA-LSTM-H,9,2,8,0.7422626697697037
STA-LSTM-H,9,2,9,0.7418312761966515
STA-LSTM-H,9,2,10,0.741272506223586
STA-LSTM-H,9,2,11,0.7407484600064842
STA-LSTM-H,9,2,12,0.7402359806861735
STA-LSTM-H,9,2,13,0.7397003311641694
STA-LSTM-H,9,2,14,0.7391878278389551
STA-LSTM-H,9,2,15,0.7386637332098194
STA-LSTM-H,9,2,16,0.7381512060121123
STA-LSTM-H,9,2,17,0.7376270872414832
STA-LSTM-H,9,2,18,0.737126116006809
STA-LSTM-H,9,2,19,0.736544073370698
STA-LSTM-H,9,2,20,0.7361241387296624
STA-LSTM-H,9,2,21,0.7357273548416982
STA-LSTM-H,9,2,22,0.735214758028094
STA-LSTM-H,9,2,23,0.7348295349268112
STA-LSTM-H,9,2,24,0.7344327222614677
STA-LSTM-H,9,2,25,0.7340706427330631
STA-LSTM-H,9,2,26,0.7337201357282656
STA-LSTM-H,9,2,27,0.7333812016491407
STA-LSTM-H,9,2,28,0.7330885844325802
STA-LSTM-H,9,2,29,0.7327264725638709
STA-LSTM-H,9,2,30,0.7322832821819445
STA-LSTM-H,9,2,31,0.731851663114982
STA-LSTM-H,9,2,32,0.7314084523354528
STA-LSTM-H,9,2,33,0.7309652312895231
STA-LSTM-H,9,2,34,0.7304756720445674
STA-LSTM-H,9,2,35,0.7301598332175122
STA-LSTM-H,9,2,36,0.7297976580687754
STA-LSTM-H,9,2,37,0.7294238921448262
STA-LSTM-H,9,2,38,0.7290964476412198
STA-LSTM-H,9,2,39,0.7288153261675315
STA-LSTM-H,9,2,40,0.7284647014536398
STA-LSTM-H,9,2,41,0.7281140686172307
STA-LSTM-H,9,2,42,0.727775010714327
STA-LSTM-H,9,2,43,0.7273896121947829
STA-LSTM-H,9,2,44,0.7270621213700756
STA-LSTM-H,9,2,45,0.7266767056643114
STA-LSTM-H,9,2,46,0.7261638615065621
STA-LSTM-H,9,2,47,0.7255930868316189
STA-LSTM-H,9,2,48,0.7250338827944908
STA-LSTM-H,9,2,49,0.7245094177883835
STA-LSTM-H,9,2,50,0.7239965247610773
STA-LSTM-H,9,2,51,0.7234372827950512
STA-LSTM-H,9,2,52,0.7229011966683271
STA-LSTM-H,9,2,53,0.7223071754593267
STA-LSTM-H,9,2,54,0.7216783864876449
STA-LSTM-H,9,2,55,0.7210959221501391
STA-LSTM-H,9,2,56,0.7204555196422572
STA-LSTM-H,9,2,57,0.7198961977803008
STA-LSTM-H,9,2,58,0.7194179593822769
STA-LSTM-H,9,2,59,0.7188701978775661
STA-LSTM-H,9,2,60,0.7183919365116145
STA-LSTM-H,10,2,-60,0.7749290389851127
STA-LSTM-H,10,2,-59,0.7754066453496455
STA-LSTM-H,10,2,-58,0.7759421666647358
STA-LSTM-H,10,2,-57,0.7764545054333974
STA-LSTM-H,10,2,-56,0.7769900022011377
STA-LSTM-H,10,2,-55,0.777548656163114
STA-LSTM-H,10,2,-54,0.7780609585153091
STA-LSTM-H,10,2,-53,0.7785269108686083
STA-LSTM-H,10,2,-52,0.7789812680282195
STA-LSTM-H,10,2,-51,0.7794471989249803
STA-LSTM-H,10,2,-50,0.7799015348971908
STA-LSTM-H,10,2,-49,0.7802979403655909
STA-LSTM-H,10,2,-48,0.7807406720956364
STA-LSTM-H,10,2,-47,0.7811254749328144
STA-LSTM-H,10,2,-46,0.7814755180761969
STA-LSTM-H,10,2,-45,0.781860303486621
STA-LSTM-H,10,2,-44,0.7822450799828566
STA-LSTM-H,10,2,-43,0.7826414307556874
STA-LSTM-H,10,2,-42,0.7831536029096637
STA-LSTM-H,10,2,-41,0.7836657631987398
STA-LSTM-H,10,2,-40,0.7842821567151214
STA-LSTM-H,10,2,-39,0.7848406226834692
STA-LSTM-H,10,2,-38,0.785364328155947
STA-LSTM-H,10,2,-37,0.7858532743403831
STA-LSTM-H,10,2,-36,0.7863653737013401
STA-LSTM-H,10,2,-35,0.7870048644892287
STA-LSTM-H,10,2,-34,0.7876327584809071
STA-LSTM-H,10,2,-33,0.7882374742303861
STA-LSTM-H,10,2,-32,0.7888190125429971
STA-LSTM-H,10,2,-31,0.7893542110627259
STA-LSTM-H,10,2,-30,0.7898314899530952
STA-LSTM-H,10,2,-29,0.7903550830380098
STA-LSTM-H,10,2,-28,0.7910292193127729
STA-LSTM-H,10,2,-27,0.791691758928985
STA-LSTM-H,10,2,-26,0.792342702289546
STA-LSTM-H,10,2,-25,0.7930399536768964
STA-LSTM-H,10,2,-24,0.7938529953330014
STA-LSTM-H,10,2,-23,0.794816564758199
STA-LSTM-H,10,2,-22,0.7957222099984945
STA-LSTM-H,10,2,-21,0.79667415522153
STA-LSTM-H,10,2,-20,0.7976260783973134
STA-LSTM-H,10,2,-19,0.7986242994117374
STA-LSTM-H,10,2,-18,0.7996919763308128
STA-LSTM-H,10,2,-17,0.8007133097107391
STA-LSTM-H,10,2,-16,0.8017577785754815
STA-LSTM-H,10,2,-15,0.8028138026864289
STA-LSTM-H,10,2,-14,0.803846643739651
STA-LSTM-H,10,2,-13,0.8048563025404691
STA-LSTM-H,10,2,-12,0.8058890960249181
STA-LSTM-H,10,2,-11,0.8070144967810662
STA-LSTM-H,10,2,-10,0.8081167139466219
STA-LSTM-H,10,2,-9,0.809218905587847
STA-LSTM-H,10,2,-8,0.8102168652378802
STA-LSTM-H,10,2,-7,0.81120322341608
STA-LSTM-H,10,2,-6,0.8122127152103186
STA-LSTM-H,10,2,-5,0.8131295588746092
STA-LSTM-H,10,2,-4,0.8139074457862013
STA-LSTM-H,10,2,-3,0.8146390033807253
STA-LSTM-H,10,2,-2,0.8153705440357519
STA-LSTM-H,10,2,-1,0.8160441799615625
STA-LSTM-H,10,2,0,0.8168104196816208
STA-LSTM-H,10,2,1,0.8176303054159817
STA-LSTM-H,10,2,2,0.8183344332140831
STA-LSTM-H,10,2,3,0.8191196220997545
STA-LSTM-H,10,2,4,0.8198237834458325
STA-LSTM-H,10,2,5,0.8205048049091119
STA-LSTM-H,10,2,6,0.8212784679688314
STA-LSTM-H,10,2,7,0.8219132085957762
STA-LSTM-H,10,2,8,0.8224784929429064
STA-LSTM-H,10,2,9,0.8230206331195147
STA-LSTM-H,10,2,10,0.8234585769698373
STA-LSTM-H,10,2,11,0.8238386364688991
STA-LSTM-H,10,2,12,0.8241492305732779
STA-LSTM-H,10,2,13,0.8243093027025775
STA-LSTM-H,10,2,14,0.824399902733873
STA-LSTM-H,10,2,15,0.824316813339509
STA-LSTM-H,10,2,16,0.824198983313841
STA-LSTM-H,10,2,17,0.8241390490747817
STA-LSTM-H,10,2,18,0.8239517352386025
STA-LSTM-H,10,2,19,0.8237759970355274
STA-LSTM-H,10,2,20,0.8235307741300446
STA-LSTM-H,10,2,21,0.8232739653056025
STA-LSTM-H,10,2,22,0.8229824094125276
STA-LSTM-H,10,2,23,0.8226329442282749
STA-LSTM-H,10,2,24,0.8221908258155667
STA-LSTM-H,10,2,25,0.8215981470758541
STA-LSTM-H,10,2,26,0.8210401973387069
STA-LSTM-H,10,2,27,0.820412748413397
STA-LSTM-H,10,2,28,0.819727379063546
STA-LSTM-H,10,2,29,0.8189840872767702
STA-LSTM-H,10,2,30,0.8182060339336383
STA-LSTM-H,10,2,31,0.8173237283424442
STA-LSTM-H,10,2,32,0.816348748595717
STA-LSTM-H,10,2,33,0.8154316555094855
STA-LSTM-H,10,2,34,0.8145261231628079
STA-LSTM-H,10,2,35,0.8136205698401667
STA-LSTM-H,10,2,36,0.8126686665354012
STA-LSTM-H,10,2,37,0.8117630707220459
STA-LSTM-H,10,2,38,0.8108342888912053
STA-LSTM-H,10,2,39,0.809905485544848
STA-LSTM-H,10,2,40,0.8090577401980656
STA-LSTM-H,10,2,41,0.8081288947575694
STA-LSTM-H,10,2,42,0.8072116108556404
STA-LSTM-H,10,2,43,0.8062132233702451
STA-LSTM-H,10,2,44,0.8052843127034321
STA-LSTM-H,10,2,45,0.8043437970578015
STA-LSTM-H,10,2,46,0.8036117642970496
STA-LSTM-H,10,2,47,0.8029260494856825
STA-LSTM-H,10,2,48,0.8021939833424073
STA-LSTM-H,10,2,49,0.8014155642564234
STA-LSTM-H,10,2,50,0.8005212858384014
STA-LSTM-H,10,2,51,0.7997544136045596
STA-LSTM-H,10,2,52,0.7990338611957416
STA-LSTM-H,10,2,53,0.7984059683510577
STA-LSTM-H,10,2,54,0.7978128149581214
STA-LSTM-H,10,2,55,0.7972544022242818
STA-LSTM-H,10,2,56,0.7965569573326846
STA-LSTM-H,10,2,57,0.7958942514886814
STA-LSTM-H,10,2,58,0.7953589675266749
STA-LSTM-H,10,2,59,0.794812085824181
STA-LSTM-H,10,2,60,0.7942999478653768
STA-LSTM-H,11,3,-60,0.7157736198806697
STA-LSTM-H,11,3,-59,0.7162982529310904
STA-LSTM-H,11,3,-58,0.7168460442323065
STA-LSTM-H,11,3,-57,0.7174054079102852
STA-LSTM-H,11,3,-56,0.7179647586278803
STA-LSTM-H,11,3,-55,0.7185820203892493
STA-LSTM-H,11,3,-54,0.7192108525156103
STA-LSTM-H,11,3,-53,0.7199323463311786
STA-LSTM-H,11,3,-52,0.7205959014399407
STA-LSTM-H,11,3,-51,0.7211667670636208
STA-LSTM-H,11,3,-50,0.7217492035910802
STA-LSTM-H,11,3,-49,0.7224706345712764
STA-LSTM-H,11,3,-48,0.7231804649761951
STA-LSTM-H,11,3,-47,0.7238555277546104
STA-LSTM-H,11,3,-46,0.7246348272307104
STA-LSTM-H,11,3,-45,0.7253214409822774
STA-LSTM-H,11,3,-44,0.7259732888533666
STA-LSTM-H,11,3,-43,0.726590372052078
STA-LSTM-H,11,3,-42,0.7273232715184228
STA-LSTM-H,11,3,-41,0.7281372344615099
STA-LSTM-H,11,3,-40,0.7289627613366537
STA-LSTM-H,11,3,-39,0.72970719051149
STA-LSTM-H,11,3,-38,0.7304979325202404
STA-LSTM-H,11,3,-37,0.7312654914406171
STA-LSTM-H,11,3,-36,0.7318824633132188
STA-LSTM-H,11,3,-35,0.7325573314801945
STA-LSTM-H,11,3,-34,0.7332206020314799
STA-LSTM-H,11,3,-33,0.7338143661254083
STA-LSTM-H,11,3,-32,0.7344544433248786
STA-LSTM-H,11,3,-31,0.7351060872787918
STA-LSTM-H,11,3,-30,0.7357808790317911
STA-LSTM-H,11,3,-29,0.736594630903574
STA-LSTM-H,11,3,-28,0.7374662698182913
STA-LSTM-H,11,3,-27,0.7384073748089127
STA-LSTM-H,11,3,-26,0.7394063625519693
STA-LSTM-H,11,3,-25,0.7404169079328315
STA-LSTM-H,11,3,-24,0.7414274299081655
STA-LSTM-H,11,3,-23,0.7425074115249213
STA-LSTM-H,11,3,-22,0.7434484036455016
STA-LSTM-H,11,3,-21,0.7444009542117331
STA-LSTM-H,11,3,-20,0.7453419026113137
STA-LSTM-H,11,3,-19,0.7461438695632034
STA-LSTM-H,11,3,-18,0.7470037171277372
STA-LSTM-H,11,3,-17,0.7477593274508442
STA-LSTM-H,11,3,-16,0.7484222837225999
STA-LSTM-H,11,3,-15,0.7491315423807319
STA-LSTM-H,11,3,-14,0.7498755225159505
STA-LSTM-H,11,3,-13,0.7506079062550659
STA-LSTM-H,11,3,-12,0.7513286940009032
STA-LSTM-H,11,3,-11,0.7520263072576536
STA-LSTM-H,11,3,-10,0.752642853007584
STA-LSTM-H,11,3,-9,0.7532478058495241
STA-LSTM-H,11,3,-8,0.7538064306969097
STA-LSTM-H,11,3,-7,0.7544113560577992
STA-LSTM-H,11,3,-6,0.7550046891824613
STA-LSTM-H,11,3,-5,0.7555748523792983
STA-LSTM-H,11,3,-4,0.7560408007317271
STA-LSTM-H,11,3,-3,0.7564604269902283
STA-LSTM-H,11,3,-2,0.7568453104558137
STA-LSTM-H,11,3,-1,0.7570333665223331
STA-LSTM-H,11,3,0,0.7573603473227207
STA-LSTM-H,11,3,1,0.7576701322157131
STA-LSTM-H,11,3,2,0.7579451912055851
STA-LSTM-H,11,3,3,0.7580929004770064
STA-LSTM-H,11,3,4,0.758182723367797
STA-LSTM-H,11,3,5,0.7582725483385435
STA-LSTM-H,11,3,6,0.7582697495629219
STA-LSTM-H,11,3,7,0.7581511670989255
STA-LSTM-H,11,3,8,0.7581715238459134
STA-LSTM-H,11,3,9,0.7581339879119098
STA-LSTM-H,11,3,10,0.7579227696404793
STA-LSTM-H,11,3,11,0.7576189152887778
STA-LSTM-H,11,3,12,0.7573382119657723
STA-LSTM-H,11,3,13,0.7570343438086196
STA-LSTM-H,11,3,14,0.7566146756058869
STA-LSTM-H,11,3,15,0.7561023622047244
STA-LSTM-H,11,3,16,0.7555205595247745
STA-LSTM-H,11,3,17,0.7548229463396559
STA-LSTM-H,11,3,18,0.7540326783005431
STA-LSTM-H,11,3,19,0.7532076520450229
STA-LSTM-H,11,3,20,0.7524752475247525
STA-LSTM-H,11,3,21,0.7517659865206012
STA-LSTM-H,11,3,22,0.7510914502101838
STA-LSTM-H,11,3,23,0.7503937372614415
STA-LSTM-H,11,3,24,0.7498002339289643
STA-LSTM-H,11,3,25,0.7492530399536769
STA-LSTM-H,11,3,26,0.7486363478442136
STA-LSTM-H,11,3,27,0.7480428035391671
STA-LSTM-H,11,3,28,0.747345014881814
STA-LSTM-H,11,3,29,0.7466240474370556
STA-LSTM-H,11,3,30,0.7458451560599919
STA-LSTM-H,11,3,31,0.7451473177059205
STA-LSTM-H,11,3,32,0.7443336460396326
STA-LSTM-H,11,3,33,0.7436010284681847
STA-LSTM-H,11,3,34,0.7428104840110724
STA-LSTM-H,11,3,35,0.7419388464211257
STA-LSTM-H,11,3,36,0.74111351764556
STA-LSTM-H,11,3,37,0.7402997521369501
STA-LSTM-H,11,3,38,0.7394512202184463
STA-LSTM-H,11,3,39,0.7385331727205338
STA-LSTM-H,11,3,40,0.737603521167545
STA-LSTM-H,11,3,41,0.7367433456112308
STA-LSTM-H,11,3,42,0.7358368179027718
STA-LSTM-H,11,3,43,0.7349418523838206
STA-LSTM-H,11,3,44,0.7340816161054546
STA-LSTM-H,11,3,45,0.7332329433568864
STA-LSTM-H,11,3,46,0.7324190017259553
STA-LSTM-H,11,3,47,0.7315355388749885
STA-LSTM-H,11,3,48,0.7306752232789278
STA-LSTM-H,11,3,49,0.7298612237332901
STA-LSTM-H,11,3,50,0.7290587894584419
STA-LSTM-H,11,3,51,0.7281057411612066
STA-LSTM-H,11,3,52,0.727164255181122
STA-LSTM-H,11,3,53,0.7262806700493502
STA-LSTM-H,11,3,54,0.7253623104458938
STA-LSTM-H,11,3,55,0.7245134383688601
STA-LSTM-H,11,3,56,0.7236645466235707
STA-LSTM-H,11,3,57,0.7228503904168307
STA-LSTM-H,11,3,58,0.7221057265660299
STA-LSTM-H,11,3,59,0.7213958014736549
STA-LSTM-H,11,3,60,0.7207553727625557
STA-LSTM-H,12,3,-60,0.7836876556797776
STA-LSTM-H,12,3,-59,0.7843273552991334
STA-LSTM-H,12,3,-58,0.7848164324524717
STA-LSTM-H,12,3,-57,0.7853054982738247
STA-LSTM-H,12,3,-56,0.7857597979587344
STA-LSTM-H,12,3,-55,0.7862951807228916
STA-LSTM-H,12,3,-54,0.7868653050821932
STA-LSTM-H,12,3,-53,0.7874238316999143
STA-LSTM-H,12,3,-52,0.7879707609791133
STA-LSTM-H,12,3,-51,0.7884713405310226
STA-LSTM-H,12,3,-50,0.7890298291340863
STA-LSTM-H,12,3,-49,0.7895072168292288
STA-LSTM-H,12,3,-48,0.7900077611871141
STA-LSTM-H,12,3,-47,0.7905662125845612
STA-LSTM-H,12,3,-46,0.7911594018232575
STA-LSTM-H,12,3,-45,0.7918220780725125
STA-LSTM-H,12,3,-44,0.7924384056711957
STA-LSTM-H,12,3,-43,0.793147384515591
STA-LSTM-H,12,3,-42,0.7939953436113653
STA-LSTM-H,12,3,-41,0.7947506196863344
STA-LSTM-H,12,3,-40,0.7955985405687149
STA-LSTM-H,12,3,-39,0.7964001111934766
STA-LSTM-H,12,3,-38,0.7972016632498233
STA-LSTM-H,12,3,-37,0.7980263615094165
STA-LSTM-H,12,3,-36,0.7989784454302227
STA-LSTM-H,12,3,-35,0.7997567755385685
STA-LSTM-H,12,3,-34,0.800708817363709
STA-LSTM-H,12,3,-33,0.8016724189849668
STA-LSTM-H,12,3,-32,0.8026128348563288
STA-LSTM-H,12,3,-31,0.8035879736866488
STA-LSTM-H,12,3,-30,0.8044820198042736
STA-LSTM-H,12,3,-29,0.8053644639010493
STA-LSTM-H,12,3,-28,0.8062121440235329
STA-LSTM-H,12,3,-27,0.807013480335387
STA-LSTM-H,12,3,-26,0.8077105698965825
STA-LSTM-H,12,3,-25,0.8084771279675739
STA-LSTM-H,12,3,-24,0.8092668295676947
STA-LSTM-H,12,3,-23,0.8100333518621456
STA-LSTM-H,12,3,-22,0.8106608919203734
STA-LSTM-H,12,3,-21,0.8112884174444728
STA-LSTM-H,12,3,-20,0.8118927682241909
STA-LSTM-H,12,3,-19,0.8125550048635879
STA-LSTM-H,12,3,-18,0.8132056463286126
STA-LSTM-H,12,3,-17,0.8137288959911068
STA-LSTM-H,12,3,-16,0.8142289743975729
STA-LSTM-H,12,3,-15,0.8147406206577119
STA-LSTM-H,12,3,-14,0.8151596206621045
STA-LSTM-H,12,3,-13,0.8156017692966814
STA-LSTM-H,12,3,-12,0.8161018028553895
STA-LSTM-H,12,3,-11,0.8164976147468853
STA-LSTM-H,12,3,-10,0.8169281537659931
STA-LSTM-H,12,3,-9,0.8172892110321192
STA-LSTM-H,12,3,-8,0.8175692104623293
STA-LSTM-H,12,3,-7,0.8179534086698778
STA-LSTM-H,12,3,-6,0.8181870810128634
STA-LSTM-H,12,3,-5,0.8183744355679056
STA-LSTM-H,12,3,-4,0.8185038959836056
STA-LSTM-H,12,3,-3,0.8186101977492706
STA-LSTM-H,12,3,-2,0.8187396524376831
STA-LSTM-H,12,3,-1,0.8188227938963114
STA-LSTM-H,12,3,0,0.8188480463096961
STA-LSTM-H,12,3,1,0.8188459490124343
STA-LSTM-H,12,3,2,0.8187280747455802
STA-LSTM-H,12,3,3,0.8186449312277126
STA-LSTM-H,12,3,4,0.8184228502622408
STA-LSTM-H,12,3,5,0.8180734051175177
STA-LSTM-H,12,3,6,0.8177586865657817
STA-LSTM-H,12,3,7,0.8175134309003335
STA-LSTM-H,12,3,8,0.8172102770734192
STA-LSTM-H,12,3,9,0.8168608017043744
STA-LSTM-H,12,3,10,0.8163955305968853
STA-LSTM-H,12,3,11,0.8158028808299754
STA-LSTM-H,12,3,12,0.8151986383057559
STA-LSTM-H,12,3,13,0.8145712234547602
STA-LSTM-H,12,3,14,0.8141059042854992
STA-LSTM-H,12,3,15,0.8136521537748957
STA-LSTM-H,12,3,16,0.8130941766347457
STA-LSTM-H,12,3,17,0.8124203895412122
STA-LSTM-H,12,3,18,0.8116655279826765
STA-LSTM-H,12,3,19,0.8109106489415906
STA-LSTM-H,12,3,20,0.810144172311968
STA-LSTM-H,12,3,21,0.8093429372119415
STA-LSTM-H,12,3,22,0.8085301031811286
STA-LSTM-H,12,3,23,0.8077751528627015
STA-LSTM-H,12,3,24,0.806881217357066
STA-LSTM-H,12,3,25,0.8059293572669369
STA-LSTM-H,12,3,26,0.8048964087598004
STA-LSTM-H,12,3,27,0.8038402742391254
STA-LSTM-H,12,3,28,0.8028304399689624
STA-LSTM-H,12,3,29,0.8018205823083872
STA-LSTM-H,12,3,30,0.800880189935723
STA-LSTM-H,12,3,31,0.7999166126192903
STA-LSTM-H,12,3,32,0.7989530129831023
STA-LSTM-H,12,3,33,0.7980125547242362
STA-LSTM-H,12,3,34,0.7971531485620968
STA-LSTM-H,12,3,35,0.7963400509613158
STA-LSTM-H,12,3,36,0.795492187771459
STA-LSTM-H,12,3,37,0.7946558873265538
STA-LSTM-H,12,3,38,0.7938658975873611
STA-LSTM-H,12,3,39,0.7930990548554485
STA-LSTM-H,12,3,40,0.7923090287832282
STA-LSTM-H,12,3,41,0.7915653160979452
STA-LSTM-H,12,3,42,0.7908679184089514
STA-LSTM-H,12,3,43,0.790263170087569
STA-LSTM-H,12,3,44,0.7896815744054858
STA-LSTM-H,12,3,45,0.7892042163790107
STA-LSTM-H,12,3,46,0.7887847652584878
STA-LSTM-H,12,3,47,0.7882031322398295
STA-LSTM-H,12,3,48,0.7875172309937795
STA-LSTM-H,12,3,49,0.7868428978523272
STA-LSTM-H,12,3,50,0.7861685490877498
STA-LSTM-H,12,3,51,0.7856100273388629
STA-LSTM-H,12,3,52,0.7850167394553016
STA-LSTM-H,12,3,53,0.7844466068904798
STA-LSTM-H,12,3,54,0.7839112151156729
STA-LSTM-H,12,3,55,0.7834684893419833
STA-LSTM-H,12,3,56,0.7828867340909881
STA-LSTM-H,12,3,57,0.782328135498969
STA-LSTM-H,12,3,58,0.781757938760615
STA-LSTM-H,12,3,59,0.7811877288104175
STA-LSTM-H,12,3,60,0.7805132364015525
STA-LSTM-H,13,3,-60,0.7503330823147772
STA-LSTM-H,13,3,-59,0.7508225589693683
STA-LSTM-H,13,3,-58,0.7514162911129905
STA-LSTM-H,13,3,-57,0.752067934845571
STA-LSTM-H,13,3,-56,0.7526152990650957
STA-LSTM-H,13,3,-55,0.753255329008341
STA-LSTM-H,13,3,-54,0.7538026667902364
STA-LSTM-H,13,3,-53,0.7543615764231598
STA-LSTM-H,13,3,-52,0.7549899794956153
STA-LSTM-H,13,3,-51,0.7555604466892174
STA-LSTM-H,13,3,-50,0.7561656530553142
STA-LSTM-H,13,3,-49,0.7568866853555128
STA-LSTM-H,13,3,-48,0.7575497816442133
STA-LSTM-H,13,3,-47,0.7582012788434807
STA-LSTM-H,13,3,-46,0.7588064265773958
STA-LSTM-H,13,3,-45,0.75936522645662
STA-LSTM-H,13,3,-44,0.7598081801438649
STA-LSTM-H,13,3,-43,0.7603322059027938
STA-LSTM-H,13,3,-42,0.7608678025783884
STA-LSTM-H,13,3,-41,0.7614265526907128
STA-LSTM-H,13,3,-40,0.7620779521630856
STA-LSTM-H,13,3,-39,0.762613510007413
STA-LSTM-H,13,3,-38,0.763091142847215
STA-LSTM-H,13,3,-37,0.7635571822372536
STA-LSTM-H,13,3,-36,0.7640927043398695
STA-LSTM-H,13,3,-35,0.7646745425063701
STA-LSTM-H,13,3,-34,0.7651521293475869
STA-LSTM-H,13,3,-33,0.7657107780686109
STA-LSTM-H,13,3,-32,0.7662809955642033
STA-LSTM-H,13,3,-31,0.7668859445937182
STA-LSTM-H,13,3,-30,0.7674561352712954
STA-LSTM-H,13,3,-29,0.7681073819285201
STA-LSTM-H,13,3,-28,0.7688512629274903
STA-LSTM-H,13,3,-27,0.7695488025200352
STA-LSTM-H,13,3,-26,0.7703158114164611
STA-LSTM-H,13,3,-25,0.7711522872032426
STA-LSTM-H,13,3,-24,0.7720003242579704
STA-LSTM-H,13,3,-23,0.7728136001482305
STA-LSTM-H,13,3,-22,0.7735921160816648
STA-LSTM-H,13,3,-21,0.7745211570975288
STA-LSTM-H,13,3,-20,0.7755196572288808
STA-LSTM-H,13,3,-19,0.7765065542637454
STA-LSTM-H,13,3,-18,0.7774239494192712
STA-LSTM-H,13,3,-17,0.7784223812501447
STA-LSTM-H,13,3,-16,0.7792586759920795
STA-LSTM-H,13,3,-15,0.7800949513663733
STA-LSTM-H,13,3,-14,0.7809891038779079
STA-LSTM-H,13,3,-13,0.7818253398485445
STA-LSTM-H,13,3,-12,0.7826615564535738
STA-LSTM-H,13,3,-11,0.7834282803019776
STA-LSTM-H,13,3,-10,0.7841255138076767
STA-LSTM-H,13,3,-9,0.7849616747331125
STA-LSTM-H,13,3,-8,0.7859136012597404
STA-LSTM-H,13,3,-7,0.7867728788440163
STA-LSTM-H,13,3,-6,0.7877594970417626
STA-LSTM-H,13,3,-5,0.788676623827718
STA-LSTM-H,13,3,-4,0.7896516191777333
STA-LSTM-H,13,3,-3,0.7906381697772427
STA-LSTM-H,13,3,-2,0.7915552313801767
STA-LSTM-H,13,3,-1,0.7925070044226272
STA-LSTM-H,13,3,0,0.7935282199710565
STA-LSTM-H,13,3,1,0.7946141199898118
STA-LSTM-H,13,3,2,0.7956190013082792
STA-LSTM-H,13,3,3,0.7966470615477238
STA-LSTM-H,13,3,4,0.7976519896724595
STA-LSTM-H,13,3,5,0.7986337848790089
STA-LSTM-H,13,3,6,0.7997545415600504
STA-LSTM-H,13,3,7,0.8008290107447202
STA-LSTM-H,13,3,8,0.801949818796531
STA-LSTM-H,13,3,9,0.8029317092374314
STA-LSTM-H,13,3,10,0.8037862560064841
STA-LSTM-H,13,3,11,0.8045018757815756
STA-LSTM-H,13,3,12,0.8051017218021607
STA-LSTM-H,13,3,13,0.8056552650471273
STA-LSTM-H,13,3,14,0.8061509246071722
STA-LSTM-H,13,3,15,0.8066234367762853
STA-LSTM-H,13,3,16,0.8070959598883729
STA-LSTM-H,13,3,17,0.807417957803562
STA-LSTM-H,13,3,18,0.8077168035017428
STA-LSTM-H,13,3,19,0.8078419565519478
STA-LSTM-H,13,3,20,0.8079786926061027
STA-LSTM-H,13,3,21,0.8080691108692127
STA-LSTM-H,13,3,22,0.8082058527208088
STA-LSTM-H,13,3,23,0.8083657587548638
STA-LSTM-H,13,3,24,0.8084098620745561
STA-LSTM-H,13,3,25,0.8084771279675739
STA-LSTM-H,13,3,26,0.8083243581280617
STA-LSTM-H,13,3,27,0.807997869087877
STA-LSTM-H,13,3,28,0.8077408595550511
STA-LSTM-H,13,3,29,0.8074375188196327
STA-LSTM-H,13,3,30,0.8072268226301466
STA-LSTM-H,13,3,31,0.8067729083665338
STA-LSTM-H,13,3,32,0.8063884738774423
STA-LSTM-H,13,3,33,0.8058418845984573
STA-LSTM-H,13,3,34,0.8053416105905653
STA-LSTM-H,13,3,35,0.8047139217048876
STA-LSTM-H,13,3,36,0.8039588135141709
STA-LSTM-H,13,3,37,0.8032500173735783
STA-LSTM-H,13,3,38,0.8024022145777593
STA-LSTM-H,13,3,39,0.8014733135656041
STA-LSTM-H,13,3,40,0.8003706492152661
STA-LSTM-H,13,3,41,0.7992795422429171
STA-LSTM-H,13,3,42,0.7981768269375558
STA-LSTM-H,13,3,43,0.7970972524672195
STA-LSTM-H,13,3,44,0.7959249863895935
STA-LSTM-H,13,3,45,0.7947063593188927
STA-LSTM-H,13,3,46,0.7934761204230328
STA-LSTM-H,13,3,47,0.7922806042072097
STA-LSTM-H,13,3,48,0.791038724848541
STA-LSTM-H,13,3,49,0.7897736487269189
STA-LSTM-H,13,3,50,0.7885780480741384
STA-LSTM-H,13,3,51,0.7874866780964738
STA-LSTM-H,13,3,52,0.7863141920461523
STA-LSTM-H,13,3,53,0.7852806932184148
STA-LSTM-H,13,3,54,0.7843977711101586
STA-LSTM-H,13,3,55,0.7835611677479147
STA-LSTM-H,13,3,56,0.7826782052618775
STA-LSTM-H,13,3,57,0.7818415625941287
STA-LSTM-H,13,3,58,0.781004900541029
STA-LSTM-H,13,3,59,0.7802724871402753
STA-LSTM-H,13,3,60,0.7795516422406302
STA-LSTM-H,14,3,-60,0.774940624456931
STA-LSTM-H,14,3,-59,0.7753950600120487
STA-LSTM-H,14,3,-58,0.7759189962579793
STA-LSTM-H,14,3,-57,0.7764776755717232
STA-LSTM-H,14,3,-56,0.7769784172661871
STA-LSTM-H,14,3,-55,0.7776181649675625
STA-LSTM-H,14,3,-54,0.7783389905121582
STA-LSTM-H,14,3,-53,0.7790366302912352
STA-LSTM-H,14,3,-52,0.7796879163143079
STA-LSTM-H,14,3,-51,0.7803391872480423
STA-LSTM-H,14,3,-50,0.7810367796119316
STA-LSTM-H,14,3,-49,0.7817575238051109
STA-LSTM-H,14,3,-48,0.7824550835775598
STA-LSTM-H,14,3,-47,0.7832105458252248
STA-LSTM-H,14,3,-46,0.783908072605961
STA-LSTM-H,14,3,-45,0.7846055832271517
STA-LSTM-H,14,3,-44,0.7853030776893584
STA-LSTM-H,14,3,-43,0.7858963072788769
STA-LSTM-H,14,3,-42,0.7865706045197086
STA-LSTM-H,14,3,-41,0.7872101373734566
STA-LSTM-H,14,3,-40,0.78791915213992
STA-LSTM-H,14,3,-39,0.7885702372127502
STA-LSTM-H,14,3,-38,0.7891749771245237
STA-LSTM-H,14,3,-37,0.7898839444972087
STA-LSTM-H,14,3,-36,0.7905234019388688
STA-LSTM-H,14,3,-35,0.7911860088024091
STA-LSTM-H,14,3,-34,0.7918717642834806
STA-LSTM-H,14,3,-33,0.7924648490885084
STA-LSTM-H,14,3,-32,0.7930810835852357
STA-LSTM-H,14,3,-31,0.7936973038080237
STA-LSTM-H,14,3,-30,0.794267183971278
STA-LSTM-H,14,3,-29,0.7948833761841891
STA-LSTM-H,14,3,-28,0.7955806223725201
STA-LSTM-H,14,3,-27,0.7962083661462918
STA-LSTM-H,14,3,-26,0.7969866472107379
STA-LSTM-H,14,3,-25,0.7976722640416908
STA-LSTM-H,14,3,-24,0.798369445634677
STA-LSTM-H,14,3,-23,0.7991824161571244
STA-LSTM-H,14,3,-22,0.7999606267298183
STA-LSTM-H,14,3,-21,0.8006114366445098
STA-LSTM-H,14,3,-20,0.8012969718024434
STA-LSTM-H,14,3,-19,0.8019593311408588
STA-LSTM-H,14,3,-18,0.8026564146508101
STA-LSTM-H,14,3,-17,0.8033303226105283
STA-LSTM-H,14,3,-16,0.8038421009970009
STA-LSTM-H,14,3,-15,0.8044696618805003
STA-LSTM-H,14,3,-14,0.8052014219381434
STA-LSTM-H,14,3,-13,0.8058984275491535
STA-LSTM-H,14,3,-12,0.8066301541169251
STA-LSTM-H,14,3,-11,0.8073966004353665
STA-LSTM-H,14,3,-10,0.8082325015920802
STA-LSTM-H,14,3,-9,0.808941018456337
STA-LSTM-H,14,3,-8,0.8096032049278081
STA-LSTM-H,14,3,-7,0.8102190626157836
STA-LSTM-H,14,3,-6,0.8108349060426774
STA-LSTM-H,14,3,-5,0.8114275790204932
STA-LSTM-H,14,3,-4,0.8120202382744208
STA-LSTM-H,14,3,-3,0.8126939285879683
STA-LSTM-H,14,3,-2,0.8132865594572378
STA-LSTM-H,14,3,-1,0.8138444439298863
STA-LSTM-H,14,3,0,0.8144023154848047
STA-LSTM-H,14,3,1,0.815036932410216
STA-LSTM-H,14,3,2,0.8157294524909404
STA-LSTM-H,14,3,3,0.8164104107812717
STA-LSTM-H,14,3,4,0.8170798068796239
STA-LSTM-H,14,3,5,0.8179576241750608
STA-LSTM-H,14,3,6,0.8187544141995392
STA-LSTM-H,14,3,7,0.8196785846609855
STA-LSTM-H,14,3,8,0.8205796195306078
STA-LSTM-H,14,3,9,0.8215964615705255
STA-LSTM-H,14,3,10,0.8226017483934465
STA-LSTM-H,14,3,11,0.8235839006993655
STA-LSTM-H,14,3,12,0.8245776547827195
STA-LSTM-H,14,3,13,0.8255135360459461
STA-LSTM-H,14,3,14,0.8265768112921342
STA-LSTM-H,14,3,15,0.8276053728578046
STA-LSTM-H,14,3,16,0.8287150152271332
STA-LSTM-H,14,3,17,0.8299057412167952
STA-LSTM-H,14,3,18,0.8311543939692208
STA-LSTM-H,14,3,19,0.8323220158414008
STA-LSTM-H,14,3,20,0.8334665045451913
STA-LSTM-H,14,3,21,0.8345878592769298
STA-LSTM-H,14,3,22,0.8356976596064989
STA-LSTM-H,14,3,23,0.8367611636094127
STA-LSTM-H,14,3,24,0.8378941760952392
STA-LSTM-H,14,3,25,0.8390966994788651
STA-LSTM-H,14,3,26,0.8402645079850375
STA-LSTM-H,14,3,27,0.841362857275212
STA-LSTM-H,14,3,28,0.842414907292668
STA-LSTM-H,14,3,29,0.8434090751163922
STA-LSTM-H,14,3,30,0.844345358735306
STA-LSTM-H,14,3,31,0.845246919299546
STA-LSTM-H,14,3,32,0.8462295727505414
STA-LSTM-H,14,3,33,0.8471659215677191
STA-LSTM-H,14,3,34,0.8479864722437775
STA-LSTM-H,14,3,35,0.8486101459346769
STA-LSTM-H,14,3,36,0.8491411760618028
STA-LSTM-H,14,3,37,0.8496374713335959
STA-LSTM-H,14,3,38,0.8501685256610723
STA-LSTM-H,14,3,39,0.8505953484062269
STA-LSTM-H,14,3,40,0.8510453466149303
STA-LSTM-H,14,3,41,0.8516806820024556
STA-LSTM-H,14,3,42,0.852211784601485
STA-LSTM-H,14,3,43,0.8527660658851874
STA-LSTM-H,14,3,44,0.8533551099836675
STA-LSTM-H,14,3,45,0.8539325842696629
STA-LSTM-H,14,3,46,0.8543363180391293
STA-LSTM-H,14,3,47,0.8546821425261792
STA-LSTM-H,14,3,48,0.8550395588865592
STA-LSTM-H,14,3,49,0.8554317355142136
STA-LSTM-H,14,3,50,0.8556385751520417
STA-LSTM-H,14,3,51,0.8558338353181039
STA-LSTM-H,14,3,52,0.8559480092211809
STA-LSTM-H,14,3,53,0.8559347559139038
STA-LSTM-H,14,3,54,0.8558635789668795
STA-LSTM-H,14,3,55,0.8557460611677479
STA-LSTM-H,14,3,56,0.8555358611661396
STA-LSTM-H,14,3,57,0.8552561458791909
STA-LSTM-H,14,3,58,0.8549532537043688
STA-LSTM-H,14,3,59,0.8544881597849762
STA-LSTM-H,14,3,60,0.8539882986734635
STA-LSTM-H,15,3,-60,0.736650640097318
STA-LSTM-H,15,3,-59,0.7371171045924279
STA-LSTM-H,15,3,-58,0.7375256322624744
STA-LSTM-H,15,3,-57,0.7380615862276698
STA-LSTM-H,15,3,-56,0.7386206976447828
STA-LSTM-H,15,3,-55,0.7391682113067656
STA-LSTM-H,15,3,-54,0.7397852202824342
STA-LSTM-H,15,3,-53,0.7403906304302496
STA-LSTM-H,15,3,-52,0.7409728577551753
STA-LSTM-H,15,3,-51,0.7415203187989435
STA-LSTM-H,15,3,-50,0.7419750941210541
STA-LSTM-H,15,3,-49,0.7425109468757964
STA-LSTM-H,15,3,-48,0.7430236194933219
STA-LSTM-H,15,3,-47,0.7434551941432676
STA-LSTM-H,15,3,-46,0.7439330931668385
STA-LSTM-H,15,3,-45,0.7444341480366037
STA-LSTM-H,15,3,-44,0.7450394412204191
STA-LSTM-H,15,3,-43,0.745586804429412
STA-LSTM-H,15,3,-42,0.7462615685774848
STA-LSTM-H,15,3,-41,0.7468784024833786
STA-LSTM-H,15,3,-40,0.7475068048879365
STA-LSTM-H,15,3,-39,0.7481699406968124
STA-LSTM-H,15,3,-38,0.7489025562620892
STA-LSTM-H,15,3,-37,0.7496351548564942
STA-LSTM-H,15,3,-36,0.750344571977901
STA-LSTM-H,15,3,-35,0.7510887190178365
STA-LSTM-H,15,3,-34,0.751751774938905
STA-LSTM-H,15,3,-33,0.7524495610479257
STA-LSTM-H,15,3,-32,0.7531704944234043
STA-LSTM-H,15,3,-31,0.7539724821643657
STA-LSTM-H,15,3,-30,0.7546702183102669
STA-LSTM-H,15,3,-29,0.7554721701063164
STA-LSTM-H,15,3,-28,0.7563320092186179
STA-LSTM-H,15,3,-27,0.7571339231945152
STA-LSTM-H,15,3,-26,0.7580632086069323
STA-LSTM-H,15,3,-25,0.7589461493920092
STA-LSTM-H,15,3,-24,0.7598290697270442
STA-LSTM-H,15,3,-23,0.7607003891050583
STA-LSTM-H,15,3,-22,0.7615716883026646
STA-LSTM-H,15,3,-21,0.762500868517961
STA-LSTM-H,15,3,-20,0.7634300272132476
STA-LSTM-H,15,3,-19,0.7643475844179907
STA-LSTM-H,15,3,-18,0.765276700209595
STA-LSTM-H,15,3,-17,0.7662057944834294
STA-LSTM-H,15,3,-16,0.7670885489642075
STA-LSTM-H,15,3,-15,0.7679481241315423
STA-LSTM-H,15,3,-14,0.7688076793923183
STA-LSTM-H,15,3,-13,0.7695977397466478
STA-LSTM-H,15,3,-12,0.7703646237393328
STA-LSTM-H,15,3,-11,0.7711546477699042
STA-LSTM-H,15,3,-10,0.7718636021536502
STA-LSTM-H,15,3,-9,0.772503068337077
STA-LSTM-H,15,3,-8,0.7731540982088067
STA-LSTM-H,15,3,-7,0.7737240644683216
STA-LSTM-H,15,3,-6,0.7742361263879401
STA-LSTM-H,15,3,-5,0.7747365983559106
STA-LSTM-H,15,3,-4,0.7751097011728474
STA-LSTM-H,15,3,-3,0.7755522623072292
STA-LSTM-H,15,3,-2,0.7759485024255265
STA-LSTM-H,15,3,-1,0.7762289577882233
STA-LSTM-H,15,3,0,0.7764515195369031
STA-LSTM-H,15,3,1,0.7766920601106815
STA-LSTM-H,15,3,2,0.7768862954858579
STA-LSTM-H,15,3,3,0.7771963136201547
STA-LSTM-H,15,3,4,0.7774600270924269
STA-LSTM-H,15,3,5,0.7777005904828065
STA-LSTM-H,15,3,6,0.7778948465305839
STA-LSTM-H,15,3,7,0.778112263801408
STA-LSTM-H,15,3,8,0.7782370581356305
STA-LSTM-H,15,3,9,0.7782113331635134
STA-LSTM-H,15,3,10,0.7782319226538529
STA-LSTM-H,15,3,11,0.7781714603306934
STA-LSTM-H,15,3,12,0.7781109966073434
STA-LSTM-H,15,3,13,0.7780505314837545
STA-LSTM-H,15,3,14,0.7779669063581941
STA-LSTM-H,15,3,15,0.777975914775359
STA-LSTM-H,15,3,16,0.777984923401151
STA-LSTM-H,15,3,17,0.777866555501517
STA-LSTM-H,15,3,18,0.7775397477911461
STA-LSTM-H,15,3,19,0.7772013525406457
STA-LSTM-H,15,3,20,0.7769555902958717
STA-LSTM-H,15,3,21,0.7766866618801677
STA-LSTM-H,15,3,22,0.776313503873635
STA-LSTM-H,15,3,23,0.775917176209005
STA-LSTM-H,15,3,24,0.7755440006485159
STA-LSTM-H,15,3,25,0.775055008685582
STA-LSTM-H,15,3,26,0.7745891672167599
STA-LSTM-H,15,3,27,0.7740190855607542
STA-LSTM-H,15,3,28,0.7733910848089685
STA-LSTM-H,15,3,29,0.77279781344822
STA-LSTM-H,15,3,30,0.772181365452545
STA-LSTM-H,15,3,31,0.7715533215973316
STA-LSTM-H,15,3,32,0.7709368449092573
STA-LSTM-H,15,3,33,0.7702276991498923
STA-LSTM-H,15,3,34,0.7695648648961675
STA-LSTM-H,15,3,35,0.7688672689367616
STA-LSTM-H,15,3,36,0.7680422520529541
STA-LSTM-H,15,3,37,0.7671708865157868
STA-LSTM-H,15,3,38,0.7664037434703546
STA-LSTM-H,15,3,39,0.7657408265381764
STA-LSTM-H,15,3,40,0.7650315630972375
STA-LSTM-H,15,3,41,0.7643222832256121
STA-LSTM-H,15,3,42,0.763589820810119
STA-LSTM-H,15,3,43,0.7628573414261224
STA-LSTM-H,15,3,44,0.7620553451251578
STA-LSTM-H,15,3,45,0.7612880806208734
STA-LSTM-H,15,3,46,0.7604860475622328
STA-LSTM-H,15,3,47,0.7596260772866278
STA-LSTM-H,15,3,48,0.7587197516420123
STA-LSTM-H,15,3,49,0.757836572990756
STA-LSTM-H,15,3,50,0.7569417897480452
STA-LSTM-H,15,3,51,0.7561512441499467
STA-LSTM-H,15,3,52,0.7554070178283887
STA-LSTM-H,15,3,53,0.7546743587961354
STA-LSTM-H,15,3,54,0.7539069287890549
STA-LSTM-H,15,3,55,0.7531510658016682
STA-LSTM-H,15,3,56,0.7523604304961827
STA-LSTM-H,15,3,57,0.7515813619407308
STA-LSTM-H,15,3,58,0.7508138605373217
STA-LSTM-H,15,3,59,0.7499768293248065
STA-LSTM-H,15,3,60,0.7491745351329433
STA-LSTM-H,16,3,-60,0.7291895962463071
STA-LSTM-H,16,3,-59,0.7295634644793549
STA-LSTM-H,16,3,-58,0.7299373240497237
STA-LSTM-H,16,3,-57,0.7302184944044116
STA-LSTM-H,16,3,-56,0.7305923377240237
STA-LSTM-H,16,3,-55,0.7311051899907322
STA-LSTM-H,16,3,-54,0.731536937709248
STA-LSTM-H,16,3,-53,0.731910752762911
STA-LSTM-H,16,3,-52,0.7322961435538616
STA-LSTM-H,16,3,-51,0.7326583568880033
STA-LSTM-H,16,3,-50,0.733090066608746
STA-LSTM-H,16,3,-49,0.7335912703009522
STA-LSTM-H,16,3,-48,0.7341272139655033
STA-LSTM-H,16,3,-47,0.7348021499397647
STA-LSTM-H,16,3,-46,0.7354654866846598
STA-LSTM-H,16,3,-45,0.7361867253561913
STA-LSTM-H,16,3,-44,0.7368847806697478
STA-LSTM-H,16,3,-43,0.737594403002363
STA-LSTM-H,16,3,-42,0.7383155919520925
STA-LSTM-H,16,3,-41,0.7390715129612899
STA-LSTM-H,16,3,-40,0.7397579197312794
STA-LSTM-H,16,3,-39,0.7403284840622684
STA-LSTM-H,16,3,-38,0.7408758701367896
STA-LSTM-H,16,3,-37,0.7413769139892052
STA-LSTM-H,16,3,-36,0.7418084527270411
STA-LSTM-H,16,3,-35,0.7422168172341904
STA-LSTM-H,16,3,-34,0.7427062461634681
STA-LSTM-H,16,3,-33,0.7432419911514674
STA-LSTM-H,16,3,-32,0.7438240505889302
STA-LSTM-H,16,3,-31,0.74455665709256
STA-LSTM-H,16,3,-30,0.7452660837338584
STA-LSTM-H,16,3,-29,0.7459754939429736
STA-LSTM-H,16,3,-28,0.7468238618597056
STA-LSTM-H,16,3,-27,0.747672210126465
STA-LSTM-H,16,3,-26,0.7485321196539624
STA-LSTM-H,16,3,-25,0.7494383323682686
STA-LSTM-H,16,3,-24,0.7504371692279186
STA-LSTM-H,16,3,-23,0.7514128219381138
STA-LSTM-H,16,3,-22,0.7522379071948861
STA-LSTM-H,16,3,-21,0.753005072144892
STA-LSTM-H,16,3,-20,0.7537837994325748
STA-LSTM-H,16,3,-19,0.7546435684839502
STA-LSTM-H,16,3,-18,0.7554454184374167
STA-LSTM-H,16,3,-17,0.7561893513050325
STA-LSTM-H,16,3,-16,0.7568869486677706
STA-LSTM-H,16,3,-15,0.7576308476146364
STA-LSTM-H,16,3,-14,0.7583284121304755
STA-LSTM-H,16,3,-13,0.7589449063245409
STA-LSTM-H,16,3,-12,0.7596771765686694
STA-LSTM-H,16,3,-11,0.7603399564633412
STA-LSTM-H,16,3,-10,0.7609911422451224
STA-LSTM-H,16,3,-9,0.7617002060996225
STA-LSTM-H,16,3,-8,0.7623513610522538
STA-LSTM-H,16,3,-7,0.7630603927380512
STA-LSTM-H,16,3,-6,0.7638157209183851
STA-LSTM-H,16,3,-5,0.7646520782679171
STA-LSTM-H,16,3,-4,0.7656157738129696
STA-LSTM-H,16,3,-3,0.7665215579122864
STA-LSTM-H,16,3,-2,0.7674967871904415
STA-LSTM-H,16,3,-1,0.7685877694676638
STA-LSTM-H,16,3,0,0.7696324167872648
STA-LSTM-H,16,3,1,0.7707180401509713
STA-LSTM-H,16,3,2,0.7718731548053211
STA-LSTM-H,16,3,3,0.7730630296855462
STA-LSTM-H,16,3,4,0.7741950423174445
STA-LSTM-H,16,3,5,0.7752691906912123
STA-LSTM-H,16,3,6,0.7763433639384502
STA-LSTM-H,16,3,7,0.7774986105965173
STA-LSTM-H,16,3,8,0.7788391399492862
STA-LSTM-H,16,3,9,0.780156543084084
STA-LSTM-H,16,3,10,0.7816939732530539
STA-LSTM-H,16,3,11,0.7830461766476773
STA-LSTM-H,16,3,12,0.7844563065201533
STA-LSTM-H,16,3,13,0.7857506773812556
STA-LSTM-H,16,3,14,0.7869177059089172
STA-LSTM-H,16,3,15,0.7880384437239463
STA-LSTM-H,16,3,16,0.7891360483562802
STA-LSTM-H,16,3,17,0.7903031566270641
STA-LSTM-H,16,3,18,0.7914702919276955
STA-LSTM-H,16,3,19,0.7925563944601417
STA-LSTM-H,16,3,20,0.7936772624630885
STA-LSTM-H,16,3,21,0.7947634157074368
STA-LSTM-H,16,3,22,0.7957916922399917
STA-LSTM-H,16,3,23,0.796819992588475
STA-LSTM-H,16,3,24,0.7978019941865179
STA-LSTM-H,16,3,25,0.7986682107701216
STA-LSTM-H,16,3,26,0.7994881237767664
STA-LSTM-H,16,3,27,0.8001806642886923
STA-LSTM-H,16,3,28,0.8007805714153358
STA-LSTM-H,16,3,29,0.8012530980010655
STA-LSTM-H,16,3,30,0.8016329839596966
STA-LSTM-H,16,3,31,0.8019086444918002
STA-LSTM-H,16,3,32,0.8021148211204151
STA-LSTM-H,16,3,33,0.8024252391651804
STA-LSTM-H,16,3,34,0.8025619346544516
STA-LSTM-H,16,3,35,0.802675469075747
STA-LSTM-H,16,3,36,0.8026500191107148
STA-LSTM-H,16,3,37,0.8024624151590262
STA-LSTM-H,16,3,38,0.8022863893811459
STA-LSTM-H,16,3,39,0.8020987768717569
STA-LSTM-H,16,3,40,0.8018184977123993
STA-LSTM-H,16,3,41,0.8016656242036742
STA-LSTM-H,16,3,42,0.8013274182525801
STA-LSTM-H,16,3,43,0.8009892044664783
STA-LSTM-H,16,3,44,0.8007668160915546
STA-LSTM-H,16,3,45,0.8005444225645778
STA-LSTM-H,16,3,46,0.8003336074783677
STA-LSTM-H,16,3,47,0.8000880363265684
STA-LSTM-H,16,3,48,0.7997382047331657
STA-LSTM-H,16,3,49,0.7993651970437643
STA-LSTM-H,16,3,50,0.7989110918042283
STA-LSTM-H,16,3,51,0.7984338075158705
STA-LSTM-H,16,3,52,0.7979796809656754
STA-LSTM-H,16,3,53,0.797363360441139
STA-LSTM-H,16,3,54,0.796654348304584
STA-LSTM-H,16,3,55,0.796014828544949
STA-LSTM-H,16,3,56,0.7954911433172303
STA-LSTM-H,16,3,57,0.7948863504715123
STA-LSTM-H,16,3,58,0.794130935968581
STA-LSTM-H,16,3,59,0.7934681866629594
STA-LSTM-H,16,3,60,0.792735909169901
STA-LSTM-H,17,3,-60,0.7160980130915832
STA-LSTM-H,17,3,-59,0.7167037397469762
STA-LSTM-H,17,3,-58,0.7172631115539233
STA-LSTM-H,17,3,-57,0.7177877151926597
STA-LSTM-H,17,3,-56,0.7182891368064969
STA-LSTM-H,17,3,-55,0.7187210379981465
STA-LSTM-H,17,3,-54,0.719291945181358
STA-LSTM-H,17,3,-53,0.7197933319431895
STA-LSTM-H,17,3,-52,0.7203178758847584
STA-LSTM-H,17,3,-51,0.7207960706176729
STA-LSTM-H,17,3,-50,0.7212974225311324
STA-LSTM-H,17,3,-49,0.7216829228737576
STA-LSTM-H,17,3,-48,0.7221379174534039
STA-LSTM-H,17,3,-47,0.722581317764804
STA-LSTM-H,17,3,-46,0.723082625768861
STA-LSTM-H,17,3,-45,0.7235607552415151
STA-LSTM-H,17,3,-44,0.7239577903649905
STA-LSTM-H,17,3,-43,0.7243663994810731
STA-LSTM-H,17,3,-42,0.7249487449758494
STA-LSTM-H,17,3,-41,0.7255079111358214
STA-LSTM-H,17,3,-40,0.7261133954942954
STA-LSTM-H,17,3,-39,0.7267420311341735
STA-LSTM-H,17,3,-38,0.7274401473296501
STA-LSTM-H,17,3,-37,0.7282193240519818
STA-LSTM-H,17,3,-36,0.7289521537196401
STA-LSTM-H,17,3,-35,0.7296502200602271
STA-LSTM-H,17,3,-34,0.7303135242816275
STA-LSTM-H,17,3,-33,0.7310810497787867
STA-LSTM-H,17,3,-32,0.7318369757826344
STA-LSTM-H,17,3,-31,0.7326160474381543
STA-LSTM-H,17,3,-30,0.733429845387689
STA-LSTM-H,17,3,-29,0.7343015310494986
STA-LSTM-H,17,3,-28,0.7351384529862068
STA-LSTM-H,17,3,-27,0.7361027470236716
STA-LSTM-H,17,3,-26,0.7370785996363595
STA-LSTM-H,17,3,-25,0.7382628836132021
STA-LSTM-H,17,3,-24,0.7393544950261144
STA-LSTM-H,17,3,-23,0.7403997591254401
STA-LSTM-H,17,3,-22,0.7413755167741711
STA-LSTM-H,17,3,-21,0.7422817703870116
STA-LSTM-H,17,3,-20,0.7431185223785537
STA-LSTM-H,17,3,-19,0.7440710547037843
STA-LSTM-H,17,3,-18,0.7449540859455516
STA-LSTM-H,17,3,-17,0.745790777924454
STA-LSTM-H,17,3,-16,0.7466853483713336
STA-LSTM-H,17,3,-15,0.7476030569708199
STA-LSTM-H,17,3,-14,0.7484512685124072
STA-LSTM-H,17,3,-13,0.7493457770778815
STA-LSTM-H,17,3,-12,0.7502171068628927
STA-LSTM-H,17,3,-11,0.7511578898615163
STA-LSTM-H,17,3,-10,0.7521565448966595
STA-LSTM-H,17,3,-9,0.7531783340666466
STA-LSTM-H,17,3,-8,0.7542927275464009
STA-LSTM-H,17,3,-7,0.7554302519451649
STA-LSTM-H,17,3,-6,0.7564751241764985
STA-LSTM-H,17,3,-5,0.7575083941183282
STA-LSTM-H,17,3,-4,0.758622685855206
STA-LSTM-H,17,3,-3,0.7596559070069003
STA-LSTM-H,17,3,-2,0.7605617496208306
STA-LSTM-H,17,3,-1,0.7613633732373167
STA-LSTM-H,17,3,0,0.7622228654124458
STA-LSTM-H,17,3,1,0.7631000069465348
STA-LSTM-H,17,3,2,0.7639308580227617
STA-LSTM-H,17,3,3,0.7646343722502663
STA-LSTM-H,17,3,4,0.7652915909275104
STA-LSTM-H,17,3,5,0.7659025124464514
STA-LSTM-H,17,3,6,0.7664208222857738
STA-LSTM-H,17,3,7,0.766950722489811
STA-LSTM-H,17,3,8,0.7675153704539929
STA-LSTM-H,17,3,9,0.7682073964291504
STA-LSTM-H,17,3,10,0.7687257569617322
STA-LSTM-H,17,3,11,0.769163077208096
STA-LSTM-H,17,3,12,0.7696235656473258
STA-LSTM-H,17,3,13,0.7699103772492532
STA-LSTM-H,17,3,14,0.7703014092009125
STA-LSTM-H,17,3,15,0.7706113941639648
STA-LSTM-H,17,3,16,0.7708055906159172
STA-LSTM-H,17,3,17,0.7710229509715371
STA-LSTM-H,17,3,18,0.7710666188033396
STA-LSTM-H,17,3,19,0.7709597480198249
STA-LSTM-H,17,3,20,0.7708181344450235
STA-LSTM-H,17,3,21,0.770653357111425
STA-LSTM-H,17,3,22,0.7703959329727977
STA-LSTM-H,17,3,23,0.7701964054104132
STA-LSTM-H,17,3,24,0.7699042280923208
STA-LSTM-H,17,3,25,0.7694846554719166
STA-LSTM-H,17,3,26,0.7689029403930561
STA-LSTM-H,17,3,27,0.7682633066197249
STA-LSTM-H,17,3,28,0.7675425897830845
STA-LSTM-H,17,3,29,0.7667871123155676
STA-LSTM-H,17,3,30,0.7659968730094389
STA-LSTM-H,17,3,31,0.7652876864634486
STA-LSTM-H,17,3,32,0.7646248103494203
STA-LSTM-H,17,3,33,0.7638461003914665
STA-LSTM-H,17,3,34,0.7628820606664273
STA-LSTM-H,17,3,35,0.761941162844568
STA-LSTM-H,17,3,36,0.7610349899813525
STA-LSTM-H,17,3,37,0.7600593018138015
STA-LSTM-H,17,3,38,0.7590372609657505
STA-LSTM-H,17,3,39,0.7578877872498146
STA-LSTM-H,17,3,40,0.7567846180575665
STA-LSTM-H,17,3,41,0.7555308453216577
STA-LSTM-H,17,3,42,0.7543117927096243
STA-LSTM-H,17,3,43,0.7530811286660798
STA-LSTM-H,17,3,44,0.7518851860861104
STA-LSTM-H,17,3,45,0.7507007992586586
STA-LSTM-H,17,3,46,0.749609053736288
STA-LSTM-H,17,3,47,0.7485288666481327
STA-LSTM-H,17,3,48,0.7474254868117738
STA-LSTM-H,17,3,49,0.7462294094479067
STA-LSTM-H,17,3,50,0.745033304373009
STA-LSTM-H,17,3,51,0.7438140030582456
STA-LSTM-H,17,3,52,0.7424788295124127
STA-LSTM-H,17,3,53,0.7412710548875142
STA-LSTM-H,17,3,54,0.7400632522792832
STA-LSTM-H,17,3,55,0.7389249304911956
STA-LSTM-H,17,3,56,0.7379256015477473
STA-LSTM-H,17,3,57,0.7369378345188721
STA-LSTM-H,17,3,58,0.7360311410266808
STA-LSTM-H,17,3,59,0.7351128411881922
STA-LSTM-H,17,3,60,0.7341713491281933
STA-LSTM-H,18,3,-60,0.7238023518507791
STA-LSTM-H,18,3,-59,0.7240256731081144
STA-LSTM-H,18,3,-58,0.7243532560214094
STA-LSTM-H,18,3,-57,0.7246576612062374
STA-LSTM-H,18,3,-56,0.7251010785574439
STA-LSTM-H,18,3,-55,0.7255792400370714
STA-LSTM-H,18,3,-54,0.7259299591061271
STA-LSTM-H,18,3,-53,0.7262459164523528
STA-LSTM-H,18,3,-52,0.7266429572651553
STA-LSTM-H,18,3,-51,0.7271558315184653
STA-LSTM-H,18,3,-50,0.7276918621488561
STA-LSTM-H,18,3,-49,0.7282162963649422
STA-LSTM-H,18,3,-48,0.7287407184310818
STA-LSTM-H,18,3,-47,0.7293230469835974
STA-LSTM-H,18,3,-46,0.7299748636031924
STA-LSTM-H,18,3,-45,0.7307309162515927
STA-LSTM-H,18,3,-44,0.731521701358724
STA-LSTM-H,18,3,-43,0.7322661353843303
STA-LSTM-H,18,3,-42,0.7331147996710412
STA-LSTM-H,18,3,-41,0.7338360321541919
STA-LSTM-H,18,3,-40,0.7347541553251867
STA-LSTM-H,18,3,-39,0.7356259266123054
STA-LSTM-H,18,3,-38,0.7365787553424372
STA-LSTM-H,18,3,-37,0.7376473858555909
STA-LSTM-H,18,3,-36,0.738739156117166
STA-LSTM-H,18,3,-35,0.7397961547370859
STA-LSTM-H,18,3,-34,0.7407720549912556
STA-LSTM-H,18,3,-33,0.7417479326399666
STA-LSTM-H,18,3,-32,0.7427122059692158
STA-LSTM-H,18,3,-31,0.7436764569628463
STA-LSTM-H,18,3,-30,0.7447101743007701
STA-LSTM-H,18,3,-29,0.7457901929446645
STA-LSTM-H,18,3,-28,0.7469628359989345
STA-LSTM-H,18,3,-27,0.7480428035391671
STA-LSTM-H,18,3,-26,0.7489374515049393
STA-LSTM-H,18,3,-25,0.7497857556456282
STA-LSTM-H,18,3,-24,0.7505529756459103
STA-LSTM-H,18,3,-23,0.7512622753381508
STA-LSTM-H,18,3,-22,0.7518441744930692
STA-LSTM-H,18,3,-21,0.7525071218472797
STA-LSTM-H,18,3,-20,0.7532047941636268
STA-LSTM-H,18,3,-19,0.7539719301496133
STA-LSTM-H,18,3,-18,0.7546116701599176
STA-LSTM-H,18,3,-17,0.7552513953542231
STA-LSTM-H,18,3,-16,0.7557289917669264
STA-LSTM-H,18,3,-15,0.7561718388142659
STA-LSTM-H,18,3,-14,0.7567767858176724
STA-LSTM-H,18,3,-13,0.7573122438109353
STA-LSTM-H,18,3,-12,0.7578129523059643
STA-LSTM-H,18,3,-11,0.758278912509842
STA-LSTM-H,18,3,-10,0.7585480229259538
STA-LSTM-H,18,3,-9,0.758770812588287
STA-LSTM-H,18,3,-8,0.7590051755878982
STA-LSTM-H,18,3,-7,0.7592279547980734
STA-LSTM-H,18,3,-6,0.759462307077771
STA-LSTM-H,18,3,-5,0.7597545444019914
STA-LSTM-H,18,3,-4,0.7598846835164581
STA-LSTM-H,18,3,-3,0.7600148196174686
STA-LSTM-H,18,3,-2,0.7602375742419506
STA-LSTM-H,18,3,-1,0.7603561256859703
STA-LSTM-H,18,3,0,0.7605325615050651
STA-LSTM-H,18,3,1,0.7604834788246463
STA-LSTM-H,18,3,2,0.7604343950076992
STA-LSTM-H,18,3,3,0.7601653313573843
STA-LSTM-H,18,3,4,0.7598152157552882
STA-LSTM-H,18,3,5,0.7594998263285864
STA-LSTM-H,18,3,6,0.7591844295985828
STA-LSTM-H,18,3,7,0.7588690255650241
STA-LSTM-H,18,3,8,0.7584378292634918
STA-LSTM-H,18,3,9,0.7579139939327977
STA-LSTM-H,18,3,10,0.7573438314131882
STA-LSTM-H,18,3,11,0.7567389189940252
STA-LSTM-H,18,3,12,0.7559834651413221
STA-LSTM-H,18,3,13,0.7553437854611982
STA-LSTM-H,18,3,14,0.7547156702678293
STA-LSTM-H,18,3,15,0.7539833256137101
STA-LSTM-H,18,3,16,0.7531699070160609
STA-LSTM-H,18,3,17,0.7524259477986984
STA-LSTM-H,18,3,18,0.7516588116771078
STA-LSTM-H,18,3,19,0.7508337579322804
STA-LSTM-H,18,3,20,0.7501129060274448
STA-LSTM-H,18,3,21,0.749357296708896
STA-LSTM-H,18,3,22,0.748729053999282
STA-LSTM-H,18,3,23,0.7480313136927923
STA-LSTM-H,18,3,24,0.7473335572257415
STA-LSTM-H,18,3,25,0.746670526925304
STA-LSTM-H,18,3,26,0.7460653858180176
STA-LSTM-H,18,3,27,0.7453907444295178
STA-LSTM-H,18,3,28,0.74463501916685
STA-LSTM-H,18,3,29,0.7438445324624187
STA-LSTM-H,18,3,30,0.743065608894551
STA-LSTM-H,18,3,31,0.742379319929584
STA-LSTM-H,18,3,32,0.7416930150678109
STA-LSTM-H,18,3,33,0.7409487850640476
STA-LSTM-H,18,3,34,0.7401929558378986
STA-LSTM-H,18,3,35,0.7394486912207552
STA-LSTM-H,18,3,36,0.7388202318766722
STA-LSTM-H,18,3,37,0.7382959994440454
STA-LSTM-H,18,3,38,0.7378759975445058
STA-LSTM-H,18,3,39,0.7374444032616753
STA-LSTM-H,18,3,40,0.7368622227370129
STA-LSTM-H,18,3,41,0.7362336970370885
STA-LSTM-H,18,3,42,0.7355935737203618
STA-LSTM-H,18,3,43,0.7349650187647686
STA-LSTM-H,18,3,44,0.7343016992737256
STA-LSTM-H,18,3,45,0.7336846982508978
STA-LSTM-H,18,3,46,0.7330445157478946
STA-LSTM-H,18,3,47,0.7323348160504124
STA-LSTM-H,18,3,48,0.7317177708017191
STA-LSTM-H,18,3,49,0.7311122952528786
STA-LSTM-H,18,3,50,0.7305299739357081
STA-LSTM-H,18,3,51,0.7300518975024327
STA-LSTM-H,18,3,52,0.729539056798304
STA-LSTM-H,18,3,53,0.7290377887444683
STA-LSTM-H,18,3,54,0.7285712630761924
STA-LSTM-H,18,3,55,0.7281047265987025
STA-LSTM-H,18,3,56,0.7275802546368703
STA-LSTM-H,18,3,57,0.7269515049004842
STA-LSTM-H,18,3,58,0.7262532293754417
STA-LSTM-H,18,3,59,0.7256128643588674
STA-LSTM-H,18,3,60,0.7249145571453397
GRU,1,1,-60,0.7988877947054394
GRU,1,1,-59,0.7994578062004727
GRU,1,1,-58,0.8000625600982425
GRU,1,1,-57,0.8006904701221066
GRU,1,1,-56,0.801040327158563
GRU,1,1,-55,0.8014133456904541
GRU,1,1,-54,0.8017631862466839
GRU,1,1,-53,0.8020550960357731
GRU,1,1,-52,0.8024396742467245
GRU,1,1,-51,0.8029864232426671
GRU,1,1,-50,0.8034404865334491
GRU,1,1,-49,0.8039524592822557
GRU,1,1,-48,0.804383333140269
GRU,1,1,-47,0.8047794458344917
GRU,1,1,-46,0.8052218837238935
GRU,1,1,-45,0.8056874782810147
GRU,1,1,-44,0.8062804786229744
GRU,1,1,-43,0.8069313811796321
GRU,1,1,-42,0.8074780211506608
GRU,1,1,-41,0.8080709801468714
GRU,1,1,-40,0.8086175942549372
GRU,1,1,-39,0.8092568569310601
GRU,1,1,-38,0.8098613572396539
GRU,1,1,-37,0.8104890083161528
GRU,1,1,-36,0.8111745561102167
GRU,1,1,-35,0.8117326847347696
GRU,1,1,-34,0.8122328905155141
GRU,1,1,-33,0.8127794121053485
GRU,1,1,-32,0.8132911758915025
GRU,1,1,-31,0.8138492541462059
GRU,1,1,-30,0.8145462968324744
GRU,1,1,-29,0.8151275102494615
GRU,1,1,-28,0.8157202913824453
GRU,1,1,-27,0.8163014777412332
GRU,1,1,-26,0.8169405551888267
GRU,1,1,-25,0.8176143601621308
GRU,1,1,-24,0.8183228914546444
GRU,1,1,-23,0.8190314063368538
GRU,1,1,-22,0.8198209674244091
GRU,1,1,-21,0.8206452509437895
GRU,1,1,-20,0.8213652944241793
GRU,1,1,-19,0.821957941544305
GRU,1,1,-18,0.8224810959157914
GRU,1,1,-17,0.8231200352022974
GRU,1,1,-16,0.8237010618464781
GRU,1,1,-15,0.8245020842982862
GRU,1,1,-14,0.8252451916953254
GRU,1,1,-13,0.825872490215604
GRU,1,1,-12,0.8265576693723007
GRU,1,1,-11,0.8272659904589875
GRU,1,1,-10,0.8279974526717999
GRU,1,1,-9,0.8287173193154713
GRU,1,1,-8,0.8295992682390265
GRU,1,1,-7,0.8304001482030382
GRU,1,1,-6,0.8312125878498072
GRU,1,1,-5,0.832048164872062
GRU,1,1,-4,0.8328605666253719
GRU,1,1,-3,0.833661371740842
GRU,1,1,-2,0.8343695367765389
GRU,1,1,-1,0.8349503322759164
GRU,1,1,0,0.8354848046309696
GRU,1,1,1,0.8361543983143076
GRU,1,1,2,0.8368008521181388
GRU,1,1,3,0.8374473208910295
GRU,1,1,4,0.83795486911116
GRU,1,1,5,0.8383582262359616
GRU,1,1,6,0.8386458104180898
GRU,1,1,7,0.8389681363467951
GRU,1,1,8,0.8393599407180984
GRU,1,1,9,0.8397633327929972
GRU,1,1,10,0.840282521854918
GRU,1,1,11,0.840662776156732
GRU,1,1,12,0.8410314602318122
GRU,1,1,13,0.8412496236770802
GRU,1,1,14,0.8415256886789175
GRU,1,1,15,0.841732283464567
GRU,1,1,16,0.8419504626037819
GRU,1,1,17,0.8422381250144746
GRU,1,1,18,0.8423057771807728
GRU,1,1,19,0.8424660706841447
GRU,1,1,20,0.8425221469515373
GRU,1,1,21,0.8426708664335179
GRU,1,1,22,0.8427501071184557
GRU,1,1,23,0.8428988326848249
GRU,1,1,24,0.8430244004122709
GRU,1,1,25,0.8430110017371164
GRU,1,1,26,0.843148154581987
GRU,1,1,27,0.8431579191179877
GRU,1,1,28,0.8432255897715033
GRU,1,1,29,0.8431311236189285
GRU,1,1,30,0.8429440037060629
GRU,1,1,31,0.8427221347169461
GRU,1,1,32,0.8423960251554845
GRU,1,1,33,0.8420119987954877
GRU,1,1,34,0.8417901113028573
GRU,1,1,35,0.8415682186703729
GRU,1,1,36,0.8412999918924241
GRU,1,1,37,0.841008594130047
GRU,1,1,38,0.8406708595387841
GRU,1,1,39,0.8404257783543365
GRU,1,1,40,0.8402733537962588
GRU,1,1,41,0.8400282623300206
GRU,1,1,42,0.8397020837918293
GRU,1,1,43,0.8394801464115276
GRU,1,1,44,0.8390844540199928
GRU,1,1,45,0.8387698366732306
GRU,1,1,46,0.8384667956306687
GRU,1,1,47,0.8380826614771569
GRU,1,1,48,0.8378838602059611
GRU,1,1,49,0.8376271343511804
GRU,1,1,50,0.8374630755864466
GRU,1,1,51,0.8372758444928409
GRU,1,1,52,0.8370886090613162
GRU,1,1,53,0.8367739394360649
GRU,1,1,54,0.8363434158547747
GRU,1,1,55,0.8357506950880444
GRU,1,1,56,0.8351000359132984
GRU,1,1,57,0.8344841168701778
GRU,1,1,58,0.8338450131492058
GRU,1,1,59,0.8330436998934149
GRU,1,1,60,0.8321612697677113
GRU,2,1,-60,0.7867809766552742
GRU,2,1,-59,0.7870962509847537
GRU,2,1,-58,0.7873072511787944
GRU,2,1,-57,0.7875761718297458
GRU,2,1,-56,0.7878798410546924
GRU,2,1,-55,0.7882761816496756
GRU,2,1,-54,0.7887536057274591
GRU,2,1,-53,0.7892310187437733
GRU,2,1,-52,0.7896504987083396
GRU,2,1,-51,0.7900699689541727
GRU,2,1,-50,0.7904546770923835
GRU,2,1,-49,0.7909899682598522
GRU,2,1,-48,0.791571582471301
GRU,2,1,-47,0.7920952645723288
GRU,2,1,-46,0.7926652689131115
GRU,2,1,-45,0.7932352600486505
GRU,2,1,-44,0.7938284046286965
GRU,2,1,-43,0.7944215354677292
GRU,2,1,-42,0.7949683203410052
GRU,2,1,-41,0.7954803437811291
GRU,2,1,-40,0.7959112758440957
GRU,2,1,-39,0.7963190326167532
GRU,2,1,-38,0.7966341197864183
GRU,2,1,-37,0.7969144525006371
GRU,2,1,-36,0.7971137029615817
GRU,2,1,-35,0.797312948807042
GRU,2,1,-34,0.7975932639186482
GRU,2,1,-33,0.7978388269903407
GRU,2,1,-32,0.7981191295183164
GRU,2,1,-31,0.7984110071342537
GRU,2,1,-30,0.7987144594359835
GRU,2,1,-29,0.7991105552081161
GRU,2,1,-28,0.7995992912318899
GRU,2,1,-27,0.8001575022003984
GRU,2,1,-26,0.8007272811497528
GRU,2,1,-25,0.8011812391430225
GRU,2,1,-24,0.8017046704728376
GRU,2,1,-23,0.8021470261256254
GRU,2,1,-22,0.8027167556425371
GRU,2,1,-21,0.8033327929221576
GRU,2,1,-20,0.803948815934225
GRU,2,1,-19,0.8044837648802631
GRU,2,1,-18,0.8049955417626828
GRU,2,1,-17,0.8054725676833646
GRU,2,1,-16,0.8060422191086047
GRU,2,1,-15,0.8065655396016674
GRU,2,1,-14,0.8070888479753593
GRU,2,1,-13,0.807670040063917
GRU,2,1,-12,0.8082975348239408
GRU,2,1,-11,0.8089944884442591
GRU,2,1,-10,0.8098535286284954
GRU,2,1,-9,0.8105851839844384
GRU,2,1,-8,0.8114210288651915
GRU,2,1,-7,0.8121526491293072
GRU,2,1,-6,0.8128726742233904
GRU,2,1,-5,0.8136621512099108
GRU,2,1,-4,0.8143589862338053
GRU,2,1,-3,0.8150094938174408
GRU,2,1,-2,0.815683141722529
GRU,2,1,-1,0.8162757311227916
GRU,2,1,0,0.816821997105644
GRU,2,1,1,0.8173524440225067
GRU,2,1,2,0.8179755247588946
GRU,2,1,3,0.8185291529662391
GRU,2,1,4,0.8190249041923794
GRU,2,1,5,0.8194048859557717
GRU,2,1,6,0.8198775023445912
GRU,2,1,7,0.8204195998517969
GRU,2,1,8,0.8208343464517698
GRU,2,1,9,0.8213648889609337
GRU,2,1,10,0.8218028136397846
GRU,2,1,11,0.8220786438793942
GRU,2,1,12,0.8223892176047612
GRU,2,1,13,0.8227576943563141
GRU,2,1,14,0.8231724968446406
GRU,2,1,15,0.8234599351551645
GRU,2,1,16,0.8237010618464781
GRU,2,1,17,0.8239653535283356
GRU,2,1,18,0.8241601723079773
GRU,2,1,19,0.8242739358006392
GRU,2,1,20,0.8243992820334665
GRU,2,1,21,0.8245130509298932
GRU,2,1,22,0.8245341794726297
GRU,2,1,23,0.8246016305354826
GRU,2,1,24,0.8246111799515929
GRU,2,1,25,0.8247017950202663
GRU,2,1,26,0.8247576694576659
GRU,2,1,27,0.8246050863945893
GRU,2,1,28,0.824556730401751
GRU,2,1,29,0.8245083732888611
GRU,2,1,30,0.8244484336093578
GRU,2,1,31,0.8244811451866951
GRU,2,1,32,0.8245601843808994
GRU,2,1,33,0.8246971346505756
GRU,2,1,34,0.8247066862788247
GRU,2,1,35,0.824750984479963
GRU,2,1,36,0.8248763594667532
GRU,2,1,37,0.8249322430447775
GRU,2,1,38,0.8249417978387018
GRU,2,1,39,0.8249745181616012
GRU,2,1,40,0.8246134244512654
GRU,2,1,41,0.8244723978965414
GRU,2,1,42,0.824227120568033
GRU,2,1,43,0.8239123384144929
GRU,2,1,44,0.8234122157741715
GRU,2,1,45,0.8230047492181165
GRU,2,1,46,0.822689941966199
GRU,2,1,47,0.8223751274209989
GRU,2,1,48,0.8218517960777045
GRU,2,1,49,0.8214095405787364
GRU,2,1,50,0.8210831161309007
GRU,2,1,51,0.820582920161253
GRU,2,1,52,0.8200016218157385
GRU,2,1,53,0.8193739718727555
GRU,2,1,54,0.8186767993883296
GRU,2,1,55,0.8180954587581094
GRU,2,1,56,0.8173519155689941
GRU,2,1,57,0.816631525290206
GRU,2,1,58,0.8159574591331951
GRU,2,1,59,0.8153065480328097
GRU,2,1,60,0.8146903782656548
GRU,3,1,-60,0.7739326884087354
GRU,3,1,-59,0.774282867602762
GRU,3,1,-58,0.7744708458356987
GRU,3,1,-57,0.7746588197131536
GRU,3,1,-56,0.7748583741702291
GRU,3,1,-55,0.77508109360519
GRU,3,1,-54,0.7753849005456378
GRU,3,1,-53,0.7757813767058224
GRU,3,1,-52,0.7761430904857338
GRU,3,1,-51,0.7764005375098466
GRU,3,1,-50,0.7767622357370403
GRU,3,1,-49,0.7771586775710678
GRU,3,1,-48,0.7775782779431696
GRU,3,1,-47,0.7779862848670188
GRU,3,1,-46,0.7785332854544823
GRU,3,1,-45,0.778976022240241
GRU,3,1,-44,0.7795229986910843
GRU,3,1,-43,0.779988880137145
GRU,3,1,-42,0.7803620863401017
GRU,3,1,-41,0.7808047814302592
GRU,3,1,-40,0.7813864597208549
GRU,3,1,-39,0.7819449592290586
GRU,3,1,-38,0.7826308535158738
GRU,3,1,-37,0.7833051495285969
GRU,3,1,-36,0.783886771910724
GRU,3,1,-35,0.7845726198749131
GRU,3,1,-34,0.7852468699690761
GRU,3,1,-33,0.7859211044451136
GRU,3,1,-32,0.7865489964444136
GRU,3,1,-31,0.7871537107384415
GRU,3,1,-30,0.7877352481324917
GRU,3,1,-29,0.788374678618581
GRU,3,1,-28,0.7890720001852989
GRU,3,1,-27,0.789757724556446
GRU,3,1,-26,0.7904086903148849
GRU,3,1,-25,0.7910828025477707
GRU,3,1,-24,0.7916758346747577
GRU,3,1,-23,0.7922688530665184
GRU,3,1,-22,0.7928155362291988
GRU,3,1,-21,0.7934664288857494
GRU,3,1,-20,0.7941404666782468
GRU,3,1,-19,0.7946871091759693
GRU,3,1,-18,0.7953032180367544
GRU,3,1,-17,0.7959540517381134
GRU,3,1,-16,0.7967785639018515
GRU,3,1,-15,0.7974525243168133
GRU,3,1,-14,0.7979759382128507
GRU,3,1,-13,0.7986614483221788
GRU,3,1,-12,0.799427995785232
GRU,3,1,-11,0.8001250521050438
GRU,3,1,-10,0.800787355989116
GRU,3,1,-9,0.8015191163189218
GRU,3,1,-8,0.8021466532356109
GRU,3,1,-7,0.8028436457947388
GRU,3,1,-6,0.8035753568988874
GRU,3,1,-5,0.8041912701169388
GRU,3,1,-4,0.8048882147943175
GRU,3,1,-3,0.8056430324642245
GRU,3,1,-2,0.8063746772718327
GRU,3,1,-1,0.8069557968833214
GRU,3,1,0,0.8074674384949349
GRU,3,1,1,0.8081251302475282
GRU,3,1,2,0.8087249487687125
GRU,3,1,3,0.8093595146575279
GRU,3,1,4,0.8099130495189357
GRU,3,1,5,0.8104550191038555
GRU,3,1,6,0.811031735923769
GRU,3,1,7,0.8116663579103371
GRU,3,1,8,0.812219945117927
GRU,3,1,9,0.8128893314498761
GRU,3,1,10,0.8133618942858797
GRU,3,1,11,0.8137881524709369
GRU,3,1,12,0.8141681043965587
GRU,3,1,13,0.8145249067877075
GRU,3,1,14,0.8148469795393755
GRU,3,1,15,0.8153195924038907
GRU,3,1,16,0.8156301022475944
GRU,3,1,17,0.8158943004701359
GRU,3,1,18,0.8161932443229848
GRU,3,1,19,0.8165269350132012
GRU,3,1,20,0.8168722135371432
GRU,3,1,21,0.8170553767051902
GRU,3,1,22,0.8172269637418503
GRU,3,1,23,0.8174680377987771
GRU,3,1,24,0.8176512142302926
GRU,3,1,25,0.8178228141285466
GRU,3,1,26,0.8179480943612549
GRU,3,1,27,0.818073377495715
GRU,3,1,28,0.8181870823537587
GRU,3,1,29,0.8183818590322656
GRU,3,1,30,0.8185534773293184
GRU,3,1,31,0.818759844343556
GRU,3,1,32,0.818943052708384
GRU,3,1,33,0.8189872831298789
GRU,3,1,34,0.8190199325928585
GRU,3,1,35,0.8189483437572388
GRU,3,1,36,0.8187956775037932
GRU,3,1,37,0.8186198429428525
GRU,3,1,38,0.81846716934802
GRU,3,1,39,0.818302909562639
GRU,3,1,40,0.8179649041524295
GRU,3,1,41,0.8176616396784581
GRU,3,1,42,0.817323619010112
GRU,3,1,43,0.8168929249872585
GRU,3,1,44,0.8164158876880843
GRU,3,1,45,0.8159388393374262
GRU,3,1,46,0.8155891994578879
GRU,3,1,47,0.815123714206283
GRU,3,1,48,0.8146582181704449
GRU,3,1,49,0.8142042953455506
GRU,3,1,50,0.8137271937445699
GRU,3,1,51,0.8131458227144247
GRU,3,1,52,0.812494931825817
GRU,3,1,53,0.8118556103890086
GRU,3,1,54,0.811158350806872
GRU,3,1,55,0.8106000926784059
GRU,3,1,56,0.810030236680221
GRU,3,1,57,0.8093329317176023
GRU,3,1,58,0.8086587810049005
GRU,3,1,59,0.8079614439964781
GRU,3,1,60,0.8073567746046457
GRU,4,1,-60,0.728911544922667
GRU,4,1,-59,0.7295634644793549
GRU,4,1,-58,0.7302617097443146
GRU,4,1,-57,0.7308325030700433
GRU,4,1,-56,0.731403283170565
GRU,4,1,-55,0.7319161260426321
GRU,4,1,-54,0.7325332190312902
GRU,4,1,-53,0.7329881142698269
GRU,4,1,-52,0.7334777521633864
GRU,4,1,-51,0.7340253000324359
GRU,4,1,-50,0.7345380828265277
GRU,4,1,-49,0.7350392697449204
GRU,4,1,-48,0.7354709418837675
GRU,4,1,-47,0.73590260402187
GRU,4,1,-46,0.736299505380579
GRU,4,1,-45,0.7366153133325611
GRU,4,1,-44,0.736942697292977
GRU,4,1,-43,0.7372469072881435
GRU,4,1,-42,0.7375858594048625
GRU,4,1,-41,0.7378900549030509
GRU,4,1,-40,0.73813632941449
GRU,4,1,-39,0.738428928836175
GRU,4,1,-38,0.7387562690387667
GRU,4,1,-37,0.7390720192730895
GRU,4,1,-36,0.7393761799418571
GRU,4,1,-35,0.7396687514477647
GRU,4,1,-34,0.7400539720410929
GRU,4,1,-33,0.740416020013435
GRU,4,1,-32,0.7408707133178138
GRU,4,1,-31,0.7412443250254794
GRU,4,1,-30,0.7416758353118305
GRU,4,1,-29,0.7420610103536933
GRU,4,1,-28,0.7423651082261109
GRU,4,1,-27,0.7425765507018113
GRU,4,1,-26,0.7429037973803981
GRU,4,1,-25,0.7431731325998842
GRU,4,1,-24,0.7436045905664092
GRU,4,1,-23,0.7440591995553085
GRU,4,1,-22,0.7444211550264611
GRU,4,1,-21,0.7447831021145517
GRU,4,1,-20,0.7451682010306294
GRU,4,1,-19,0.7455185511139932
GRU,4,1,-18,0.7460310108039881
GRU,4,1,-17,0.7465434586257208
GRU,4,1,-16,0.7469400988895193
GRU,4,1,-15,0.7474293654469661
GRU,4,1,-14,0.747779669063582
GRU,4,1,-13,0.748222597901855
GRU,4,1,-12,0.7487349906788787
GRU,4,1,-11,0.7492126348941689
GRU,4,1,-10,0.7497134255774909
GRU,4,1,-9,0.750225783294352
GRU,4,1,-8,0.7507728646357984
GRU,4,1,-7,0.7515283438310485
GRU,4,1,-6,0.752249070847179
GRU,4,1,-5,0.7530739840222299
GRU,4,1,-4,0.7538757221752672
GRU,4,1,-3,0.7546542861112397
GRU,4,1,-2,0.7553865212508538
GRU,4,1,-1,0.7560029638548638
GRU,4,1,0,0.756642547033285
GRU,4,1,1,0.7572533401255007
GRU,4,1,2,0.757875725052968
GRU,4,1,3,0.758590747001343
GRU,4,1,4,0.7593173634669044
GRU,4,1,5,0.7601481996063448
GRU,4,1,6,0.7610253678982042
GRU,4,1,7,0.7618793997776955
GRU,4,1,8,0.7627913439160791
GRU,4,1,9,0.7638190954773869
GRU,4,1,10,0.764881607132519
GRU,4,1,11,0.7659673011903108
GRU,4,1,12,0.7669488090964881
GRU,4,1,13,0.7677913897315949
GRU,4,1,14,0.7685529347737984
GRU,4,1,15,0.7693260768874479
GRU,4,1,16,0.7701339756134277
GRU,4,1,17,0.770907153940573
GRU,4,1,18,0.7715645518024017
GRU,4,1,19,0.7721756450044004
GRU,4,1,20,0.7726825314110358
GRU,4,1,21,0.7731662690784445
GRU,4,1,22,0.7736500179495791
GRU,4,1,23,0.7740527144710024
GRU,4,1,24,0.7745017428865908
GRU,4,1,25,0.7748465547191662
GRU,4,1,26,0.7751913745382112
GRU,4,1,27,0.7756172696530319
GRU,4,1,28,0.7759505252064345
GRU,4,1,29,0.7762953697913048
GRU,4,1,30,0.7765244078985465
GRU,4,1,31,0.7767650328916891
GRU,4,1,32,0.7770404086028977
GRU,4,1,33,0.7772810451460471
GRU,4,1,34,0.7776375070939646
GRU,4,1,35,0.7777391707204077
GRU,4,1,36,0.7778408367018381
GRU,4,1,37,0.7778382635687646
GRU,4,1,38,0.7779515155726977
GRU,4,1,39,0.7780879355077835
GRU,4,1,40,0.7783865176347947
GRU,4,1,41,0.7785576945351773
GRU,4,1,42,0.7786941262321476
GRU,4,1,43,0.7787726451373767
GRU,4,1,44,0.7788164158876881
GRU,4,1,45,0.7789296884049577
GRU,4,1,46,0.7789387112094429
GRU,4,1,47,0.7789129830414234
GRU,4,1,48,0.7789451735841626
GRU,4,1,49,0.7790352848504506
GRU,4,1,50,0.7790790616854909
GRU,4,1,51,0.7790996710069042
GRU,4,1,52,0.7789812680282195
GRU,4,1,53,0.7787817705799217
GRU,4,1,54,0.7786517765086132
GRU,4,1,55,0.7783827618164968
GRU,4,1,56,0.7780674011515425
GRU,4,1,57,0.7777983734562895
GRU,4,1,58,0.7773323910701252
GRU,4,1,59,0.7767273738356736
GRU,4,1,60,0.7760644152233099
GRU,5,1,-60,0.7855065747552569
GRU,5,1,-59,0.7860419852634506
GRU,5,1,-58,0.7864383609254261
GRU,5,1,-57,0.786881067679974
GRU,5,1,-56,0.78724266963241
GRU,5,1,-55,0.7875231696014828
GRU,5,1,-54,0.7878268324046293
GRU,5,1,-53,0.7880725655105303
GRU,5,1,-52,0.7884688900988149
GRU,5,1,-51,0.7889231268245216
GRU,5,1,-50,0.7894005212858384
GRU,5,1,-49,0.7898315687046776
GRU,5,1,-48,0.7902510222757654
GRU,5,1,-47,0.7907631359466222
GRU,5,1,-46,0.7913794900902362
GRU,5,1,-45,0.7918799953666165
GRU,5,1,-44,0.7924731556451333
GRU,5,1,-43,0.7929157207061113
GRU,5,1,-42,0.7934509399650191
GRU,5,1,-41,0.7939282322144231
GRU,5,1,-40,0.7943939306191
GRU,5,1,-39,0.7947206263899185
GRU,5,1,-38,0.7951978873484138
GRU,5,1,-37,0.7955245662396627
GRU,5,1,-36,0.7959554778257798
GRU,5,1,-35,0.7963863794301599
GRU,5,1,-34,0.7966551232902097
GRU,5,1,-33,0.7970049338676426
GRU,5,1,-32,0.7974705534901497
GRU,5,1,-31,0.797982488650051
GRU,5,1,-30,0.7984828305055302
GRU,5,1,-29,0.7990642299585389
GRU,5,1,-28,0.7996224535884281
GRU,5,1,-27,0.8001690832445453
GRU,5,1,-26,0.8006693765996132
GRU,5,1,-25,0.8013549507817024
GRU,5,1,-24,0.802005767159616
GRU,5,1,-23,0.8027839540485455
GRU,5,1,-22,0.8034463191782567
GRU,5,1,-21,0.8041781504041503
GRU,5,1,-20,0.8049215447860576
GRU,5,1,-19,0.8056880818935569
GRU,5,1,-18,0.8065240802714314
GRU,5,1,-17,0.8073253201787907
GRU,5,1,-16,0.8080802232540905
GRU,5,1,-15,0.8088582677165355
GRU,5,1,-14,0.8095668183555077
GRU,5,1,-13,0.8102985109191543
GRU,5,1,-12,0.8110301865382166
GRU,5,1,-11,0.8117502663146682
GRU,5,1,-10,0.8124124355931223
GRU,5,1,-9,0.8130282750156311
GRU,5,1,-8,0.8135977861914852
GRU,5,1,-7,0.8141788625416821
GRU,5,1,-6,0.8148641294909053
GRU,5,1,-5,0.8155378024777121
GRU,5,1,-4,0.816199881904806
GRU,5,1,-3,0.8170008799147872
GRU,5,1,-2,0.8177323932247346
GRU,5,1,-1,0.8184754671544677
GRU,5,1,0,0.8192532561505065
GRU,5,1,1,0.8200152823766411
GRU,5,1,2,0.8206615493267572
GRU,5,1,3,0.821435187329227
GRU,5,1,4,0.822197265285802
GRU,5,1,5,0.823017251360426
GRU,5,1,6,0.8237446305966261
GRU,5,1,7,0.8244372915894775
GRU,5,1,8,0.8249215556867785
GRU,5,1,9,0.8253479378459115
GRU,5,1,10,0.825959590111735
GRU,5,1,11,0.8265133620490019
GRU,5,1,12,0.8270671468105555
GRU,5,1,13,0.827678840230657
GRU,5,1,14,0.828278968515881
GRU,5,1,15,0.8287285780453914
GRU,5,1,16,0.8291318797114371
GRU,5,1,17,0.8295120313115172
GRU,5,1,18,0.8298458723670346
GRU,5,1,19,0.8302028810968549
GRU,5,1,20,0.830467257252041
GRU,5,1,21,0.8307084790513468
GRU,5,1,22,0.8309497064375296
GRU,5,1,23,0.8312372614415416
GRU,5,1,24,0.8313395328369099
GRU,5,1,25,0.8314997104806022
GRU,5,1,26,0.8315556636440492
GRU,5,1,27,0.8315652939269005
GRU,5,1,28,0.831609667967619
GRU,5,1,29,0.8316424617237625
GRU,5,1,30,0.831617349006891
GRU,5,1,31,0.8316269804502918
GRU,5,1,32,0.8315555401132692
GRU,5,1,33,0.8314956799703505
GRU,5,1,34,0.8314589824069677
GRU,5,1,35,0.8312253880009266
GRU,5,1,36,0.8310612816919353
GRU,5,1,37,0.8308392596539184
GRU,5,1,38,0.8306403975120747
GRU,5,1,39,0.8304299481097109
GRU,5,1,40,0.8302542421960966
GRU,5,1,41,0.830090115134246
GRU,5,1,42,0.8298564859323782
GRU,5,1,43,0.8295649353657971
GRU,5,1,44,0.8292502113956748
GRU,5,1,45,0.8289354801343681
GRU,5,1,46,0.8286323251746227
GRU,5,1,47,0.8282944120100083
GRU,5,1,48,0.8278869878485294
GRU,5,1,49,0.8275722262122651
GRU,5,1,50,0.8272690414132639
GRU,5,1,51,0.8269195125341736
GRU,5,1,52,0.8264888847699918
GRU,5,1,53,0.8260350779639026
GRU,5,1,54,0.8255812606434124
GRU,5,1,55,0.8249884151992586
GRU,5,1,56,0.8244534806937059
GRU,5,1,57,0.8238490233786696
GRU,5,1,58,0.8233024780750026
GRU,5,1,59,0.8226632374067381
GRU,5,1,60,0.821919712680299
GRU,6,1,-60,0.775485141632393
GRU,6,1,-59,0.7757657908151444
GRU,6,1,-58,0.7758842406478446
GRU,6,1,-57,0.7759795175977201
GRU,6,1,-56,0.7761327170147939
GRU,6,1,-55,0.7763438368860056
GRU,6,1,-54,0.7765317825326398
GRU,6,1,-53,0.7768471536804059
GRU,6,1,-52,0.777023504743811
GRU,6,1,-51,0.777257773041101
GRU,6,1,-50,0.7775036200405444
GRU,6,1,-49,0.7776915413664481
GRU,6,1,-48,0.7779026260613713
GRU,6,1,-47,0.7781137058659995
GRU,6,1,-46,0.778371115152498
GRU,6,1,-45,0.7787559365226456
GRU,6,1,-44,0.779105999003834
GRU,6,1,-43,0.7794328869943937
GRU,6,1,-42,0.779690269074398
GRU,6,1,-41,0.7800866402576042
GRU,6,1,-40,0.7805061678345978
GRU,6,1,-39,0.7810299295774648
GRU,6,1,-38,0.7815420966677091
GRU,6,1,-37,0.7820774166647363
GRU,6,1,-36,0.7826127242613419
GRU,6,1,-35,0.7831248552235348
GRU,6,1,-34,0.7836948842380792
GRU,6,1,-33,0.7842649000486438
GRU,6,1,-32,0.7847885757965324
GRU,6,1,-31,0.7853354025757435
GRU,6,1,-30,0.7859748682610458
GRU,6,1,-29,0.78660273782225
GRU,6,1,-28,0.7872653363753228
GRU,6,1,-27,0.7879510816695233
GRU,6,1,-26,0.7886947156307542
GRU,6,1,-25,0.7892993630573248
GRU,6,1,-24,0.7900545448228741
GRU,6,1,-23,0.7906939040207522
GRU,6,1,-22,0.7914143110256737
GRU,6,1,-21,0.7922620839798967
GRU,6,1,-20,0.7930982571941405
GRU,6,1,-19,0.793992310899069
GRU,6,1,-18,0.7949095035723798
GRU,6,1,-17,0.7958614141133421
GRU,6,1,-16,0.7967090864878009
GRU,6,1,-15,0.7977767484946735
GRU,6,1,-14,0.7987517513692524
GRU,6,1,-13,0.7996919941641
GRU,6,1,-12,0.8007711635769947
GRU,6,1,-11,0.801838729100088
GRU,6,1,-10,0.8027673247264517
GRU,6,1,-9,0.8036958988490841
GRU,6,1,-8,0.8047402364328968
GRU,6,1,-7,0.8057035012967766
GRU,6,1,-6,0.8066204309416574
GRU,6,1,-5,0.8076531202963992
GRU,6,1,-4,0.8086742077780736
GRU,6,1,-3,0.8096721159635067
GRU,6,1,-2,0.8107163118104037
GRU,6,1,-1,0.8116562854562716
GRU,6,1,0,0.8125383502170767
GRU,6,1,1,0.8135086947461041
GRU,6,1,2,0.8143864402070091
GRU,6,1,3,0.8151136942527671
GRU,6,1,4,0.8158988549397367
GRU,6,1,5,0.816614565242561
GRU,6,1,6,0.8172492445206034
GRU,6,1,7,0.8179418303075213
GRU,6,1,8,0.8185418041613116
GRU,6,1,9,0.8191533705393326
GRU,6,1,10,0.8198575811960864
GRU,6,1,11,0.820573387059423
GRU,6,1,12,0.8213355256301889
GRU,6,1,13,0.8219934693499455
GRU,6,1,14,0.8226166904042334
GRU,6,1,15,0.8231125521074572
GRU,6,1,16,0.8235621070183767
GRU,6,1,17,0.8239885129345283
GRU,6,1,18,0.8244612480748521
GRU,6,1,19,0.8248529343647227
GRU,6,1,20,0.8253488506745411
GRU,6,1,21,0.8257173958357459
GRU,6,1,22,0.8259817261704863
GRU,6,1,23,0.8263966092273485
GRU,6,1,24,0.8267188567590416
GRU,6,1,25,0.8269832078749276
GRU,6,1,26,0.8272707269337225
GRU,6,1,27,0.8275235095196183
GRU,6,1,28,0.8277299732474782
GRU,6,1,29,0.82793644175758
GRU,6,1,30,0.8280850078174764
GRU,6,1,31,0.8282914852219031
GRU,6,1,32,0.8283589868315903
GRU,6,1,33,0.8283685807602326
GRU,6,1,34,0.8282971010296383
GRU,6,1,35,0.8281561269400046
GRU,6,1,36,0.8282583768632947
GRU,6,1,37,0.8283258819986564
GRU,6,1,38,0.828312311060148
GRU,6,1,39,0.8283334877687175
GRU,6,1,40,0.8283546649678578
GRU,6,1,41,0.8282600134361897
GRU,6,1,42,0.8281653597118136
GRU,6,1,43,0.8281517861279711
GRU,6,1,44,0.827999212333924
GRU,6,1,45,0.8277539673346461
GRU,6,1,46,0.8273002119797519
GRU,6,1,47,0.826811694930961
GRU,6,1,48,0.8262073279506991
GRU,6,1,49,0.8254755230173991
GRU,6,1,50,0.8247900376484216
GRU,6,1,51,0.8240002780223344
GRU,6,1,52,0.8232568376909978
GRU,6,1,53,0.8225597182641736
GRU,6,1,54,0.8220826913497294
GRU,6,1,55,0.8214898053753475
GRU,6,1,56,0.8208158111192205
GRU,6,1,57,0.8201765564540421
GRU,6,1,58,0.8194677757568034
GRU,6,1,59,0.8185967839102831
GRU,6,1,60,0.817830041128425
GRU,7,2,-60,0.6779933962810636
GRU,7,2,-59,0.6776843227211641
GRU,7,2,-58,0.6773289155091118
GRU,7,2,-57,0.6769387613244051
GRU,7,2,-56,0.6765138613746684
GRU,7,2,-55,0.676112140871177
GRU,7,2,-54,0.675687260342211
GRU,7,2,-53,0.67516971339867
GRU,7,2,-52,0.6746405940479362
GRU,7,2,-51,0.6740883184282471
GRU,7,2,-50,0.6736055603822763
GRU,7,2,-49,0.6730996455297361
GRU,7,2,-48,0.6726516617049128
GRU,7,2,-47,0.6722036882587341
GRU,7,2,-46,0.6717673087838386
GRU,7,2,-45,0.6714351905478976
GRU,7,2,-44,0.6709988300842108
GRU,7,2,-43,0.6705624797294166
GRU,7,2,-42,0.6700913903142484
GRU,7,2,-41,0.6696087288901243
GRU,7,2,-40,0.6691260786471304
GRU,7,2,-39,0.6687013528539659
GRU,7,2,-38,0.6683229669782365
GRU,7,2,-37,0.6679445898677292
GRU,7,2,-36,0.6675546392707814
GRU,7,2,-35,0.6671299513551077
GRU,7,2,-34,0.6667052732768904
GRU,7,2,-33,0.6663037687336406
GRU,7,2,-32,0.665902273490613
GRU,7,2,-31,0.6655123691281386
GRU,7,2,-30,0.6651224737969772
GRU,7,2,-29,0.6646862622472378
GRU,7,2,-28,0.6643427102273385
GRU,7,2,-27,0.6640570713855561
GRU,7,2,-26,0.6637366964296054
GRU,7,2,-25,0.6634047481181239
GRU,7,2,-24,0.6630843881367905
GRU,7,2,-23,0.662798777098388
GRU,7,2,-22,0.6625015923013676
GRU,7,2,-21,0.6621812539083308
GRU,7,2,-20,0.6618609229343987
GRU,7,2,-19,0.6615753392931586
GRU,7,2,-18,0.6612550227543801
GRU,7,2,-17,0.6609115542277496
GRU,7,2,-16,0.6606375710696047
GRU,7,2,-15,0.6603520148216767
GRU,7,2,-14,0.6599854100809394
GRU,7,2,-13,0.6595840763298673
GRU,7,2,-12,0.6592059099382838
GRU,7,2,-11,0.6588045945069705
GRU,7,2,-10,0.6584380246627685
GRU,7,2,-9,0.6581409350901976
GRU,7,2,-8,0.6577859599152454
GRU,7,2,-7,0.6573267876991479
GRU,7,2,-6,0.6567981567460547
GRU,7,2,-5,0.656292694222531
GRU,7,2,-4,0.6557872434034572
GRU,7,2,-3,0.6553860047237531
GRU,7,2,-2,0.6548342653375476
GRU,7,2,-1,0.654340426517239
GRU,7,2,0,0.6538581765557163
GRU,7,2,1,0.6533794891981384
GRU,7,2,2,0.6528544799879592
GRU,7,2,3,0.6523873477515861
GRU,7,2,4,0.6519433606187262
GRU,7,2,5,0.6514530508278338
GRU,7,2,6,0.6509858861397029
GRU,7,2,7,0.6505650240829937
GRU,7,2,8,0.6501325737839684
GRU,7,2,9,0.6497580066229767
GRU,7,2,10,0.6493950095524808
GRU,7,2,11,0.6489625306840814
GRU,7,2,12,0.6485995159964336
GRU,7,2,13,0.6481901762349181
GRU,7,2,14,0.6478387234978752
GRU,7,2,15,0.6475104214914312
GRU,7,2,16,0.6472284301578295
GRU,7,2,17,0.6468537946687047
GRU,7,2,18,0.6465023101775189
GRU,7,2,19,0.6460929176895641
GRU,7,2,20,0.6458340570899195
GRU,7,2,21,0.6455867707344188
GRU,7,2,22,0.6453742197723299
GRU,7,2,23,0.6450921808412081
GRU,7,2,24,0.6447985547359034
GRU,7,2,25,0.6445396641574985
GRU,7,2,26,0.6441997012125212
GRU,7,2,27,0.64390605456988
GRU,7,2,28,0.6436471446604978
GRU,7,2,29,0.6434692979408426
GRU,7,2,30,0.6430713996178122
GRU,7,2,31,0.6426966552395071
GRU,7,2,32,0.6422987387512595
GRU,7,2,33,0.6419355585925737
GRU,7,2,34,0.6415028781227922
GRU,7,2,35,0.6410470233958767
GRU,7,2,36,0.6406143226120293
GRU,7,2,37,0.640158447033751
GRU,7,2,38,0.6397025608950971
GRU,7,2,39,0.6393161601186064
GRU,7,2,40,0.6388950020269879
GRU,7,2,41,0.6384854171010262
GRU,7,2,42,0.6381105718554898
GRU,7,2,43,0.6377936338785155
GRU,7,2,44,0.6374303552605669
GRU,7,2,45,0.63703231785011
GRU,7,2,46,0.6366574384042443
GRU,7,2,47,0.636294134000556
GRU,7,2,48,0.6359539889026609
GRU,7,2,49,0.6356022519287352
GRU,7,2,50,0.635331595713872
GRU,7,2,51,0.6350261804364951
GRU,7,2,52,0.63457016090729
GRU,7,2,53,0.634218391603531
GRU,7,2,54,0.6338086908168349
GRU,7,2,55,0.6334569045412419
GRU,7,2,56,0.6331746197245103
GRU,7,2,57,0.6327301373989203
GRU,7,2,58,0.6322161335542246
GRU,7,2,59,0.6317021177997126
GRU,7,2,60,0.6312807739095174
GRU,8,2,-60,0.47198053640734516
GRU,8,2,-59,0.471349460123268
GRU,8,2,-58,0.47062571683445903
GRU,8,2,-57,0.4699599156606965
GRU,8,2,-56,0.4693288847183123
GRU,8,2,-55,0.4686746987951807
GRU,8,2,-54,0.4679626046964238
GRU,8,2,-53,0.4672389425638887
GRU,8,2,-52,0.4665384659939993
GRU,8,2,-51,0.4659538482924795
GRU,8,2,-50,0.46526498696785407
GRU,8,2,-49,0.4645298056205546
GRU,8,2,-48,0.46391047991937634
GRU,8,2,-47,0.46333750347511815
GRU,8,2,-46,0.46270662234011745
GRU,8,2,-45,0.46207575582068805
GRU,8,2,-44,0.4616765704092389
GRU,8,2,-43,0.46131214381689295
GRU,8,2,-42,0.460924559554284
GRU,8,2,-41,0.4606296476475085
GRU,8,2,-40,0.4603231597845601
GRU,8,2,-39,0.4600166790214974
GRU,8,2,-38,0.4597102053580736
GRU,8,2,-37,0.4593574092520095
GRU,8,2,-36,0.459085697077798
GRU,8,2,-35,0.45874449849432475
GRU,8,2,-34,0.45828748798369257
GRU,8,2,-33,0.45787681545481923
GRU,8,2,-32,0.4575240610124735
GRU,8,2,-31,0.4570439173538405
GRU,8,2,-30,0.4564942961375876
GRU,8,2,-29,0.45602575683876495
GRU,8,2,-28,0.4556267154620311
GRU,8,2,-27,0.45520452123963495
GRU,8,2,-26,0.4547707558859975
GRU,8,2,-25,0.4544064852345107
GRU,8,2,-24,0.45404222301999975
GRU,8,2,-23,0.4536779692421716
GRU,8,2,-22,0.45329056315356736
GRU,8,2,-21,0.45283368460059753
GRU,8,2,-20,0.45248103757744196
GRU,8,2,-19,0.4521631386354162
GRU,8,2,-18,0.4517757680327015
GRU,8,2,-17,0.4514347252136455
GRU,8,2,-16,0.45110526986185573
GRU,8,2,-15,0.4506600277906438
GRU,8,2,-14,0.45037690624240106
GRU,8,2,-13,0.4500937912507816
GRU,8,2,-12,0.44992647314243367
GRU,8,2,-11,0.4497707378074198
GRU,8,2,-10,0.44969605743067215
GRU,8,2,-9,0.44947085658708286
GRU,8,2,-8,0.4493267104333831
GRU,8,2,-7,0.44925203779177475
GRU,8,2,-6,0.44915421042272113
GRU,8,2,-5,0.44910269769595923
GRU,8,2,-4,0.4490048743212421
GRU,8,2,-3,0.44899967582086786
GRU,8,2,-2,0.44893658898035266
GRU,8,2,-1,0.4487924606941904
GRU,8,2,0,0.4486946454413893
GRU,8,2,1,0.44859564220714565
GRU,8,2,2,0.4483692820673127
GRU,8,2,3,0.44814291668596307
GRU,8,2,4,0.4479049681027197
GRU,8,2,5,0.44774806066921385
GRU,8,2,6,0.44756799314568885
GRU,8,2,7,0.4473531863653205
GRU,8,2,8,0.4469878541572591
GRU,8,2,9,0.4468077715767779
GRU,8,2,10,0.4465929485323916
GRU,8,2,11,0.4464128572090223
GRU,8,2,12,0.4461980246170235
GRU,8,2,13,0.44597160788309675
GRU,8,2,14,0.445872558214935
GRU,8,2,15,0.4456692913385827
GRU,8,2,16,0.44545444018573627
GRU,8,2,17,0.4452627434632576
GRU,8,2,18,0.44504788262677025
GRU,8,2,19,0.44484459678539995
GRU,8,2,20,0.4446065659197499
GRU,8,2,21,0.44435694930171155
GRU,8,2,22,0.4440841661552002
GRU,8,2,23,0.4439156012599592
GRU,8,2,24,0.44368912925154314
GRU,8,2,25,0.4435321366531558
GRU,8,2,26,0.4433635595085062
GRU,8,2,27,0.4431602353268171
GRU,8,2,28,0.4430032311487371
GRU,8,2,29,0.44281147939684523
GRU,8,2,30,0.44261972320342813
GRU,8,2,31,0.442485870471602
GRU,8,2,32,0.4423172694949214
GRU,8,2,33,0.44214866461281876
GRU,8,2,34,0.44196847384209126
GRU,8,2,35,0.44173036831132734
GRU,8,2,36,0.441376434751387
GRU,8,2,37,0.4411035696912136
GRU,8,2,38,0.44085386334943305
GRU,8,2,39,0.44060415122312824
GRU,8,2,40,0.4403312677361441
GRU,8,2,41,0.4400352120833044
GRU,8,2,42,0.4396928173467851
GRU,8,2,43,0.43931566510679704
GRU,8,2,44,0.4389964207526844
GRU,8,2,45,0.4387350862967682
GRU,8,2,46,0.43855483093746017
GRU,8,2,47,0.43825873413029376
GRU,8,2,48,0.43796263046323863
GRU,8,2,49,0.4375854319671941
GRU,8,2,50,0.437161888213148
GRU,8,2,51,0.43664566053472964
GRU,8,2,52,0.4363147712660589
GRU,8,2,53,0.4359838743309933
GRU,8,2,54,0.4356645543958017
GRU,8,2,55,0.4353683966635774
GRU,8,2,56,0.43503747726456515
GRU,8,2,57,0.4346717949906161
GRU,8,2,58,0.43438720066730774
GRU,8,2,59,0.43402150238657955
GRU,8,2,60,0.43371372299136884
GRU,9,2,-60,0.7881133059143833
GRU,9,2,-59,0.7871310069975439
GRU,9,2,-58,0.7861603160443481
GRU,9,2,-57,0.7852475729280104
GRU,9,2,-56,0.7843000961549601
GRU,9,2,-55,0.7832252085264133
GRU,9,2,-54,0.7823241158003267
GRU,9,2,-53,0.7814577975487129
GRU,9,2,-52,0.7807189277481088
GRU,9,2,-51,0.7799684908020944
GRU,9,2,-50,0.7791949029829134
GRU,9,2,-49,0.7783634131084494
GRU,9,2,-48,0.7774161038840687
GRU,9,2,-47,0.7763761467889908
GRU,9,2,-46,0.7754288825307833
GRU,9,2,-45,0.7745974748059771
GRU,9,2,-44,0.7737429196928103
GRU,9,2,-43,0.7728652179956447
GRU,9,2,-42,0.7719527874624998
GRU,9,2,-41,0.7711909560543934
GRU,9,2,-40,0.7704754734464586
GRU,9,2,-39,0.7697484247590808
GRU,9,2,-38,0.7691024705514438
GRU,9,2,-37,0.7683638722231231
GRU,9,2,-36,0.7676137087527074
GRU,9,2,-35,0.7668751447764651
GRU,9,2,-34,0.7661134339421596
GRU,9,2,-33,0.7653401589029672
GRU,9,2,-32,0.764671137208575
GRU,9,2,-31,0.7640716204947652
GRU,9,2,-30,0.7634489547744513
GRU,9,2,-29,0.7628842100386816
GRU,9,2,-28,0.7621805042445018
GRU,9,2,-27,0.7616852735442627
GRU,9,2,-26,0.7611089879442726
GRU,9,2,-25,0.7604053271569196
GRU,9,2,-24,0.759875392294241
GRU,9,2,-23,0.7592296646284973
GRU,9,2,-22,0.7585376304239575
GRU,9,2,-21,0.7577992912893439
GRU,9,2,-20,0.7571536100978519
GRU,9,2,-19,0.7564384640326092
GRU,9,2,-18,0.7559201917621038
GRU,9,2,-17,0.7553440329789944
GRU,9,2,-16,0.7550110584884031
GRU,9,2,-15,0.7546549328392774
GRU,9,2,-14,0.7541946017299476
GRU,9,2,-13,0.7537921771149348
GRU,9,2,-12,0.7532855505251091
GRU,9,2,-11,0.7528252512621
GRU,9,2,-10,0.7523186476003011
GRU,9,2,-9,0.7517541625176574
GRU,9,2,-8,0.7513633679530376
GRU,9,2,-7,0.7509494257132271
GRU,9,2,-6,0.7503618196343596
GRU,9,2,-5,0.7499594766701401
GRU,9,2,-4,0.7493255838186428
GRU,9,2,-3,0.7489695734728847
GRU,9,2,-2,0.7486714598311972
GRU,9,2,-1,0.7483849306504272
GRU,9,2,0,0.7480636758321274
GRU,9,2,1,0.7477481649570472
GRU,9,2,2,0.7474326467761916
GRU,9,2,3,0.7471981660723382
GRU,9,2,4,0.7468942121776986
GRU,9,2,5,0.7466134074331365
GRU,9,2,6,0.7463210179578321
GRU,9,2,7,0.7459359948128936
GRU,9,2,8,0.7454004422985631
GRU,9,2,9,0.7448069842299053
GRU,9,2,10,0.7442598274764083
GRU,9,2,11,0.7439326571256543
GRU,9,2,12,0.7434317937079536
GRU,9,2,13,0.7430003936916699
GRU,9,2,14,0.7425805629856069
GRU,9,2,15,0.7421375636868921
GRU,9,2,16,0.7418103498187797
GRU,9,2,17,0.7413210125292388
GRU,9,2,18,0.7408779832555554
GRU,9,2,19,0.7404349437213396
GRU,9,2,20,0.7399687337154768
GRU,9,2,21,0.7394330314750909
GRU,9,2,22,0.7389552186953551
GRU,9,2,23,0.7382805262182695
GRU,9,2,24,0.7377332051742308
GRU,9,2,25,0.7370816444701795
GRU,9,2,26,0.736360583214629
GRU,9,2,27,0.7357553156992634
GRU,9,2,28,0.7351847776992831
GRU,9,2,29,0.7346952956709054
GRU,9,2,30,0.7342058023047079
GRU,9,2,31,0.7335773186324469
GRU,9,2,32,0.7329604021171374
GRU,9,2,33,0.7323897987074657
GRU,9,2,34,0.7318076000972886
GRU,9,2,35,0.7312138058837155
GRU,9,2,36,0.7307589849314909
GRU,9,2,37,0.7302694062869188
GRU,9,2,38,0.7298956414978515
GRU,9,2,39,0.7294987027427724
GRU,9,2,40,0.7289743441246308
GRU,9,2,41,0.7285078879699771
GRU,9,2,42,0.7281688346287051
GRU,9,2,43,0.7277834406708984
GRU,9,2,44,0.7274907043819717
GRU,9,2,45,0.7271632109347851
GRU,9,2,46,0.7267430411565059
GRU,9,2,47,0.7261606894634418
GRU,9,2,48,0.7256130758627081
GRU,9,2,49,0.7250654495748674
GRU,9,2,50,0.7245409788589632
GRU,9,2,51,0.7240860015754599
GRU,9,2,52,0.7235151697693546
GRU,9,2,53,0.7229559092699428
GRU,9,2,54,0.7224429744789796
GRU,9,2,55,0.7219995366079703
GRU,9,2,56,0.7214170692431562
GRU,9,2,57,0.7208230033133298
GRU,9,2,58,0.7202520940255106
GRU,9,2,59,0.7197622688725149
GRU,9,2,60,0.71926084689799
GRU,10,2,-60,0.7901755198980478
GRU,10,2,-59,0.7906297789517587
GRU,10,2,-58,0.7910492718699677
GRU,10,2,-57,0.7915035102759563
GRU,10,2,-56,0.7920040778971026
GRU,10,2,-55,0.7924582947173309
GRU,10,2,-54,0.7928545776809814
GRU,10,2,-53,0.7932740205277913
GRU,10,2,-52,0.7936471160640849
GRU,10,2,-51,0.7940897085399193
GRU,10,2,-50,0.7944975383724298
GRU,10,2,-49,0.794916942751894
GRU,10,2,-48,0.7953826728601712
GRU,10,2,-47,0.7958947270873876
GRU,10,2,-46,0.7963488514867542
GRU,10,2,-45,0.7968261322830997
GRU,10,2,-44,0.7973960686196152
GRU,10,2,-43,0.7978617430385025
GRU,10,2,-42,0.7984084880636605
GRU,10,2,-41,0.7989552204230083
GRU,10,2,-40,0.799455608965078
GRU,10,2,-39,0.7999328206078576
GRU,10,2,-38,0.8004216037156723
GRU,10,2,-37,0.8008061340313651
GRU,10,2,-36,0.8012254021936784
GRU,10,2,-35,0.8017257354644429
GRU,10,2,-34,0.8022492211116388
GRU,10,2,-33,0.8029000949711612
GRU,10,2,-32,0.8035625354690016
GRU,10,2,-31,0.8042133790419717
GRU,10,2,-30,0.8049105333256124
GRU,10,2,-29,0.8057119032728789
GRU,10,2,-28,0.8065711605498743
GRU,10,2,-27,0.8074303979246769
GRU,10,2,-26,0.8083243581280617
GRU,10,2,-25,0.8092993630573249
GRU,10,2,-24,0.8103322486132182
GRU,10,2,-23,0.8112724661849176
GRU,10,2,-22,0.8122126619804755
GRU,10,2,-21,0.8130833545637723
GRU,10,2,-20,0.8140119275085403
GRU,10,2,-19,0.8148825790912039
GRU,10,2,-18,0.8157068911611103
GRU,10,2,-17,0.8165543435466315
GRU,10,2,-16,0.8175059924269619
GRU,10,2,-15,0.8184807781380269
GRU,10,2,-14,0.8193976447702088
GRU,10,2,-13,0.8204187026701558
GRU,10,2,-12,0.8215207901531906
GRU,10,2,-11,0.8226460099115372
GRU,10,2,-10,0.8237248885543913
GRU,10,2,-9,0.8247111131695343
GRU,10,2,-8,0.8257552074287633
GRU,10,2,-7,0.8266719155242682
GRU,10,2,-6,0.8275075547939654
GRU,10,2,-5,0.8283431747134422
GRU,10,2,-4,0.8291903532435656
GRU,10,2,-3,0.8300259343305701
GRU,10,2,-2,0.8307688745325507
GRU,10,2,-1,0.8315233750897261
GRU,10,2,0,0.8323936324167872
GRU,10,2,1,0.8332484312408827
GRU,10,2,2,0.8339990506292476
GRU,10,2,3,0.8347612652248414
GRU,10,2,4,0.8354887635896308
GRU,10,2,5,0.8361931226120181
GRU,10,2,6,0.836839606803367
GRU,10,2,7,0.8374166357910338
GRU,10,2,8,0.8379820996445402
GRU,10,2,9,0.8385591552231202
GRU,10,2,10,0.8389278064030568
GRU,10,2,11,0.8394006762076791
GRU,10,2,12,0.8397230295381124
GRU,10,2,13,0.8398717028322642
GRU,10,2,14,0.839927745162747
GRU,10,2,15,0.8398679944418712
GRU,10,2,16,0.839669287509119
GRU,10,2,17,0.8395284744899141
GRU,10,2,18,0.8392950195120257
GRU,10,2,19,0.8389110195006716
GRU,10,2,20,0.8385154304904174
GRU,10,2,21,0.8380850915996942
GRU,10,2,22,0.8376200016212523
GRU,10,2,23,0.837201222901612
GRU,10,2,24,0.8366897893481257
GRU,10,2,25,0.8360625361899248
GRU,10,2,26,0.8354584303234548
GRU,10,2,27,0.834761662111456
GRU,10,2,28,0.8340417154041252
GRU,10,2,29,0.8332985893961504
GRU,10,2,30,0.8324859574960912
GRU,10,2,31,0.8315690725470212
GRU,10,2,32,0.830698493218906
GRU,10,2,33,0.8299205485163651
GRU,10,2,34,0.8290962578612711
GRU,10,2,35,0.8282603659949038
GRU,10,2,36,0.8274360370168753
GRU,10,2,37,0.826530612244898
GRU,10,2,38,0.8256135839790588
GRU,10,2,39,0.8246965344699778
GRU,10,2,40,0.8237331325650084
GRU,10,2,41,0.8227812912641601
GRU,10,2,42,0.8219568415322067
GRU,10,2,43,0.8211555390816847
GRU,10,2,44,0.8203889680416073
GRU,10,2,45,0.8195644619483378
GRU,10,2,46,0.8187862711255778
GRU,10,2,47,0.8181354832730979
GRU,10,2,48,0.8175194319274387
GRU,10,2,49,0.8168917823135556
GRU,10,2,50,0.8161714451201854
GRU,10,2,51,0.8154742597655344
GRU,10,2,52,0.814753889461673
GRU,10,2,53,0.8142072704524919
GRU,10,2,54,0.8135679614462298
GRU,10,2,55,0.8129286376274328
GRU,10,2,56,0.8123356387353885
GRU,10,2,57,0.8117773813109664
GRU,10,2,58,0.8111380145278451
GRU,10,2,59,0.8105102182677604
GRU,10,2,60,0.8100098476510456
GRU,11,3,-60,0.67152870300643
GRU,11,3,-59,0.671995921961166
GRU,11,3,-58,0.6724631300902487
GRU,11,3,-57,0.6729419124632174
GRU,11,3,-56,0.6734554385477125
GRU,11,3,-55,0.6740037071362373
GRU,11,3,-54,0.6745172090221383
GRU,11,3,-53,0.6750075299460161
GRU,11,3,-52,0.6754746707134831
GRU,11,3,-51,0.6759070478661786
GRU,11,3,-50,0.6763046626122212
GRU,11,3,-49,0.6766906841507773
GRU,11,3,-48,0.6772388708051942
GRU,11,3,-47,0.6777986284867019
GRU,11,3,-46,0.6782541208632094
GRU,11,3,-45,0.6786053515579752
GRU,11,3,-44,0.6791766572841738
GRU,11,3,-43,0.6797363665848121
GRU,11,3,-42,0.6803192290317723
GRU,11,3,-41,0.6809484096647902
GRU,11,3,-40,0.6815544101465223
GRU,11,3,-39,0.6822183098591549
GRU,11,3,-38,0.682893776712186
GRU,11,3,-37,0.6835228983761495
GRU,11,3,-36,0.6841751699695386
GRU,11,3,-35,0.684966411860088
GRU,11,3,-34,0.6856186516255314
GRU,11,3,-33,0.6862824581316161
GRU,11,3,-32,0.6869462492616657
GRU,11,3,-31,0.6875984434355601
GRU,11,3,-30,0.6883548555214546
GRU,11,3,-29,0.6891459940240428
GRU,11,3,-28,0.6898328835975772
GRU,11,3,-27,0.6905197572613146
GRU,11,3,-26,0.6911139677355846
GRU,11,3,-25,0.6918008106543139
GRU,11,3,-24,0.6924644763812811
GRU,11,3,-23,0.693151287752455
GRU,11,3,-22,0.6937801813486503
GRU,11,3,-21,0.6945480232531209
GRU,11,3,-20,0.695339007584969
GRU,11,3,-19,0.6961531335402288
GRU,11,3,-18,0.6968977616174716
GRU,11,3,-17,0.6975728942309919
GRU,11,3,-16,0.6982132725019975
GRU,11,3,-15,0.6988883742473367
GRU,11,3,-14,0.6994476673498454
GRU,11,3,-13,0.6999490516662421
GRU,11,3,-12,0.7004967405022985
GRU,11,3,-11,0.7010444166550878
GRU,11,3,-10,0.7018120766514213
GRU,11,3,-9,0.7024291966746173
GRU,11,3,-8,0.7029420959394213
GRU,11,3,-7,0.7035012967765839
GRU,11,3,-6,0.7041299540344337
GRU,11,3,-5,0.7046659719810119
GRU,11,3,-4,0.7051209317942365
GRU,11,3,-3,0.7056685036817487
GRU,11,3,-2,0.7062276405821264
GRU,11,3,-1,0.7066594113969481
GRU,11,3,0,0.7068133140376266
GRU,11,3,1,0.7070067381387918
GRU,11,3,2,0.7071307005661491
GRU,11,3,3,0.7072083545593479
GRU,11,3,4,0.7071818087089417
GRU,11,3,5,0.7072015746208175
GRU,11,3,6,0.7070708240225081
GRU,11,3,7,0.7068242867728789
GRU,11,3,8,0.7067282642676022
GRU,11,3,9,0.7064817173424728
GRU,11,3,10,0.7061888496497424
GRU,11,3,11,0.7058843962762262
GRU,11,3,12,0.705579935852159
GRU,11,3,13,0.7053217850443482
GRU,11,3,14,0.7050057317539167
GRU,11,3,15,0.7047938860583604
GRU,11,3,16,0.7046515128706909
GRU,11,3,17,0.7044743972764538
GRU,11,3,18,0.7042393783943398
GRU,11,3,19,0.704108573810737
GRU,11,3,20,0.703804064616988
GRU,11,3,21,0.7035458693285778
GRU,11,3,22,0.7032297661922574
GRU,11,3,23,0.7028441726885306
GRU,11,3,24,0.7025048928211601
GRU,11,3,25,0.7020961204400695
GRU,11,3,26,0.7016410149509549
GRU,11,3,27,0.7011627368323528
GRU,11,3,28,0.7006497041008952
GRU,11,3,29,0.6999745211127325
GRU,11,3,30,0.6992066709131971
GRU,11,3,31,0.6985777818956731
GRU,11,3,32,0.6981341857475418
GRU,11,3,33,0.6975515971369669
GRU,11,3,34,0.6969226670990607
GRU,11,3,35,0.6962821403752606
GRU,11,3,36,0.6956763455680515
GRU,11,3,37,0.6949083833306308
GRU,11,3,38,0.6940709081853667
GRU,11,3,39,0.6932681616011861
GRU,11,3,40,0.6925233103608038
GRU,11,3,41,0.6917552760210346
GRU,11,3,42,0.6909756408325901
GRU,11,3,43,0.6903002362970857
GRU,11,3,44,0.6896711494133047
GRU,11,3,45,0.6890999652496236
GRU,11,3,46,0.688505600667215
GRU,11,3,47,0.6880038921323325
GRU,11,3,48,0.6875485074194632
GRU,11,3,49,0.6870351921784862
GRU,11,3,50,0.6865566174341152
GRU,11,3,51,0.685985357490385
GRU,11,3,52,0.6853561623205866
GRU,11,3,53,0.6847153680405922
GRU,11,3,54,0.6841904055791754
GRU,11,3,55,0.6835379981464319
GRU,11,3,56,0.6828971605324436
GRU,11,3,57,0.6823142334159735
GRU,11,3,58,0.681731292792845
GRU,11,3,59,0.6811135826497984
GRU,11,3,60,0.6805537855529167
GRU,12,3,-60,0.7943347042808319
GRU,12,3,-59,0.7951248899392929
GRU,12,3,-58,0.7957296940347788
GRU,12,3,-57,0.7963692393243588
GRU,12,3,-56,0.7969855999258564
GRU,12,3,-55,0.797694624652456
GRU,12,3,-54,0.7984152176179609
GRU,12,3,-53,0.7989851949676792
GRU,12,3,-52,0.7996594186949018
GRU,12,3,-51,0.8004147166489042
GRU,12,3,-50,0.8011468288444831
GRU,12,3,-49,0.8019020920695966
GRU,12,3,-48,0.8025994184901595
GRU,12,3,-47,0.8033546473913447
GRU,12,3,-46,0.8041098587960014
GRU,12,3,-45,0.8049924707517665
GRU,12,3,-44,0.8058055623124949
GRU,12,3,-43,0.8068039660844183
GRU,12,3,-42,0.8077560145019865
GRU,12,3,-41,0.8087080408645493
GRU,12,3,-40,0.8096021312329877
GRU,12,3,-39,0.8106004447739066
GRU,12,3,-38,0.811598735188853
GRU,12,3,-37,0.8125738377076143
GRU,12,3,-36,0.8136299933981167
GRU,12,3,-35,0.8145355570998378
GRU,12,3,-34,0.8155221737065821
GRU,12,3,-33,0.8164740219128581
GRU,12,3,-32,0.8174258480710654
GRU,12,3,-31,0.818389233762624
GRU,12,3,-30,0.8194684116046094
GRU,12,3,-29,0.8206054710119751
GRU,12,3,-28,0.8217077605475581
GRU,12,3,-27,0.8227868624635197
GRU,12,3,-26,0.8238775202955448
GRU,12,3,-25,0.8250492182976259
GRU,12,3,-24,0.8262093085198782
GRU,12,3,-23,0.8273925328886418
GRU,12,3,-22,0.8285525691058794
GRU,12,3,-21,0.8294693934270561
GRU,12,3,-20,0.830467257252041
GRU,12,3,-19,0.831360878225022
GRU,12,3,-18,0.8321965793160948
GRU,12,3,-17,0.8329512031311517
GRU,12,3,-16,0.8336710707627462
GRU,12,3,-15,0.8344835572024085
GRU,12,3,-14,0.8352612869234955
GRU,12,3,-13,0.8359116277992635
GRU,12,3,-12,0.8365966907124579
GRU,12,3,-11,0.8373975267472558
GRU,12,3,-10,0.8381867654721241
GRU,12,3,-9,0.8388717782460691
GRU,12,3,-8,0.8395683536535945
GRU,12,3,-7,0.8401838643942201
GRU,12,3,-6,0.8406372656856048
GRU,12,3,-5,0.8411253907606808
GRU,12,3,-4,0.8415440367716016
GRU,12,3,-3,0.8418932061316168
GRU,12,3,-2,0.8422307897143784
GRU,12,3,-1,0.8424294347836154
GRU,12,3,0,0.8423386396526773
GRU,12,3,1,0.8421284182740176
GRU,12,3,2,0.8419066143354984
GRU,12,3,3,0.8416848052609642
GRU,12,3,4,0.8415093028910167
GRU,12,3,5,0.8412295936088919
GRU,12,3,6,0.8409730343062904
GRU,12,3,7,0.8407048907002593
GRU,12,3,8,0.8402977989278312
GRU,12,3,9,0.8400296412940278
GRU,12,3,10,0.8396225322758062
GRU,12,3,11,0.8390069936547636
GRU,12,3,12,0.8382988085175365
GRU,12,3,13,0.8376948194807902
GRU,12,3,14,0.8369750234480842
GRU,12,3,15,0.8361278369615562
GRU,12,3,16,0.8353501082689703
GRU,12,3,17,0.8344681442367817
GRU,12,3,18,0.8335861597785935
GRU,12,3,19,0.8325883551808791
GRU,12,3,20,0.8315326269469052
GRU,12,3,21,0.8304768742617598
GRU,12,3,22,0.829282132641599
GRU,12,3,23,0.8282031684269039
GRU,12,3,24,0.8270546953712175
GRU,12,3,25,0.8259177764910249
GRU,12,3,26,0.8246997649075264
GRU,12,3,27,0.8236206976420994
GRU,12,3,28,0.82243737477851
GRU,12,3,29,0.8212656058184513
GRU,12,3,30,0.8201169726098789
GRU,12,3,31,0.8190725470212175
GRU,12,3,32,0.8180628423844435
GRU,12,3,33,0.8171689328484399
GRU,12,3,34,0.8162981665720804
GRU,12,3,35,0.8152304841324994
GRU,12,3,36,0.8143365107309559
GRU,12,3,37,0.8133961870786908
GRU,12,3,38,0.8125369192814205
GRU,12,3,39,0.8116660489251297
GRU,12,3,40,0.8108067411826027
GRU,12,3,41,0.8100516598327426
GRU,12,3,42,0.8091923134838358
GRU,12,3,43,0.8083329472269842
GRU,12,3,44,0.8074967277107875
GRU,12,3,45,0.8067184061160663
GRU,12,3,46,0.805916899303826
GRU,12,3,47,0.805034287832453
GRU,12,3,48,0.8041632397743463
GRU,12,3,49,0.8033037555313579
GRU,12,3,50,0.802513756154069
GRU,12,3,51,0.801758491265465
GRU,12,3,52,0.8010263776745479
GRU,12,3,53,0.8002826625889112
GRU,12,3,54,0.7994462529396091
GRU,12,3,55,0.7988183503243744
GRU,12,3,56,0.7981325084859648
GRU,12,3,57,0.7974118955490165
GRU,12,3,58,0.7966449251016602
GRU,12,3,59,0.7959011075582743
GRU,12,3,60,0.7950645890053872
GRU,13,3,-60,0.7602734171349128
GRU,13,3,-59,0.761168265443255
GRU,13,3,-58,0.761877729763546
GRU,13,3,-57,0.7627030283370791
GRU,13,3,-56,0.7635283077885517
GRU,13,3,-55,0.7644346617238184
GRU,13,3,-54,0.7652830713267919
GRU,13,3,-53,0.7660387850142489
GRU,13,3,-52,0.7668292343871275
GRU,13,3,-51,0.7674459014874195
GRU,13,3,-50,0.7680625543006082
GRU,13,3,-49,0.7685517688761208
GRU,13,3,-48,0.7690641398403744
GRU,13,3,-47,0.7696575850245575
GRU,13,3,-46,0.7704711047272643
GRU,13,3,-45,0.7711687709950191
GRU,13,3,-44,0.7719127543987675
GRU,13,3,-43,0.7727725524718528
GRU,13,3,-42,0.773574415345233
GRU,13,3,-41,0.7743762596427827
GRU,13,3,-40,0.7751665025771703
GRU,13,3,-39,0.7759683098591549
GRU,13,3,-38,0.776828011165549
GRU,13,3,-37,0.7776529454006347
GRU,13,3,-36,0.7785241895319612
GRU,13,3,-35,0.7794301598332175
GRU,13,3,-34,0.7803592731147427
GRU,13,3,-33,0.7812536193277895
GRU,13,3,-32,0.7821711082542881
GRU,13,3,-31,0.783019086444918
GRU,13,3,-30,0.7838091377613063
GRU,13,3,-29,0.7846454960276098
GRU,13,3,-28,0.7855049972784232
GRU,13,3,-27,0.7863528975772456
GRU,13,3,-26,0.7871197118669585
GRU,13,3,-25,0.7878749276201505
GRU,13,3,-24,0.7885722226725805
GRU,13,3,-23,0.7893389846210858
GRU,13,3,-22,0.7901752110523086
GRU,13,3,-21,0.7910808995530028
GRU,13,3,-20,0.7919402466562445
GRU,13,3,-19,0.7928458937421835
GRU,13,3,-18,0.7937399400164433
GRU,13,3,-17,0.7945529076634475
GRU,13,3,-16,0.7953658564828218
GRU,13,3,-15,0.7962135247799907
GRU,13,3,-14,0.7971885457556073
GRU,13,3,-13,0.7982677566522313
GRU,13,3,-12,0.7992658893276056
GRU,13,3,-11,0.8003218933815015
GRU,13,3,-10,0.8014589243327737
GRU,13,3,-9,0.8026190862144825
GRU,13,3,-8,0.8036402792733336
GRU,13,3,-7,0.8046267135976287
GRU,13,3,-6,0.8055899686230014
GRU,13,3,-5,0.8064837327775848
GRU,13,3,-4,0.8075858795197463
GRU,13,3,-3,0.8086185337840966
GRU,13,3,-2,0.8096858972132495
GRU,13,3,-1,0.8106606154629865
GRU,13,3,0,0.8115658465991317
GRU,13,3,1,0.8125014471947577
GRU,13,3,2,0.8134023363782663
GRU,13,3,3,0.814280090770157
GRU,13,3,4,0.8151347095668685
GRU,13,3,5,0.8159314576820655
GRU,13,3,6,0.8166819113339276
GRU,13,3,7,0.8174092256391255
GRU,13,3,8,0.8181133997939027
GRU,13,3,9,0.8188291688859042
GRU,13,3,10,0.8195102182597117
GRU,13,3,11,0.8200175999258951
GRU,13,3,12,0.8204092030151802
GRU,13,3,13,0.8208818693406822
GRU,13,3,14,0.8212503329048992
GRU,13,3,15,0.821641963872163
GRU,13,3,16,0.8218830695121527
GRU,13,3,17,0.8220547025174274
GRU,13,3,18,0.8221800201489167
GRU,13,3,19,0.8222590207976285
GRU,13,3,20,0.8224306641190435
GRU,13,3,21,0.8225907311763208
GRU,13,3,22,0.822878186050282
GRU,13,3,23,0.82316564758199
GRU,13,3,24,0.8232562448610902
GRU,13,3,25,0.8231615518239722
GRU,13,3,26,0.8230321138635074
GRU,13,3,27,0.8228216055959605
GRU,13,3,28,0.8226226736308152
GRU,13,3,29,0.8222152734347856
GRU,13,3,30,0.8217383751230529
GRU,13,3,31,0.8210529973130732
GRU,13,3,32,0.8203560219126044
GRU,13,3,33,0.8197401033100924
GRU,13,3,34,0.8192052443219328
GRU,13,3,35,0.8185545517720639
GRU,13,3,36,0.8177996038870036
GRU,13,3,37,0.8169751442006996
GRU,13,3,38,0.815919015022528
GRU,13,3,39,0.8149671052631579
GRU,13,3,40,0.8139456767243876
GRU,13,3,41,0.8129242245233628
GRU,13,3,42,0.811844833377735
GRU,13,3,43,0.8107770004169949
GRU,13,3,44,0.8098597259385388
GRU,13,3,45,0.8089076798331982
GRU,13,3,46,0.8078629429276373
GRU,13,3,47,0.8068529329997219
GRU,13,3,48,0.805854483533541
GRU,13,3,49,0.8049023469174987
GRU,13,3,50,0.8038806834636548
GRU,13,3,51,0.8028937491311802
GRU,13,3,52,0.8019183763307577
GRU,13,3,53,0.80089664280253
GRU,13,3,54,0.7999443936006302
GRU,13,3,55,0.7991079703429101
GRU,13,3,56,0.7981904331607178
GRU,13,3,57,0.7972960448573878
GRU,13,3,58,0.7966217546949037
GRU,13,3,59,0.7959358635710645
GRU,13,3,60,0.7952499565544807
GRU,14,3,-60,0.7757516074842148
GRU,14,3,-59,0.7762755456694008
GRU,14,3,-58,0.7767647161045912
GRU,14,3,-57,0.7772886304131236
GRU,14,3,-56,0.7778472873874813
GRU,14,3,-55,0.7784406858202039
GRU,14,3,-54,0.7789182238389268
GRU,14,3,-53,0.7794768425198675
GRU,14,3,-52,0.7799891106657554
GRU,14,3,-51,0.7805361197349521
GRU,14,3,-50,0.7810367796119316
GRU,14,3,-49,0.7815605958807312
GRU,14,3,-48,0.7821075677366294
GRU,14,3,-47,0.7825386896487814
GRU,14,3,-46,0.7829929687590497
GRU,14,3,-45,0.783516738097996
GRU,14,3,-44,0.7840404953029618
GRU,14,3,-43,0.7845758235648427
GRU,14,3,-42,0.785076390256333
GRU,14,3,-41,0.7855885282739129
GRU,14,3,-40,0.7861006544275208
GRU,14,3,-39,0.786566438102298
GRU,14,3,-38,0.7870553760265008
GRU,14,3,-37,0.7875674673955848
GRU,14,3,-36,0.7880795469023268
GRU,14,3,-35,0.7886031966643502
GRU,14,3,-34,0.7890805063642997
GRU,14,3,-33,0.7895809687058442
GRU,14,3,-32,0.7900930011697532
GRU,14,3,-31,0.7905818586120634
GRU,14,3,-30,0.7910475418379755
GRU,14,3,-29,0.7915016329650476
GRU,14,3,-28,0.7919788759308372
GRU,14,3,-27,0.792479269930977
GRU,14,3,-26,0.7930838805313322
GRU,14,3,-25,0.7936537348002316
GRU,14,3,-24,0.7942583177959722
GRU,14,3,-23,0.794816564758199
GRU,14,3,-22,0.7953979595381747
GRU,14,3,-21,0.7960140815712069
GRU,14,3,-20,0.796630189334723
GRU,14,3,-19,0.7973389225994719
GRU,14,3,-18,0.7979781604270644
GRU,14,3,-17,0.7986752819657704
GRU,14,3,-16,0.799360807790734
GRU,14,3,-15,0.8000115794349236
GRU,14,3,-14,0.8007202325123609
GRU,14,3,-13,0.8014057108450476
GRU,14,3,-12,0.8021259104014451
GRU,14,3,-11,0.8027650409893011
GRU,14,3,-10,0.8034620505992011
GRU,14,3,-9,0.8041358868073084
GRU,14,3,-8,0.8047518149293132
GRU,14,3,-7,0.8054024638755094
GRU,14,3,-6,0.806041519526682
GRU,14,3,-5,0.8066921384740072
GRU,14,3,-4,0.807284852554677
GRU,14,3,-3,0.807923864215255
GRU,14,3,-2,0.8086439049239924
GRU,14,3,-1,0.8093407738439808
GRU,14,3,0,0.8099913169319827
GRU,14,3,1,0.8107185032532939
GRU,14,3,2,0.8114457064128836
GRU,14,3,3,0.8121266151067476
GRU,14,3,4,0.812830695488069
GRU,14,3,5,0.8135695264559454
GRU,14,3,6,0.8142504833910315
GRU,14,3,7,0.8149430344572064
GRU,14,3,8,0.8156356015607813
GRU,14,3,9,0.8163050274413542
GRU,14,3,10,0.8170439414114514
GRU,14,3,11,0.817829188087629
GRU,14,3,12,0.8187302432754767
GRU,14,3,13,0.8196081609967347
GRU,14,3,14,0.8204282025451303
GRU,14,3,15,0.8211556276053729
GRU,14,3,16,0.8219872856332288
GRU,14,3,17,0.8228652817341764
GRU,14,3,18,0.8236506594717278
GRU,14,3,19,0.8244476353698643
GRU,14,3,20,0.8253372705691622
GRU,14,3,21,0.8261921856543993
GRU,14,3,22,0.8270818616608572
GRU,14,3,23,0.8279020752269779
GRU,14,3,24,0.8287570497156952
GRU,14,3,25,0.8296815286624204
GRU,14,3,26,0.8307218381220396
GRU,14,3,27,0.831669523324223
GRU,14,3,28,0.8325593245856834
GRU,14,3,29,0.8334723090820652
GRU,14,3,30,0.8343505703862413
GRU,14,3,31,0.8351246178078384
GRU,14,3,32,0.835806029440719
GRU,14,3,33,0.83646429315976
GRU,14,3,34,0.8370878261775981
GRU,14,3,35,0.8377345378735233
GRU,14,3,36,0.8383233532934131
GRU,14,3,37,0.8388542704255368
GRU,14,3,38,0.8394431124546834
GRU,14,3,39,0.8399508895478132
GRU,14,3,40,0.8403544333120982
GRU,14,3,41,0.8407348205805361
GRU,14,3,42,0.8411036336047629
GRU,14,3,43,0.841379789649261
GRU,14,3,44,0.8416212021174317
GRU,14,3,45,0.8417931194254604
GRU,14,3,46,0.841999791495326
GRU,14,3,47,0.8421717171717171
GRU,14,3,48,0.8423552306925991
GRU,14,3,49,0.8425039964784653
GRU,14,3,50,0.8425253402838112
GRU,14,3,51,0.8425814373754692
GRU,14,3,52,0.8425796137761663
GRU,14,3,53,0.8425777901346123
GRU,14,3,54,0.842494873785058
GRU,14,3,55,0.8423887859128822
GRU,14,3,56,0.8420741667535537
GRU,14,3,57,0.8418522208577586
GRU,14,3,58,0.8415723438024955
GRU,14,3,59,0.8412577042495019
GRU,14,3,60,0.8410241557087412
GRU,15,3,-60,0.7648265075595203
GRU,15,3,-59,0.7655243523796283
GRU,15,3,-58,0.7662801070472792
GRU,15,3,-57,0.7669547487198498
GRU,15,3,-56,0.7676872994358137
GRU,15,3,-55,0.7682692307692308
GRU,15,3,-54,0.7688627332862223
GRU,15,3,-53,0.7694678065846482
GRU,15,3,-52,0.7699338530866628
GRU,15,3,-51,0.7702608776238358
GRU,15,3,-50,0.7706805676223574
GRU,15,3,-49,0.7711697518708153
GRU,15,3,-48,0.7717052602314456
GRU,15,3,-47,0.7722291724585303
GRU,15,3,-46,0.7727299053620452
GRU,15,3,-45,0.773300127418047
GRU,15,3,-44,0.7737776696667478
GRU,15,3,-43,0.7742783672334708
GRU,15,3,-42,0.7747906362572828
GRU,15,3,-41,0.7753144763360901
GRU,15,3,-40,0.7759425493716338
GRU,15,3,-39,0.7765590252038547
GRU,15,3,-38,0.7771754867553887
GRU,15,3,-37,0.7778614283397809
GRU,15,3,-36,0.7785589362860352
GRU,15,3,-35,0.7792680101922631
GRU,15,3,-34,0.7798496658597885
GRU,15,3,-33,0.7806050357879132
GRU,15,3,-32,0.7814298785078119
GRU,15,3,-31,0.782208375799129
GRU,15,3,-30,0.7828478776999247
GRU,15,3,-29,0.783568433974938
GRU,15,3,-28,0.7843700418080536
GRU,15,3,-27,0.7852063742066985
GRU,15,3,-26,0.786158496334642
GRU,15,3,-25,0.7870295309785755
GRU,15,3,-24,0.7879121260900279
GRU,15,3,-23,0.7888178617750602
GRU,15,3,-22,0.7897119961089945
GRU,15,3,-21,0.7906871714107048
GRU,15,3,-20,0.7915696832841179
GRU,15,3,-19,0.7925100745750151
GRU,15,3,-18,0.7934157045751937
GRU,15,3,-17,0.7943328933046157
GRU,15,3,-16,0.7951921629476951
GRU,15,3,-15,0.7960745715609078
GRU,15,3,-14,0.7969801183404546
GRU,15,3,-13,0.7978277483152313
GRU,15,3,-12,0.7985479893009738
GRU,15,3,-11,0.7993029503033672
GRU,15,3,-10,0.7999884212354542
GRU,15,3,-9,0.8006275617719936
GRU,15,3,-8,0.8012551090115437
GRU,15,3,-7,0.8018942200815117
GRU,15,3,-6,0.8025796292651298
GRU,15,3,-5,0.8033692254254949
GRU,15,3,-4,0.8041588033020343
GRU,15,3,-3,0.8047515398508776
GRU,15,3,-2,0.8053905734430898
GRU,15,3,-1,0.8056243777062542
GRU,15,3,0,0.8058697539797395
GRU,15,3,1,0.8060874800287123
GRU,15,3,2,0.8062820557350098
GRU,15,3,3,0.8063840133376557
GRU,15,3,4,0.806428083500249
GRU,15,3,5,0.8064721546833391
GRU,15,3,6,0.8064120228322662
GRU,15,3,7,0.8064329381252315
GRU,15,3,8,0.8066043743559461
GRU,15,3,9,0.8066484496213788
GRU,15,3,10,0.8067851560238523
GRU,15,3,11,0.806725024315687
GRU,15,3,12,0.8066996283130508
GRU,15,3,13,0.8066163358884695
GRU,15,3,14,0.8066256759416867
GRU,15,3,15,0.8066581750810561
GRU,15,3,16,0.8066559362660521
GRU,15,3,17,0.8065263206651382
GRU,15,3,18,0.8062693238533066
GRU,15,3,19,0.8059428412617536
GRU,15,3,20,0.8057321521625846
GRU,15,3,21,0.8054288162679204
GRU,15,3,22,0.8052065359628502
GRU,15,3,23,0.8049610894941635
GRU,15,3,24,0.8045650889972322
GRU,15,3,25,0.8040995946728431
GRU,15,3,26,0.803645670476786
GRU,15,3,27,0.8032033168110437
GRU,15,3,28,0.8026798846514644
GRU,15,3,29,0.8021448590554282
GRU,15,3,30,0.8016445654062192
GRU,15,3,31,0.8010284443620865
GRU,15,3,32,0.8003891456169
GRU,15,3,33,0.7997845776099697
GRU,15,3,34,0.7991684136157793
GRU,15,3,35,0.7984595784109335
GRU,15,3,36,0.7978433847971369
GRU,15,3,37,0.7970650235122426
GRU,15,3,38,0.7962750616769172
GRU,15,3,39,0.7955314121571534
GRU,15,3,40,0.7947761626223432
GRU,15,3,41,0.7940903931243775
GRU,15,3,42,0.7933814416271877
GRU,15,3,43,0.7925913913728397
GRU,15,3,44,0.7917897394910287
GRU,15,3,45,0.7911154870844435
GRU,15,3,46,0.7904064682783306
GRU,15,3,47,0.7896395144101566
GRU,15,3,48,0.7889188782188655
GRU,15,3,49,0.7882213933229849
GRU,15,3,50,0.7873501303214596
GRU,15,3,51,0.7865135999258607
GRU,15,3,52,0.7856654657507269
GRU,15,3,53,0.7847709737957879
GRU,15,3,54,0.7839112151156729
GRU,15,3,55,0.7830861909175162
GRU,15,3,56,0.7824117517580139
GRU,15,3,57,0.7817720521791515
GRU,15,3,58,0.7810744117612984
GRU,15,3,59,0.7802956578154687
GRU,15,3,60,0.7795284712969935
GRU,16,3,-60,0.7376006487864218
GRU,16,3,-59,0.7379860049121831
GRU,16,3,-58,0.7384408633293558
GRU,16,3,-57,0.7388725410690702
GRU,16,3,-56,0.7393157937418181
GRU,16,3,-55,0.7397822057460611
GRU,16,3,-54,0.7401443449450308
GRU,16,3,-53,0.74072658186789
GRU,16,3,-52,0.7412856365047554
GRU,16,3,-51,0.741833093925212
GRU,16,3,-50,0.7422762814943528
GRU,16,3,-49,0.7426499548224174
GRU,16,3,-48,0.743093122661508
GRU,16,3,-47,0.7436057825966083
GRU,16,3,-46,0.7442226829918104
GRU,16,3,-45,0.7448743194717943
GRU,16,3,-44,0.7455027742062527
GRU,16,3,-43,0.7461659639531113
GRU,16,3,-42,0.7469449688994938
GRU,16,3,-41,0.7477007899552899
GRU,16,3,-40,0.7484218451381247
GRU,16,3,-39,0.7491544662713121
GRU,16,3,-38,0.7498986529529634
GRU,16,3,-37,0.7505154161551113
GRU,16,3,-36,0.7510974183161723
GRU,16,3,-35,0.7517141533472319
GRU,16,3,-34,0.7523540380583964
GRU,16,3,-33,0.7530518171920966
GRU,16,3,-32,0.753784325307205
GRU,16,3,-31,0.7545631427777263
GRU,16,3,-30,0.7552840349759685
GRU,16,3,-29,0.7560975609756098
GRU,16,3,-28,0.7568184187059191
GRU,16,3,-27,0.757562421827952
GRU,16,3,-26,0.7583295695375742
GRU,16,3,-25,0.759096699478865
GRU,16,3,-24,0.7598290697270442
GRU,16,3,-23,0.7605614230127848
GRU,16,3,-22,0.761154794853682
GRU,16,3,-21,0.7618639553465966
GRU,16,3,-20,0.7627004805743732
GRU,16,3,-19,0.7635485663995554
GRU,16,3,-18,0.7643387333974084
GRU,16,3,-17,0.7650825632830774
GRU,16,3,-16,0.765895853356338
GRU,16,3,-15,0.7666628068550255
GRU,16,3,-14,0.7675339562997187
GRU,16,3,-13,0.7683587689029897
GRU,16,3,-12,0.7691256672417586
GRU,16,3,-11,0.7698809689222361
GRU,16,3,-10,0.7707057256990679
GRU,16,3,-9,0.7715304633767918
GRU,16,3,-8,0.772274132481156
GRU,16,3,-7,0.7730756761763616
GRU,16,3,-6,0.7737729972559599
GRU,16,3,-5,0.7745629269422253
GRU,16,3,-4,0.7753759942573317
GRU,16,3,-3,0.7761890427453342
GRU,16,3,-2,0.7770136500989893
GRU,16,3,-1,0.7777571954523352
GRU,16,3,0,0.7785586107091172
GRU,16,3,1,0.7794706740454304
GRU,16,3,2,0.7803711808088176
GRU,16,3,3,0.7813180197286158
GRU,16,3,4,0.7824153940558752
GRU,16,3,5,0.7834896376056502
GRU,16,3,6,0.7845754842593986
GRU,16,3,7,0.7858350314931456
GRU,16,3,8,0.7870251369157201
GRU,16,3,9,0.7881921126369174
GRU,16,3,10,0.7893706941469345
GRU,16,3,11,0.7904335139641517
GRU,16,3,12,0.7915310954922826
GRU,16,3,13,0.7926171232718093
GRU,16,3,14,0.7935526452912773
GRU,16,3,15,0.7945229272811487
GRU,16,3,16,0.795504811310923
GRU,16,3,17,0.7965561962991269
GRU,16,3,18,0.7975381266139399
GRU,16,3,19,0.7984737597850757
GRU,16,3,20,0.7994209947310521
GRU,16,3,21,0.8001482270653357
GRU,16,3,22,0.8009681192315264
GRU,16,3,23,0.8016838058180471
GRU,16,3,24,0.8024574121897835
GRU,16,3,25,0.8032194557035321
GRU,16,3,26,0.8040625832377908
GRU,16,3,27,0.8049057303006439
GRU,16,3,28,0.8055520168621956
GRU,16,3,29,0.806221481018229
GRU,16,3,30,0.8067751462157623
GRU,16,3,31,0.8073056610766237
GRU,16,3,32,0.8077435345077192
GRU,16,3,33,0.808100345139098
GRU,16,3,34,0.808434000069492
GRU,16,3,35,0.8086402594394255
GRU,16,3,36,0.8087654478277487
GRU,16,3,37,0.8087863976464592
GRU,16,3,38,0.8087610178718279
GRU,16,3,39,0.808770385470719
GRU,16,3,40,0.8086407598308913
GRU,16,3,41,0.808603794565293
GRU,16,3,42,0.8083814995424693
GRU,16,3,43,0.8082981976555622
GRU,16,3,44,0.8081801438648921
GRU,16,3,45,0.8080389204216379
GRU,16,3,46,0.807805024962643
GRU,16,3,47,0.8076174589936058
GRU,16,3,48,0.8074646402631853
GRU,16,3,49,0.8071612260500892
GRU,16,3,50,0.8067767158992181
GRU,16,3,51,0.8064848709512997
GRU,16,3,52,0.8061698504454201
GRU,16,3,53,0.8058432381084776
GRU,16,3,54,0.8054934488710742
GRU,16,3,55,0.8052015755329008
GRU,16,3,56,0.8049792050417637
GRU,16,3,57,0.8045830533608286
GRU,16,3,58,0.8042100629076543
GRU,16,3,59,0.803860234487233
GRU,16,3,60,0.8034640560736837
GRU,17,3,-60,0.7030296008804958
GRU,17,3,-59,0.7037281616386302
GRU,17,3,-58,0.7043687801939363
GRU,17,3,-57,0.7050325540443476
GRU,17,3,-56,0.7057194823851064
GRU,17,3,-55,0.7063368860055607
GRU,17,3,-54,0.7070932913196094
GRU,17,3,-53,0.7078612636407868
GRU,17,3,-52,0.7087566465484286
GRU,17,3,-51,0.709512997544136
GRU,17,3,-50,0.7101419055893426
GRU,17,3,-49,0.7107707990640132
GRU,17,3,-48,0.7113417586618324
GRU,17,3,-47,0.7119706236678713
GRU,17,3,-46,0.7125763069188801
GRU,17,3,-45,0.7133557280203869
GRU,17,3,-44,0.7141119644160266
GRU,17,3,-43,0.7148681832924061
GRU,17,3,-42,0.7155085540870815
GRU,17,3,-41,0.7161604929691663
GRU,17,3,-40,0.7168471651126426
GRU,17,3,-39,0.7175685693106004
GRU,17,3,-38,0.7182204616792337
GRU,17,3,-37,0.7189534156454863
GRU,17,3,-36,0.7196863526332249
GRU,17,3,-35,0.7203729441741951
GRU,17,3,-34,0.7211521756755191
GRU,17,3,-33,0.7219777165226656
GRU,17,3,-32,0.7226179308108358
GRU,17,3,-31,0.7233044565922357
GRU,17,3,-30,0.724106780936939
GRU,17,3,-29,0.7249322493224932
GRU,17,3,-28,0.7257576985882543
GRU,17,3,-27,0.7266641960439153
GRU,17,3,-26,0.7275706725034453
GRU,17,3,-25,0.7285002895193978
GRU,17,3,-24,0.7294877882132228
GRU,17,3,-23,0.7303826199740596
GRU,17,3,-22,0.7313816543721701
GRU,17,3,-21,0.7323806656321653
GRU,17,3,-20,0.7333680736494702
GRU,17,3,-19,0.7344017786835889
GRU,17,3,-18,0.735539678312123
GRU,17,3,-17,0.7366080733689988
GRU,17,3,-16,0.7376185458377239
GRU,17,3,-15,0.7385132005558128
GRU,17,3,-14,0.739442572457475
GRU,17,3,-13,0.7404182395034853
GRU,17,3,-12,0.7415212533144981
GRU,17,3,-11,0.7425895048862953
GRU,17,3,-10,0.7437619406009379
GRU,17,3,-9,0.7449227705347011
GRU,17,3,-8,0.7460372596014682
GRU,17,3,-7,0.747163301222675
GRU,17,3,-6,0.74824300385555
GRU,17,3,-5,0.7493921500521015
GRU,17,3,-4,0.7503907561565804
GRU,17,3,-3,0.7514240726161256
GRU,17,3,-2,0.7523531659199055
GRU,17,3,-1,0.7532243499201149
GRU,17,3,0,0.7541765557163531
GRU,17,3,1,0.7551578021163776
GRU,17,3,2,0.7559769835480995
GRU,17,3,3,0.7566804056870282
GRU,17,3,4,0.757372266154149
GRU,17,3,5,0.7580062521708927
GRU,17,3,6,0.758617096411907
GRU,17,3,7,0.7591816413486476
GRU,17,3,8,0.7598040918406336
GRU,17,3,9,0.7603570849639905
GRU,17,3,10,0.7609100908933016
GRU,17,3,11,0.7614052151359363
GRU,17,3,12,0.7617845605178143
GRU,17,3,13,0.7619670688497255
GRU,17,3,14,0.7622190572133255
GRU,17,3,15,0.7623784159333025
GRU,17,3,16,0.76253777834389
GRU,17,3,17,0.7627434632576021
GRU,17,3,18,0.7629144134233473
GRU,17,3,19,0.7627379684098383
GRU,17,3,20,0.7625730994152047
GRU,17,3,21,0.762373485883688
GRU,17,3,22,0.7621738677289729
GRU,17,3,23,0.7619742449508986
GRU,17,3,24,0.7617861981911037
GRU,17,3,25,0.7614707585408222
GRU,17,3,26,0.7610974070342448
GRU,17,3,27,0.7608051141890952
GRU,17,3,28,0.7603390968997186
GRU,17,3,29,0.7598035809417923
GRU,17,3,30,0.7591059123284498
GRU,17,3,31,0.758350319651626
GRU,17,3,32,0.7577568534797262
GRU,17,3,33,0.7571749554098817
GRU,17,3,34,0.7565119699794999
GRU,17,3,35,0.75575631225388
GRU,17,3,36,0.7548963967616025
GRU,17,3,37,0.7539669670365309
GRU,17,3,38,0.7530259332615217
GRU,17,3,39,0.7521427909562639
GRU,17,3,40,0.7512827937684601
GRU,17,3,41,0.7502721986702805
GRU,17,3,42,0.7491457495974888
GRU,17,3,43,0.7479613584765787
GRU,17,3,44,0.7468464398651701
GRU,17,3,45,0.7456967450480714
GRU,17,3,46,0.7445238564097811
GRU,17,3,47,0.7432814382355667
GRU,17,3,48,0.7420853267228098
GRU,17,3,49,0.7409586914718624
GRU,17,3,50,0.7397509412105415
GRU,17,3,51,0.738462073119874
GRU,17,3,52,0.7372542659546123
GRU,17,3,53,0.7361043534672506
GRU,17,3,54,0.7349659990037187
GRU,17,3,55,0.7338739573679333
GRU,17,3,56,0.7327239657549323
GRU,17,3,57,0.7316782131189323
GRU,17,3,58,0.7306208510490402
GRU,17,3,59,0.7295055377913713
GRU,17,3,60,0.7285408098244801
GRU,18,3,-60,0.735526849330939
GRU,18,3,-59,0.7358774734695769
GRU,18,3,-58,0.7364366231449193
GRU,18,3,-57,0.7369610046571978
GRU,18,3,-56,0.7374853740196249
GRU,18,3,-55,0.7379749768303985
GRU,18,3,-54,0.7384645682974016
GRU,18,3,-53,0.7389425638886958
GRU,18,3,-52,0.7394437172016728
GRU,18,3,-51,0.7399332746397294
GRU,18,3,-50,0.740503909643788
GRU,18,3,-49,0.7411787873873457
GRU,18,3,-48,0.741957904247802
GRU,18,3,-47,0.7427717542396441
GRU,18,3,-46,0.7434581658538846
GRU,18,3,-45,0.7442719796131124
GRU,18,3,-44,0.7450510245450649
GRU,18,3,-43,0.7457489690960478
GRU,18,3,-42,0.7465974772103368
GRU,18,3,-41,0.7475733778117544
GRU,18,3,-40,0.7485492558058725
GRU,18,3,-39,0.7495019458858414
GRU,18,3,-38,0.7505009439753524
GRU,18,3,-37,0.7514999189233015
GRU,18,3,-36,0.7526378577467888
GRU,18,3,-35,0.7536599490386843
GRU,18,3,-34,0.754705180621026
GRU,18,3,-33,0.7558430427833499
GRU,18,3,-32,0.7568882248705744
GRU,18,3,-31,0.7578291485221903
GRU,18,3,-30,0.7588395390584284
GRU,18,3,-29,0.7599193940657355
GRU,18,3,-28,0.7610223864175941
GRU,18,3,-27,0.7619053133830546
GRU,18,3,-26,0.7628924480885708
GRU,18,3,-25,0.7637521713954835
GRU,18,3,-24,0.7646234554319
GRU,18,3,-23,0.7655757828423198
GRU,18,3,-22,0.7663312218452167
GRU,18,3,-21,0.7671445445491812
GRU,18,3,-20,0.7679115279949048
GRU,18,3,-19,0.7685858539070823
GRU,18,3,-18,0.7692833238764663
GRU,18,3,-17,0.76998077769286
GRU,18,3,-16,0.7705508400977316
GRU,18,3,-15,0.7711903659101436
GRU,18,3,-14,0.7716909253019303
GRU,18,3,-13,0.772145156434543
GRU,18,3,-12,0.7725646399499786
GRU,18,3,-11,0.7730651660414062
GRU,18,3,-10,0.7734035778382446
GRU,18,3,-9,0.7737072459069542
GRU,18,3,-8,0.7740340639364572
GRU,18,3,-7,0.7742335124120044
GRU,18,3,-6,0.7744792691822298
GRU,18,3,-5,0.7745397707537339
GRU,18,3,-4,0.7745423811232937
GRU,18,3,-3,0.7746144583892929
GRU,18,3,-2,0.7747444224468294
GRU,18,3,-1,0.7747817630305416
GRU,18,3,0,0.7748538350217077
GRU,18,3,1,0.7748396508208488
GRU,18,3,2,0.7746402232179037
GRU,18,3,3,0.7745334136062613
GRU,18,3,4,0.774415023561149
GRU,18,3,5,0.7741113812666435
GRU,18,3,6,0.7738772013106554
GRU,18,3,7,0.7734346054094109
GRU,18,3,8,0.7728993712876446
GRU,18,3,9,0.772225181205567
GRU,18,3,10,0.7717246569791003
GRU,18,3,11,0.7711199110740586
GRU,18,3,12,0.7705035721315842
GRU,18,3,13,0.7700261689168847
GRU,18,3,14,0.7694213823369345
GRU,18,3,15,0.768805002315887
GRU,18,3,16,0.7680496531919082
GRU,18,3,17,0.7672363880590102
GRU,18,3,18,0.7663767847424066
GRU,18,3,19,0.7656445412015378
GRU,18,3,20,0.7648196398587227
GRU,18,3,21,0.7639599786923593
GRU,18,3,22,0.7631118779891839
GRU,18,3,23,0.7621595330739299
GRU,18,3,24,0.7613345531609362
GRU,18,3,25,0.7604516502605675
GRU,18,3,26,0.7597076978308955
GRU,18,3,27,0.758928985037291
GRU,18,3,28,0.758138673028594
GRU,18,3,29,0.7574525745257452
GRU,18,3,30,0.7566969714517343
GRU,18,3,31,0.7559529324562216
GRU,18,3,32,0.7553710202332558
GRU,18,3,33,0.7546964397396401
GRU,18,3,34,0.7539870976708632
GRU,18,3,35,0.7533124855223535
GRU,18,3,36,0.752765262511727
GRU,18,3,37,0.7521716972827723
GRU,18,3,38,0.7516128658628398
GRU,18,3,39,0.7510656041512231
GRU,18,3,40,0.7504604158220883
GRU,18,3,41,0.7499015451618134
GRU,18,3,42,0.7492847462731517
GRU,18,3,43,0.7487605986192837
GRU,18,3,44,0.7481669388747958
GRU,18,3,45,0.7476775165064288
GRU,18,3,46,0.7472344171715183
GRU,18,3,47,0.7469534797516449
GRU,18,3,48,0.7466030326549052
GRU,18,3,49,0.7462062414568033
GRU,18,3,50,0.7458789458441935
GRU,18,3,51,0.7453894629535239
GRU,18,3,52,0.7448072935370643
GRU,18,3,53,0.7441324343736243
GRU,18,3,54,0.743469144240683
GRU,18,3,55,0.7430143651529194
GRU,18,3,56,0.7425479905930328
GRU,18,3,57,0.7420005097430432
GRU,18,3,58,0.7413950901908083
GRU,18,3,59,0.7407085592474165
GRU,18,3,60,0.7401262816428199
LSTM,1,1,-60,0.7260962752708104
LSTM,1,1,-59,0.7265860327169934
LSTM,1,1,-58,0.7270989492220536
LSTM,1,1,-57,0.7275886837044417
LSTM,1,1,-56,0.7280899917746961
LSTM,1,1,-55,0.7285912882298424
LSTM,1,1,-54,0.729023065071072
LSTM,1,1,-53,0.7295011700377656
LSTM,1,1,-52,0.7298865887422818
LSTM,1,1,-51,0.7303646726287012
LSTM,1,1,-50,0.7307732406602954
LSTM,1,1,-49,0.7311122952528786
LSTM,1,1,-48,0.7314860935744321
LSTM,1,1,-47,0.73187146696321
LSTM,1,1,-46,0.732361083760961
LSTM,1,1,-45,0.7329086065099039
LSTM,1,1,-44,0.7334792832238709
LSTM,1,1,-43,0.7340731130982718
LSTM,1,1,-42,0.7346090139344167
LSTM,1,1,-41,0.735156485278106
LSTM,1,1,-40,0.7356807783633521
LSTM,1,1,-39,0.7361818939955522
LSTM,1,1,-38,0.7366598329800664
LSTM,1,1,-37,0.7371493432787417
LSTM,1,1,-36,0.7376156777354382
LSTM,1,1,-35,0.7381051656242761
LSTM,1,1,-34,0.7386062241577003
LSTM,1,1,-33,0.7391651803293878
LSTM,1,1,-32,0.7397125418389446
LSTM,1,1,-31,0.7402830538311869
LSTM,1,1,-30,0.7408651340552435
LSTM,1,1,-29,0.7414356194844
LSTM,1,1,-28,0.7420292540563077
LSTM,1,1,-27,0.7425997127901052
LSTM,1,1,-26,0.7432164819511518
LSTM,1,1,-25,0.7438332368268674
LSTM,1,1,-24,0.744415235492351
LSTM,1,1,-23,0.7450203816935335
LSTM,1,1,-22,0.7457297372413234
LSTM,1,1,-21,0.7464390763600991
LSTM,1,1,-20,0.7471136587342945
LSTM,1,1,-19,0.7477650655426374
LSTM,1,1,-18,0.7484048774274233
LSTM,1,1,-17,0.7490794136038352
LSTM,1,1,-16,0.7497076158825369
LSTM,1,1,-15,0.7503937007874015
LSTM,1,1,-14,0.7511492456085501
LSTM,1,1,-13,0.7518237187651976
LSTM,1,1,-12,0.7525676504984774
LSTM,1,1,-11,0.7533463016997823
LSTM,1,1,-10,0.7541017773403578
LSTM,1,1,-9,0.7548572354861867
LSTM,1,1,-8,0.7556937256127919
LSTM,1,1,-7,0.7564723045572435
LSTM,1,1,-6,0.7572277090159664
LSTM,1,1,-5,0.7579020493226815
LSTM,1,1,-4,0.7586111078950111
LSTM,1,1,-3,0.7593780391793636
LSTM,1,1,-2,0.7601681080893334
LSTM,1,1,-1,0.7608886933567972
LSTM,1,1,0,0.7616671490593343
LSTM,1,1,1,0.7624285085789705
LSTM,1,1,2,0.7630856864992532
LSTM,1,1,3,0.7638007687676562
LSTM,1,1,4,0.7646548031167869
LSTM,1,1,5,0.7654509667708695
LSTM,1,1,6,0.7662008359480832
LSTM,1,1,7,0.7669854575768803
LSTM,1,1,8,0.7678048328644043
LSTM,1,1,9,0.7684852835606605
LSTM,1,1,10,0.7691773287790192
LSTM,1,1,11,0.7697767588346996
LSTM,1,1,12,0.7703993608373957
LSTM,1,1,13,0.7709409230911743
LSTM,1,1,14,0.7712624911707832
LSTM,1,1,15,0.7716188050023158
LSTM,1,1,16,0.7720098657927952
LSTM,1,1,17,0.7723661965307209
LSTM,1,1,18,0.7726414766608382
LSTM,1,1,19,0.7729167631664273
LSTM,1,1,20,0.7730646748885415
LSTM,1,1,21,0.7731431085994859
LSTM,1,1,22,0.7731983833798478
LSTM,1,1,23,0.7733463035019456
LSTM,1,1,24,0.7735173883336615
LSTM,1,1,25,0.7736537348002316
LSTM,1,1,26,0.7737205989646666
LSTM,1,1,27,0.7738222078102561
LSTM,1,1,28,0.7738080072266552
LSTM,1,1,29,0.7737822250017372
LSTM,1,1,30,0.7737564421796282
LSTM,1,1,31,0.773672750857037
LSTM,1,1,32,0.7735658941662903
LSTM,1,1,33,0.773412707604642
LSTM,1,1,34,0.7732016075792497
LSTM,1,1,35,0.7729789205466759
LSTM,1,1,36,0.7727446461043097
LSTM,1,1,37,0.7723597952234242
LSTM,1,1,38,0.7720096829864369
LSTM,1,1,39,0.7716132320237212
LSTM,1,1,40,0.7711588579371055
LSTM,1,1,41,0.7707044733245303
LSTM,1,1,42,0.7701921629041039
LSTM,1,1,43,0.769679840615299
LSTM,1,1,44,0.769202256431641
LSTM,1,1,45,0.7686667438897254
LSTM,1,1,46,0.7680733009764968
LSTM,1,1,47,0.7673871744972662
LSTM,1,1,48,0.7666778643993188
LSTM,1,1,49,0.7659453698769779
LSTM,1,1,50,0.7651317694758182
LSTM,1,1,51,0.7643644872804782
LSTM,1,1,52,0.7635624341137356
LSTM,1,1,53,0.7627371932995065
LSTM,1,1,54,0.761877179365392
LSTM,1,1,55,0.760982391102873
LSTM,1,1,56,0.760099167043177
LSTM,1,1,57,0.7592159225190575
LSTM,1,1,58,0.7583674131399377
LSTM,1,1,59,0.7576347374762501
LSTM,1,1,60,0.7568904593639576
LSTM,2,1,-60,0.7867578057116376
LSTM,2,1,-59,0.7871310069975439
LSTM,2,1,-58,0.7875157848396028
LSTM,2,1,-57,0.7879932343196089
LSTM,2,1,-56,0.788459087802222
LSTM,2,1,-55,0.7889133456904541
LSTM,2,1,-54,0.7894139317199754
LSTM,2,1,-53,0.7899840133453813
LSTM,2,1,-52,0.7905772505589472
LSTM,2,1,-51,0.7912979009313749
LSTM,2,1,-50,0.7919490298291341
LSTM,2,1,-49,0.7925885596459931
LSTM,2,1,-48,0.7932164907850383
LSTM,2,1,-47,0.7938212399221574
LSTM,2,1,-46,0.7943680570839463
LSTM,2,1,-45,0.7948801112012047
LSTM,2,1,-44,0.7953921534558849
LSTM,2,1,-43,0.7958810174674512
LSTM,2,1,-42,0.796427785435465
LSTM,2,1,-41,0.7968587115157412
LSTM,2,1,-40,0.7972085480975271
LSTM,2,1,-39,0.7974541326908822
LSTM,2,1,-38,0.7977807892328898
LSTM,2,1,-37,0.7980147791239084
LSTM,2,1,-36,0.7983877506109638
LSTM,2,1,-35,0.7987722955756312
LSTM,2,1,-34,0.7990178478359065
LSTM,2,1,-33,0.7993097218039887
LSTM,2,1,-32,0.7996247524408464
LSTM,2,1,-31,0.799893449457982
LSTM,2,1,-30,0.8001621402513174
LSTM,2,1,-29,0.8005466379450119
LSTM,2,1,-28,0.8009311267328338
LSTM,2,1,-27,0.8013850928799741
LSTM,2,1,-26,0.8019316957926554
LSTM,2,1,-25,0.8024088013896931
LSTM,2,1,-24,0.8028395733691561
LSTM,2,1,-23,0.8032471743561238
LSTM,2,1,-22,0.8036200247819995
LSTM,2,1,-21,0.80400444681196
LSTM,2,1,-20,0.804539401308552
LSTM,2,1,-19,0.8049817036453749
LSTM,2,1,-18,0.8054124159014324
LSTM,2,1,-17,0.8059010166979319
LSTM,2,1,-16,0.8065401405759678
LSTM,2,1,-15,0.807260305697082
LSTM,2,1,-14,0.8079457162376535
LSTM,2,1,-13,0.8087121650726014
LSTM,2,1,-12,0.8094670171253894
LSTM,2,1,-11,0.8101060627113149
LSTM,2,1,-10,0.8108840386730736
LSTM,2,1,-9,0.8117314684019175
LSTM,2,1,-8,0.8125094075283383
LSTM,2,1,-7,0.81331048536495
LSTM,2,1,-6,0.8140652317382394
LSTM,2,1,-5,0.8147620701632511
LSTM,2,1,-4,0.8155515161338875
LSTM,2,1,-3,0.8162135877367666
LSTM,2,1,-2,0.8168872217012261
LSTM,2,1,-1,0.8175839951837358
LSTM,2,1,0,0.8183039073806078
LSTM,2,1,1,0.8189154143608031
LSTM,2,1,2,0.8196079793453973
LSTM,2,1,3,0.8202542490621961
LSTM,2,1,4,0.8207731761818203
LSTM,2,1,5,0.8214657867315039
LSTM,2,1,6,0.8221005221780963
LSTM,2,1,7,0.8227700074101519
LSTM,2,1,8,0.8233353016777242
LSTM,2,1,9,0.8238427158835653
LSTM,2,1,10,0.8242343541944075
LSTM,2,1,11,0.8246375804733453
LSTM,2,1,12,0.8248787096325972
LSTM,2,1,13,0.8251545818762882
LSTM,2,1,14,0.8254188812079527
LSTM,2,1,15,0.8256021306160259
LSTM,2,1,16,0.8257159068539469
LSTM,2,1,17,0.8257370481020867
LSTM,2,1,18,0.8257466100026634
LSTM,2,1,19,0.8259414516651998
LSTM,2,1,20,0.8261710381564472
LSTM,2,1,21,0.8264469509229451
LSTM,2,1,22,0.8266533878382917
LSTM,2,1,23,0.826940893088753
LSTM,2,1,24,0.8271705017892091
LSTM,2,1,25,0.8273422119281992
LSTM,2,1,26,0.8274791833142249
LSTM,2,1,27,0.8276277389169407
LSTM,2,1,28,0.8277415544257473
LSTM,2,1,29,0.8278553725708198
LSTM,2,1,30,0.827922867566159
LSTM,2,1,31,0.8280366904475123
LSTM,2,1,32,0.8280462805322956
LSTM,2,1,33,0.828160107479558
LSTM,2,1,34,0.8282160271481683
LSTM,2,1,35,0.8282603659949038
LSTM,2,1,36,0.8282236301092206
LSTM,2,1,37,0.8282216405290834
LSTM,2,1,38,0.8282428159421801
LSTM,2,1,39,0.8281018346923648
LSTM,2,1,40,0.8278566050848439
LSTM,2,1,41,0.8276345356406514
LSTM,2,1,42,0.8273429627141418
LSTM,2,1,43,0.8269587175091507
LSTM,2,1,44,0.8264354635067357
LSTM,2,1,45,0.8259006139233175
LSTM,2,1,46,0.8254700042859294
LSTM,2,1,47,0.8249698823093319
LSTM,2,1,48,0.8245276680528687
LSTM,2,1,49,0.8240043555823274
LSTM,2,1,50,0.8234346944685781
LSTM,2,1,51,0.8229113572123627
LSTM,2,1,52,0.822364839034788
LSTM,2,1,53,0.8218298927272306
LSTM,2,1,54,0.8212254260261118
LSTM,2,1,55,0.8205861909175162
LSTM,2,1,56,0.8199585259328769
LSTM,2,1,57,0.8192265807826873
LSTM,2,1,58,0.8184598630628961
LSTM,2,1,59,0.8177394689281245
LSTM,2,1,60,0.8171001564038696
LSTM,3,1,-60,0.7775705265596942
LSTM,3,1,-59,0.7780017609713147
LSTM,3,1,-58,0.7782707925437631
LSTM,3,1,-57,0.7786324984360157
LSTM,3,1,-56,0.7790752904922439
LSTM,3,1,-55,0.7794022242817423
LSTM,3,1,-54,0.7797754891625445
LSTM,3,1,-53,0.78029934431547
LSTM,3,1,-52,0.7809042781182304
LSTM,3,1,-51,0.7814860293776933
LSTM,3,1,-50,0.7820677671589922
LSTM,3,1,-49,0.7825336515070779
LSTM,3,1,-48,0.7830574443685058
LSTM,3,1,-47,0.7835001390047261
LSTM,3,1,-46,0.7839312397919587
LSTM,3,1,-45,0.7845013320977644
LSTM,3,1,-44,0.7851061611703791
LSTM,3,1,-43,0.7856530602789232
LSTM,3,1,-42,0.7861188653238044
LSTM,3,1,-41,0.7866657400328955
LSTM,3,1,-40,0.7873284299530897
LSTM,3,1,-39,0.7880490177909563
LSTM,3,1,-38,0.7888043364953612
LSTM,3,1,-37,0.7895828024739976
LSTM,3,1,-36,0.7903959971739307
LSTM,3,1,-35,0.79119759091962
LSTM,3,1,-34,0.7919296741988163
LSTM,3,1,-33,0.7925922494266985
LSTM,3,1,-32,0.7931969007331225
LSTM,3,1,-31,0.7938710275178357
LSTM,3,1,-30,0.7944640685621635
LSTM,3,1,-29,0.795022351932921
LSTM,3,1,-28,0.7956385282638656
LSTM,3,1,-27,0.7962083661462918
LSTM,3,1,-26,0.7968013526502913
LSTM,3,1,-25,0.7974290677475391
LSTM,3,1,-24,0.798022026380702
LSTM,3,1,-23,0.7987539373726145
LSTM,3,1,-22,0.7994510902921729
LSTM,3,1,-21,0.800125066586377
LSTM,3,1,-20,0.8007758670603903
LSTM,3,1,-19,0.8015424521747186
LSTM,3,1,-18,0.8022627001864354
LSTM,3,1,-17,0.8029945112207323
LSTM,3,1,-16,0.8037378848759249
LSTM,3,1,-15,0.8045275590551181
LSTM,3,1,-14,0.8052824770440361
LSTM,3,1,-13,0.8059910608832589
LSTM,3,1,-12,0.8069196299341153
LSTM,3,1,-11,0.8077671251910519
LSTM,3,1,-10,0.8086030220575464
LSTM,3,1,-9,0.8094620568279184
LSTM,3,1,-8,0.8103326502020448
LSTM,3,1,-7,0.8112726935902186
LSTM,3,1,-6,0.8120969329273234
LSTM,3,1,-5,0.8130021998379067
LSTM,3,1,-4,0.8139190237463964
LSTM,3,1,-3,0.8148937155559672
LSTM,3,1,-2,0.8157989186435576
LSTM,3,1,-1,0.8166577905388196
LSTM,3,1,0,0.8175050651230101
LSTM,3,1,1,0.8182554935513001
LSTM,3,1,2,0.8189596285876374
LSTM,3,1,3,0.8196753577548279
LSTM,3,1,4,0.8203100577740213
LSTM,3,1,5,0.8208868820192197
LSTM,3,1,6,0.8216258148178166
LSTM,3,1,7,0.822364764727677
LSTM,3,1,8,0.823126888742228
LSTM,3,1,9,0.8238542945140449
LSTM,3,1,10,0.8245354020725989
LSTM,3,1,11,0.8252165254041035
LSTM,3,1,12,0.8257355580514804
LSTM,3,1,13,0.8262661818855516
LSTM,3,1,14,0.8267389215039196
LSTM,3,1,15,0.8271885132005559
LSTM,3,1,16,0.8275570583262891
LSTM,3,1,17,0.8278561337687301
LSTM,3,1,18,0.8280741572773487
LSTM,3,1,19,0.8284079855481958
LSTM,3,1,20,0.8286028602860286
LSTM,3,1,21,0.8287629988188155
LSTM,3,1,22,0.828969462554862
LSTM,3,1,23,0.8291759310728183
LSTM,3,1,24,0.8294866301490429
LSTM,3,1,25,0.8297857556456283
LSTM,3,1,26,0.8299690789702254
LSTM,3,1,27,0.8301292444526799
LSTM,3,1,28,0.8303704818928278
LSTM,3,1,29,0.8305538183586965
LSTM,3,1,30,0.8306676703920319
LSTM,3,1,31,0.8307699434818864
LSTM,3,1,32,0.8307564017928495
LSTM,3,1,33,0.8306270413008733
LSTM,3,1,34,0.8305903336769321
LSTM,3,1,35,0.8304378040305768
LSTM,3,1,36,0.8302273595941579
LSTM,3,1,37,0.8299589983553013
LSTM,3,1,38,0.829621135781878
LSTM,3,1,39,0.8292369347664937
LSTM,3,1,40,0.828760062547055
LSTM,3,1,41,0.8283179280468876
LSTM,3,1,42,0.8278062849663512
LSTM,3,1,43,0.8271324653662605
LSTM,3,1,44,0.8264586301560274
LSTM,3,1,45,0.8258426966292135
LSTM,3,1,46,0.8252846667979474
LSTM,3,1,47,0.8247034565841905
LSTM,3,1,48,0.8240527297369306
LSTM,3,1,49,0.823344067835878
LSTM,3,1,50,0.8226006371271358
LSTM,3,1,51,0.8217760993466475
LSTM,3,1,52,0.8210210488514069
LSTM,3,1,53,0.820196473668358
LSTM,3,1,54,0.8193023713812397
LSTM,3,1,55,0.8184545875810936
LSTM,3,1,56,0.8177226334874129
LSTM,3,1,57,0.8168632266734632
LSTM,3,1,58,0.8158531923027909
LSTM,3,1,59,0.8148778905417304
LSTM,3,1,60,0.8138330533510977
LSTM,4,1,-60,0.7920060244453455
LSTM,4,1,-59,0.7925181889800269
LSTM,4,1,-58,0.7930419268510259
LSTM,4,1,-57,0.7935656525869459
LSTM,4,1,-56,0.7941241209930606
LSTM,4,1,-55,0.7946362372567192
LSTM,4,1,-54,0.7951367569884501
LSTM,4,1,-53,0.7956488496559394
LSTM,4,1,-52,0.7961145928663276
LSTM,4,1,-51,0.7966266623418748
LSTM,4,1,-50,0.7971850564726325
LSTM,4,1,-49,0.7976160137154508
LSTM,4,1,-48,0.7980237932512424
LSTM,4,1,-47,0.7984431470670003
LSTM,4,1,-46,0.7988624911675103
LSTM,4,1,-45,0.7992123248001853
LSTM,4,1,-44,0.7995737336530331
LSTM,4,1,-43,0.7999003845619237
LSTM,4,1,-42,0.8002270279035827
LSTM,4,1,-41,0.8005536636782727
LSTM,4,1,-40,0.8009034574622111
LSTM,4,1,-39,0.8012995737583395
LSTM,4,1,-38,0.801788341035709
LSTM,4,1,-37,0.8022886793764044
LSTM,4,1,-36,0.802800588378369
LSTM,4,1,-35,0.8032314107018763
LSTM,4,1,-34,0.8036853870119642
LSTM,4,1,-33,0.8041740983530611
LSTM,4,1,-32,0.8047438703774481
LSTM,4,1,-31,0.8053136292041138
LSTM,4,1,-30,0.8059760264056981
LSTM,4,1,-29,0.8066268269520303
LSTM,4,1,-28,0.8072660312460189
LSTM,4,1,-27,0.8077315050724974
LSTM,4,1,-26,0.8082201299378106
LSTM,4,1,-25,0.8088361320208454
LSTM,4,1,-24,0.8094405391946822
LSTM,4,1,-23,0.8099986103390773
LSTM,4,1,-22,0.8104177040751335
LSTM,4,1,-21,0.8109294300206128
LSTM,4,1,-20,0.8113832435875167
LSTM,4,1,-19,0.8119412663856593
LSTM,4,1,-18,0.8123950577254884
LSTM,4,1,-17,0.8129530558836472
LSTM,4,1,-16,0.8134299841359904
LSTM,4,1,-15,0.814057433997221
LSTM,4,1,-14,0.8145806556200137
LSTM,4,1,-13,0.8152196567934972
LSTM,4,1,-12,0.815997591561201
LSTM,4,1,-11,0.8167523505164189
LSTM,4,1,-10,0.8174144618769177
LSTM,4,1,-9,0.8181460296876085
LSTM,4,1,-8,0.8190281010108027
LSTM,4,1,-7,0.8200375138940348
LSTM,4,1,-6,0.8210237469462422
LSTM,4,1,-5,0.8219752228783143
LSTM,4,1,-4,0.8229961445392551
LSTM,4,1,-3,0.8238781086463206
LSTM,4,1,-2,0.8248063630995798
LSTM,4,1,-1,0.8258156389654294
LSTM,4,1,0,0.8267554269175108
LSTM,4,1,1,0.8274943848843402
LSTM,4,1,2,0.8282217822699223
LSTM,4,1,3,0.8289839299773074
LSTM,4,1,4,0.8298155630940941
LSTM,4,1,5,0.8305777469028598
LSTM,4,1,6,0.8312589007630052
LSTM,4,1,7,0.8321600592812153
LSTM,4,1,8,0.8329570321997986
LSTM,4,1,9,0.8337771808350508
LSTM,4,1,10,0.8346899785792856
LSTM,4,1,11,0.8356606919549813
LSTM,4,1,12,0.8367124810393339
LSTM,4,1,13,0.8377411361478428
LSTM,4,1,14,0.8385845462650965
LSTM,4,1,15,0.8395785085687818
LSTM,4,1,16,0.8404682777707013
LSTM,4,1,17,0.8412770096574724
LSTM,4,1,18,0.8419352223907732
LSTM,4,1,19,0.8426513502246514
LSTM,4,1,20,0.8433443344334434
LSTM,4,1,21,0.8440489149315608
LSTM,4,1,22,0.8444987435294663
LSTM,4,1,23,0.8449717435612377
LSTM,4,1,24,0.8455142383990921
LSTM,4,1,25,0.8460104226983208
LSTM,4,1,26,0.8466687512304717
LSTM,4,1,27,0.8471070551720943
LSTM,4,1,28,0.8475106257310618
LSTM,4,1,29,0.8480300187617261
LSTM,4,1,30,0.8483757021251954
LSTM,4,1,31,0.8485708329472806
LSTM,4,1,32,0.8488933671519405
LSTM,4,1,33,0.8491348358852007
LSTM,4,1,34,0.8492373264150288
LSTM,4,1,35,0.8492471623812833
LSTM,4,1,36,0.8493033275808152
LSTM,4,1,37,0.8492320878408117
LSTM,4,1,38,0.8492419240881661
LSTM,4,1,39,0.8492749258710156
LSTM,4,1,40,0.8492731800544391
LSTM,4,1,41,0.8492714341974194
LSTM,4,1,42,0.8492001899621234
LSTM,4,1,43,0.8491405272668304
LSTM,4,1,44,0.8492314464097486
LSTM,4,1,45,0.8492412834472374
LSTM,4,1,46,0.849123701189635
LSTM,4,1,47,0.8491103697525716
LSTM,4,1,48,0.84899278325437
LSTM,4,1,49,0.8486435141208906
LSTM,4,1,50,0.8483405734144223
LSTM,4,1,51,0.8480492099531995
LSTM,4,1,52,0.8477346709451711
LSTM,4,1,53,0.847315863858576
LSTM,4,1,54,0.8469086317350355
LSTM,4,1,55,0.8464087117701575
LSTM,4,1,56,0.845966704896952
LSTM,4,1,57,0.8455941981973633
LSTM,4,1,58,0.845094245629482
LSTM,4,1,59,0.8445942814773623
LSTM,4,1,60,0.8439900364942362
LSTM,5,1,-60,0.787591959682558
LSTM,5,1,-59,0.7880694193428797
LSTM,5,1,-58,0.7885236975335101
LSTM,5,1,-57,0.7889547950601266
LSTM,5,1,-56,0.7894322223380715
LSTM,5,1,-55,0.7899907321594068
LSTM,5,1,-54,0.7904681363746945
LSTM,5,1,-53,0.7909918676583026
LSTM,5,1,-52,0.7914808336132896
LSTM,5,1,-51,0.7920161252953988
LSTM,5,1,-50,0.7925977410947003
LSTM,5,1,-49,0.7931793434191321
LSTM,5,1,-48,0.7937840999918913
LSTM,5,1,-47,0.79435409137244
LSTM,5,1,-46,0.7947503156529092
LSTM,5,1,-45,0.7951812811305455
LSTM,5,1,-44,0.7957628198445518
LSTM,5,1,-43,0.7963675114673586
LSTM,5,1,-42,0.796867941575064
LSTM,5,1,-41,0.7974726063891399
LSTM,5,1,-40,0.7979845948919905
LSTM,5,1,-39,0.7984270756115641
LSTM,5,1,-38,0.7988927111203771
LSTM,5,1,-37,0.7992888415298015
LSTM,5,1,-36,0.799789203025284
LSTM,5,1,-35,0.8002432244614316
LSTM,5,1,-34,0.8006972353806419
LSTM,5,1,-33,0.8011512357832804
LSTM,5,1,-32,0.8016978793880222
LSTM,5,1,-31,0.8022560919114241
LSTM,5,1,-30,0.8028027100584864
LSTM,5,1,-29,0.8033145716072545
LSTM,5,1,-28,0.803814840121834
LSTM,5,1,-27,0.8043730022698846
LSTM,5,1,-26,0.8050585415001911
LSTM,5,1,-25,0.8056745801968732
LSTM,5,1,-24,0.8064527336104967
LSTM,5,1,-23,0.8072887715397443
LSTM,5,1,-22,0.808032147117066
LSTM,5,1,-21,0.8087870857169326
LSTM,5,1,-20,0.809599907359157
LSTM,5,1,-19,0.8104127101764788
LSTM,5,1,-18,0.8112602336811144
LSTM,5,1,-17,0.8121656360730911
LSTM,5,1,-16,0.8129436422376359
LSTM,5,1,-15,0.8137100509495137
LSTM,5,1,-14,0.8144185454082282
LSTM,5,1,-13,0.8150807067923392
LSTM,5,1,-12,0.815789168972824
LSTM,5,1,-11,0.8164976147468853
LSTM,5,1,-10,0.8173102529960053
LSTM,5,1,-9,0.8181807655790473
LSTM,5,1,-8,0.8190049440179699
LSTM,5,1,-7,0.819771211559837
LSTM,5,1,-6,0.8205490395859626
LSTM,5,1,-5,0.8214657867315039
LSTM,5,1,-4,0.8224751363304813
LSTM,5,1,-3,0.8235770851664891
LSTM,5,1,-2,0.8246790084864483
LSTM,5,1,-1,0.8257230185009378
LSTM,5,1,0,0.8265933429811867
LSTM,5,1,1,0.8275175400004631
LSTM,5,1,2,0.8285228022645966
LSTM,5,1,3,0.8295628212846756
LSTM,5,1,4,0.8306375982679371
LSTM,5,1,5,0.8315618849137432
LSTM,5,1,6,0.8324514582778543
LSTM,5,1,7,0.8332715820674323
LSTM,5,1,8,0.8340338323665288
LSTM,5,1,9,0.8347613644258157
LSTM,5,1,10,0.8354425982747641
LSTM,5,1,11,0.8360427956092816
LSTM,5,1,12,0.8366082697451455
LSTM,5,1,13,0.8371042819758691
LSTM,5,1,14,0.8376234642952258
LSTM,5,1,15,0.8381889763779528
LSTM,5,1,16,0.8386618650053845
LSTM,5,1,17,0.8391231848815396
LSTM,5,1,18,0.8396539944648378
LSTM,5,1,19,0.8400458566862754
LSTM,5,1,20,0.8404145677725667
LSTM,5,1,21,0.8408411885957802
LSTM,5,1,22,0.8411520155640221
LSTM,5,1,23,0.8414975912544006
LSTM,5,1,24,0.8417621104561614
LSTM,5,1,25,0.8418645049218297
LSTM,5,1,26,0.8418047690187495
LSTM,5,1,27,0.8417797748645017
LSTM,5,1,28,0.8415463189224872
LSTM,5,1,29,0.8414055080721747
LSTM,5,1,30,0.8413805084255024
LSTM,5,1,31,0.8412165292319096
LSTM,5,1,32,0.8410525462399963
LSTM,5,1,33,0.8409580505431887
LSTM,5,1,34,0.8409214625728217
LSTM,5,1,35,0.8408617095205003
LSTM,5,1,36,0.8408019550840292
LSTM,5,1,37,0.840707452106836
LSTM,5,1,38,0.8405897819011547
LSTM,5,1,39,0.8403331171237954
LSTM,5,1,40,0.8400185324607633
LSTM,5,1,41,0.8394954479115991
LSTM,5,1,42,0.8388912698504627
LSTM,5,1,43,0.8382059954593893
LSTM,5,1,44,0.8375322885174503
LSTM,5,1,45,0.836800648673694
LSTM,5,1,46,0.8361153262518968
LSTM,5,1,47,0.8354299879529238
LSTM,5,1,48,0.8346635467466725
LSTM,5,1,49,0.8338275838102078
LSTM,5,1,50,0.8330379380249059
LSTM,5,1,51,0.8322251054168018
LSTM,5,1,52,0.831516513559538
LSTM,5,1,53,0.8307731516878664
LSTM,5,1,54,0.8300181879264605
LSTM,5,1,55,0.829309545875811
LSTM,5,1,56,0.8285545476662148
LSTM,5,1,57,0.8276952663407401
LSTM,5,1,58,0.8268359651053674
LSTM,5,1,59,0.8258492052458408
LSTM,5,1,60,0.8248160806348839
LSTM,6,1,-60,0.757655100503968
LSTM,6,1,-59,0.7578896149033783
LSTM,6,1,-58,0.7581704646825075
LSTM,6,1,-57,0.7583470423318427
LSTM,6,1,-56,0.7585236158898968
LSTM,6,1,-55,0.7587812789620019
LSTM,6,1,-54,0.7591316133965084
LSTM,6,1,-53,0.759435601584764
LSTM,6,1,-52,0.7597859203225097
LSTM,6,1,-51,0.7600551410963348
LSTM,6,1,-50,0.7602780191138141
LSTM,6,1,-49,0.7605240599587609
LSTM,6,1,-48,0.7607353435194087
LSTM,6,1,-47,0.7609350384579743
LSTM,6,1,-46,0.7612737318861564
LSTM,6,1,-45,0.7615545001737519
LSTM,6,1,-44,0.7618468452815327
LSTM,6,1,-43,0.7621276004262614
LSTM,6,1,-42,0.7624894304611215
LSTM,6,1,-41,0.7628049204253249
LSTM,6,1,-40,0.7632593965367463
LSTM,6,1,-39,0.7636443661971831
LSTM,6,1,-38,0.7640756570184278
LSTM,6,1,-37,0.7644258611503625
LSTM,6,1,-36,0.7648108039240668
LSTM,6,1,-35,0.7651725735464443
LSTM,6,1,-34,0.765569080738004
LSTM,6,1,-33,0.7660813972342545
LSTM,6,1,-32,0.7665357932895545
LSTM,6,1,-31,0.7669785972389511
LSTM,6,1,-30,0.767537205396954
LSTM,6,1,-29,0.7680263127417599
LSTM,6,1,-28,0.7684806652228797
LSTM,6,1,-27,0.769016074489276
LSTM,6,1,-26,0.7695398904445911
LSTM,6,1,-25,0.7700868558193399
LSTM,6,1,-24,0.770668550451066
LSTM,6,1,-23,0.7712849731332222
LSTM,6,1,-22,0.772005604900814
LSTM,6,1,-21,0.772818861894064
LSTM,6,1,-20,0.7735394592090789
LSTM,6,1,-19,0.7743758395479179
LSTM,6,1,-18,0.7753048392139607
LSTM,6,1,-17,0.7760948609277658
LSTM,6,1,-16,0.7768617052073322
LSTM,6,1,-15,0.7777211672070403
LSTM,6,1,-14,0.7786153472053358
LSTM,6,1,-13,0.7795558231629652
LSTM,6,1,-12,0.7804731192756157
LSTM,6,1,-11,0.7814598675373998
LSTM,6,1,-10,0.7822960690094367
LSTM,6,1,-9,0.7831901442697358
LSTM,6,1,-8,0.7841189343151899
LSTM,6,1,-7,0.7850477028529085
LSTM,6,1,-6,0.7859648716553393
LSTM,6,1,-5,0.7869051754081279
LSTM,6,1,-4,0.7878454573873175
LSTM,6,1,-3,0.7888204510721067
LSTM,6,1,-2,0.7897606891042339
LSTM,6,1,-1,0.7906777502489175
LSTM,6,1,0,0.7916410998552822
LSTM,6,1,1,0.7925880473290574
LSTM,6,1,2,0.7936160605744851
LSTM,6,1,3,0.7945283193627565
LSTM,6,1,4,0.7953711315140498
LSTM,6,1,5,0.7961792288989232
LSTM,6,1,6,0.796859984485174
LSTM,6,1,7,0.797633382734346
LSTM,6,1,8,0.7983141709217642
LSTM,6,1,9,0.7990297107658106
LSTM,6,1,10,0.7998263185318126
LSTM,6,1,11,0.8005071557593442
LSTM,6,1,12,0.8012227458518115
LSTM,6,1,13,0.802019406683495
LSTM,6,1,14,0.8027466101596785
LSTM,6,1,15,0.8033696155627605
LSTM,6,1,16,0.8039463171180768
LSTM,6,1,17,0.8044419741077838
LSTM,6,1,18,0.8050418611114327
LSTM,6,1,19,0.8055375422668952
LSTM,6,1,20,0.805940594059406
LSTM,6,1,21,0.8062510132709545
LSTM,6,1,22,0.806468796683381
LSTM,6,1,23,0.8067213266629609
LSTM,6,1,24,0.8070780882676518
LSTM,6,1,25,0.8073422119281992
LSTM,6,1,26,0.8076179226163592
LSTM,6,1,27,0.8078473155139667
LSTM,6,1,28,0.8079956454769708
LSTM,6,1,29,0.8081208162508976
LSTM,6,1,30,0.8082344084776188
LSTM,6,1,31,0.8083711664968035
LSTM,6,1,32,0.8085079276837729
LSTM,6,1,33,0.8086215283407843
LSTM,6,1,34,0.8087119676631033
LSTM,6,1,35,0.8087676627287468
LSTM,6,1,36,0.8089507638494771
LSTM,6,1,37,0.8092728578378002
LSTM,6,1,38,0.8094675515711688
LSTM,6,1,39,0.8095464232765011
LSTM,6,1,40,0.8096832107488272
LSTM,6,1,41,0.8096578404799963
LSTM,6,1,42,0.8097019679612663
LSTM,6,1,43,0.8096302645600705
LSTM,6,1,44,0.8096859760688513
LSTM,6,1,45,0.8095911039036257
LSTM,6,1,46,0.8094035607964879
LSTM,6,1,47,0.8089380038921323
LSTM,6,1,48,0.8084492684791549
LSTM,6,1,49,0.8080416097120219
LSTM,6,1,50,0.8075760208514335
LSTM,6,1,51,0.8070988369399008
LSTM,6,1,52,0.8065521355837958
LSTM,6,1,53,0.8061096823521234
LSTM,6,1,54,0.8056208802029634
LSTM,6,1,55,0.8050046339202965
LSTM,6,1,56,0.8043999582942342
LSTM,6,1,57,0.8036794179661253
LSTM,6,1,58,0.8029241053326691
LSTM,6,1,59,0.8021224338477223
LSTM,6,1,60,0.8013555002027457
LSTM,7,2,-60,0.7001679893413659
LSTM,7,2,-59,0.6998586588813198
LSTM,7,2,-58,0.699491409571695
LSTM,7,2,-57,0.6991473389096133
LSTM,7,2,-56,0.6987801063497029
LSTM,7,2,-55,0.6982970342910102
LSTM,7,2,-54,0.6978950660905225
LSTM,7,2,-53,0.6974467690739324
LSTM,7,2,-52,0.6968710540643861
LSTM,7,2,-51,0.6963069366572447
LSTM,7,2,-50,0.6958007529684332
LSTM,7,2,-49,0.6952134930380187
LSTM,7,2,-48,0.6947652530494515
LSTM,7,2,-47,0.6942706885367436
LSTM,7,2,-46,0.6938108862607003
LSTM,7,2,-45,0.6933047608015753
LSTM,7,2,-44,0.6926943971458688
LSTM,7,2,-43,0.6922114627252931
LSTM,7,2,-42,0.6918327869991776
LSTM,7,2,-41,0.6914077883568467
LSTM,7,2,-40,0.6909943823478312
LSTM,7,2,-39,0.6905578206078576
LSTM,7,2,-38,0.6901791815791607
LSTM,7,2,-37,0.689684727466469
LSTM,7,2,-36,0.6892945250697831
LSTM,7,2,-35,0.6889969886495252
LSTM,7,2,-34,0.6886762951552565
LSTM,7,2,-33,0.6883324453915823
LSTM,7,2,-32,0.6879654401630706
LSTM,7,2,-31,0.6875521171129436
LSTM,7,2,-30,0.6871503850830969
LSTM,7,2,-29,0.6866675931716583
LSTM,7,2,-28,0.6862427183341633
LSTM,7,2,-27,0.6857715291610692
LSTM,7,2,-26,0.6853350936316576
LSTM,7,2,-25,0.684968152866242
LSTM,7,2,-24,0.6845896399578465
LSTM,7,2,-23,0.6842342968315731
LSTM,7,2,-22,0.6838326404409806
LSTM,7,2,-21,0.6834194131134632
LSTM,7,2,-20,0.682936714724104
LSTM,7,2,-19,0.6824887674278568
LSTM,7,2,-18,0.6819134522968607
LSTM,7,2,-17,0.6814423678176892
LSTM,7,2,-16,0.6810407716624787
LSTM,7,2,-15,0.6806391848077814
LSTM,7,2,-14,0.6801912900499067
LSTM,7,2,-13,0.67963919316366
LSTM,7,2,-12,0.6791450042263469
LSTM,7,2,-11,0.6786971423278217
LSTM,7,2,-10,0.6782261332715799
LSTM,7,2,-9,0.6776856633397402
LSTM,7,2,-8,0.6771452059235588
LSTM,7,2,-7,0.6766626528343831
LSTM,7,2,-6,0.6760643286364321
LSTM,7,2,-5,0.6754197059164062
LSTM,7,2,-4,0.6747866760834076
LSTM,7,2,-3,0.6743041726485435
LSTM,7,2,-2,0.6736595926967919
LSTM,7,2,-1,0.6729687174381179
LSTM,7,2,0,0.6723473227206946
LSTM,7,2,1,0.6717993840739112
LSTM,7,2,2,0.6712861658157063
LSTM,7,2,3,0.6708771361089242
LSTM,7,2,4,0.6704333630500978
LSTM,7,2,5,0.6700358920921616
LSTM,7,2,6,0.6695920990170084
LSTM,7,2,7,0.6691367173027047
LSTM,7,2,8,0.6688318454965438
LSTM,7,2,9,0.6684806521084686
LSTM,7,2,10,0.6680947142939848
LSTM,7,2,11,0.6677435042378769
LSTM,7,2,12,0.6673807070157359
LSTM,7,2,13,0.667029480558579
LSTM,7,2,14,0.6667245631708757
LSTM,7,2,15,0.6664543770264011
LSTM,7,2,16,0.6661147072105976
LSTM,7,2,17,0.6657518701220501
LSTM,7,2,18,0.6653658649559387
LSTM,7,2,19,0.6649914308212516
LSTM,7,2,20,0.6647327890683805
LSTM,7,2,21,0.6645088820436806
LSTM,7,2,22,0.6643197109538753
LSTM,7,2,23,0.6641536964980544
LSTM,7,2,24,0.6639529362717281
LSTM,7,2,25,0.6636942675159235
LSTM,7,2,26,0.663400850038796
LSTM,7,2,27,0.6630842636772132
LSTM,7,2,28,0.6627213452696677
LSTM,7,2,29,0.6623815810807681
LSTM,7,2,30,0.6619839017893335
LSTM,7,2,31,0.6614935606411563
LSTM,7,2,32,0.6609568812758417
LSTM,7,2,33,0.6603622802344167
LSTM,7,2,34,0.6598487393011432
LSTM,7,2,35,0.6593699328237201
LSTM,7,2,36,0.6589142797576993
LSTM,7,2,37,0.6584354513655633
LSTM,7,2,38,0.65796819440101
LSTM,7,2,39,0.6575009266123054
LSTM,7,2,40,0.6569988996351421
LSTM,7,2,41,0.6566011073273565
LSTM,7,2,42,0.65622647191688
LSTM,7,2,43,0.6558286614465089
LSTM,7,2,44,0.6552918418644519
LSTM,7,2,45,0.654812927140044
LSTM,7,2,46,0.6544730044365161
LSTM,7,2,47,0.654028820313224
LSTM,7,2,48,0.6536077936219259
LSTM,7,2,49,0.6531404211940782
LSTM,7,2,50,0.6527425427164785
LSTM,7,2,51,0.6522983179648765
LSTM,7,2,52,0.6517845765323262
LSTM,7,2,53,0.6513403303908621
LSTM,7,2,54,0.6509308279561172
LSTM,7,2,55,0.6504981464318814
LSTM,7,2,56,0.6500770398174214
LSTM,7,2,57,0.6495864130308858
LSTM,7,2,58,0.6491768712999757
LSTM,7,2,59,0.6487904907549006
LSTM,7,2,60,0.6484736140879337
LSTM,8,2,-60,0.491270346984881
LSTM,8,2,-59,0.4906042912090458
LSTM,8,2,-58,0.48985715444234623
LSTM,8,2,-57,0.48914479019439744
LSTM,8,2,-56,0.488420857516885
LSTM,8,2,-55,0.48758109360519
LSTM,8,2,-54,0.4867876878164062
LSTM,8,2,-53,0.48599430041009245
LSTM,8,2,-52,0.48523568458000765
LSTM,8,2,-51,0.48459292896529355
LSTM,8,2,-50,0.4838343469446858
LSTM,8,2,-49,0.4832263744410722
LSTM,8,2,-48,0.4826299998841614
LSTM,8,2,-47,0.4820799740524511
LSTM,8,2,-46,0.4816342133002815
LSTM,8,2,-45,0.4813158809220433
LSTM,8,2,-44,0.4810438892170831
LSTM,8,2,-43,0.4807024046703424
LSTM,8,2,-42,0.4804420094286078
LSTM,8,2,-41,0.4801816202191489
LSTM,8,2,-40,0.47986332310187063
LSTM,8,2,-39,0.4796492772424018
LSTM,8,2,-38,0.47941207130199104
LSTM,8,2,-37,0.4790590470013204
LSTM,8,2,-36,0.47865970187285006
LSTM,8,2,-35,0.4782719481121149
LSTM,8,2,-34,0.47777996548569046
LSTM,8,2,-33,0.4773806490468138
LSTM,8,2,-32,0.4768771064243772
LSTM,8,2,-31,0.47625775965903827
LSTM,8,2,-30,0.47578898604435693
LSTM,8,2,-29,0.4751812475389711
LSTM,8,2,-28,0.4745966854667794
LSTM,8,2,-27,0.47391948858109045
LSTM,8,2,-26,0.4733002119306535
LSTM,8,2,-25,0.47284308048639256
LSTM,8,2,-24,0.4723164757790877
LSTM,8,2,-23,0.4718709468223087
LSTM,8,2,-22,0.47144858893147895
LSTM,8,2,-21,0.470887277948908
LSTM,8,2,-20,0.4703259799664177
LSTM,8,2,-19,0.4697415350409931
LSTM,8,2,-18,0.46927290202299754
LSTM,8,2,-17,0.46890849718613214
LSTM,8,2,-16,0.46860199863361085
LSTM,8,2,-15,0.4683649837887911
LSTM,8,2,-14,0.4680121814244856
LSTM,8,2,-13,0.46769412473078437
LSTM,8,2,-12,0.4673529173372856
LSTM,8,2,-11,0.4670117178453985
LSTM,8,2,-10,0.46669368378394027
LSTM,8,2,-9,0.4663872357177593
LSTM,8,2,-8,0.46604605925874465
LSTM,8,2,-7,0.46571646906261577
LSTM,8,2,-6,0.46536373004202897
LSTM,8,2,-5,0.4650109991895334
LSTM,8,2,-4,0.4647740561067951
LSTM,8,2,-3,0.46451396285833374
LSTM,8,2,-2,0.46430018640084286
LSTM,8,2,-1,0.4641095700094936
LSTM,8,2,0,0.46393053545586105
LSTM,8,2,1,0.46375066570958856
LSTM,8,2,2,0.4635129033378486
LSTM,8,2,3,0.4632867132867133
LSTM,8,2,4,0.46312998575910896
LSTM,8,2,5,0.46289220794257263
LSTM,8,2,6,0.4625502205652491
LSTM,8,2,7,0.46223138199333086
LSTM,8,2,8,0.46192411453448656
LSTM,8,2,9,0.46158210406873074
LSTM,8,2,10,0.46125166444740345
LSTM,8,2,11,0.46094437497105273
LSTM,8,2,12,0.46064865741115985
LSTM,8,2,13,0.4604339871702832
LSTM,8,2,14,0.46021931195794397
LSTM,8,2,15,0.46000463177396944
LSTM,8,2,16,0.4598594240322375
LSTM,8,2,17,0.4596447347090021
LSTM,8,2,18,0.45938372106488184
LSTM,8,2,19,0.4591458613182639
LSTM,8,2,20,0.4588269353251115
LSTM,8,2,21,0.4585427426639183
LSTM,8,2,22,0.4582701237941936
LSTM,8,2,23,0.45803224013340743
LSTM,8,2,24,0.4578985767391229
LSTM,8,2,25,0.45768384481760277
LSTM,8,2,26,0.4575154315626122
LSTM,8,2,27,0.4573470144068189
LSTM,8,2,28,0.45706278156739666
LSTM,8,2,29,0.4567901234567901
LSTM,8,2,30,0.4565522033702009
LSTM,8,2,31,0.4563374409339387
LSTM,8,2,32,0.4562037455265627
LSTM,8,2,33,0.45601213777767485
LSTM,8,2,34,0.4558321075734587
LSTM,8,2,35,0.45564049108176974
LSTM,8,2,36,0.4552403896269357
LSTM,8,2,37,0.45484027890384304
LSTM,8,2,38,0.45442857639250844
LSTM,8,2,39,0.4540747776130467
LSTM,8,2,40,0.45368622227370126
LSTM,8,2,41,0.4534250700766789
LSTM,8,2,42,0.45311757960455445
LSTM,8,2,43,0.4528448315804105
LSTM,8,2,44,0.4525952438869004
LSTM,8,2,45,0.45221823236418396
LSTM,8,2,46,0.4519570480371602
LSTM,8,2,47,0.45184644611250113
LSTM,8,2,48,0.45179376093226914
LSTM,8,2,49,0.4517179065403239
LSTM,8,2,50,0.45144512018534605
LSTM,8,2,51,0.45129975441360454
LSTM,8,2,52,0.45103854129258714
LSTM,8,2,53,0.4507541530548412
LSTM,8,2,54,0.45049292756108017
LSTM,8,2,55,0.45019694161260426
LSTM,8,2,56,0.449970458415876
LSTM,8,2,57,0.4496512894181978
LSTM,8,2,58,0.4493089426184877
LSTM,8,2,59,0.4490245145743547
LSTM,8,2,60,0.44883276371430225
LSTM,9,2,-60,0.7191913340670799
LSTM,9,2,-59,0.7184183697112934
LSTM,9,2,-58,0.7175643268417577
LSTM,9,2,-57,0.7167798141754906
LSTM,9,2,-56,0.7158678854018234
LSTM,9,2,-55,0.7148632993512511
LSTM,9,2,-54,0.7140209219077629
LSTM,9,2,-53,0.7131669794490396
LSTM,9,2,-52,0.7123014723770027
LSTM,9,2,-51,0.7115054909411056
LSTM,9,2,-50,0.7108137851143933
LSTM,9,2,-49,0.7100410073442531
LSTM,9,2,-48,0.7093029990617072
LSTM,9,2,-47,0.7084955055138541
LSTM,9,2,-46,0.707711197859352
LSTM,9,2,-45,0.7069269083748407
LSTM,9,2,-44,0.7058993872421262
LSTM,9,2,-43,0.7050108881990456
LSTM,9,2,-42,0.7041224097390337
LSTM,9,2,-41,0.7032107860170964
LSTM,9,2,-40,0.7024960908090577
LSTM,9,2,-39,0.7017350815418829
LSTM,9,2,-38,0.7010088374625016
LSTM,9,2,-37,0.7002246982788575
LSTM,9,2,-36,0.6993942482539756
LSTM,9,2,-35,0.6987259671067871
LSTM,9,2,-34,0.6981040293719091
LSTM,9,2,-33,0.697424196798777
LSTM,9,2,-32,0.6967559616876875
LSTM,9,2,-31,0.6960877420550357
LSTM,9,2,-30,0.695442700793329
LSTM,9,2,-29,0.6948671623468371
LSTM,9,2,-28,0.6944190301921317
LSTM,9,2,-27,0.6938319358873396
LSTM,9,2,-26,0.6932680170007759
LSTM,9,2,-25,0.6926230457440649
LSTM,9,2,-24,0.6921054764855068
LSTM,9,2,-23,0.6915763387066889
LSTM,9,2,-22,0.6910587935566801
LSTM,9,2,-21,0.6905180999143062
LSTM,9,2,-20,0.6898731978461004
LSTM,9,2,-19,0.6892283107137894
LSTM,9,2,-18,0.6886413377027919
LSTM,9,2,-17,0.6881585956136085
LSTM,9,2,-16,0.6878032399634085
LSTM,9,2,-15,0.687471051412691
LSTM,9,2,-14,0.6869651810423687
LSTM,9,2,-13,0.6865866932215557
LSTM,9,2,-12,0.6862313722311638
LSTM,9,2,-11,0.6857371126858414
LSTM,9,2,-10,0.6853586522318069
LSTM,9,2,-9,0.6848180997151657
LSTM,9,2,-8,0.6844280801695092
LSTM,9,2,-7,0.6840843831048536
LSTM,9,2,-6,0.6836596464009077
LSTM,9,2,-5,0.6832580757207364
LSTM,9,2,-4,0.6828912482198887
LSTM,9,2,-3,0.6824896957347288
LSTM,9,2,-2,0.6820881525476712
LSTM,9,2,-1,0.6817213513325769
LSTM,9,2,0,0.6813082489146165
LSTM,9,2,1,0.6809456549424595
LSTM,9,2,2,0.6805367418058884
LSTM,9,2,3,0.680197286157551
LSTM,9,2,4,0.6796609973254912
LSTM,9,2,5,0.6791478522635174
LSTM,9,2,6,0.6785999606340238
LSTM,9,2,7,0.678040477954798
LSTM,9,2,8,0.6774462468303866
LSTM,9,2,9,0.6768404233147304
LSTM,9,2,10,0.6762461645342442
LSTM,9,2,11,0.6756982075864943
LSTM,9,2,12,0.6751618169818093
LSTM,9,2,13,0.6746254139552118
LSTM,9,2,14,0.6742163708155302
LSTM,9,2,15,0.6737031032885595
LSTM,9,2,16,0.6731666647367385
LSTM,9,2,17,0.6724912573241623
LSTM,9,2,18,0.6719895318271825
LSTM,9,2,19,0.6715456945666775
LSTM,9,2,20,0.6710555266052921
LSTM,9,2,21,0.6707158904046135
LSTM,9,2,22,0.6703530855905412
LSTM,9,2,23,0.6699207893274041
LSTM,9,2,24,0.6695232249771282
LSTM,9,2,25,0.6690793283149971
LSTM,9,2,26,0.6686585831914672
LSTM,9,2,27,0.6682378283226016
LSTM,9,2,28,0.6678749695994071
LSTM,9,2,29,0.6673847080351145
LSTM,9,2,30,0.6669407609010365
LSTM,9,2,31,0.6664968034837394
LSTM,9,2,32,0.6661107443568095
LSTM,9,2,33,0.6656204396469853
LSTM,9,2,34,0.665025885732155
LSTM,9,2,35,0.6645355570998378
LSTM,9,2,36,0.6640336348579436
LSTM,9,2,37,0.6636243600732007
LSTM,9,2,38,0.6631339981699619
LSTM,9,2,39,0.6627362861378799
LSTM,9,2,40,0.6622574853767301
LSTM,9,2,41,0.6618134222901754
LSTM,9,2,42,0.6613925150290155
LSTM,9,2,43,0.6610642635407497
LSTM,9,2,44,0.66078233774658
LSTM,9,2,45,0.6604656550445963
LSTM,9,2,46,0.6600794634479723
LSTM,9,2,47,0.6596353442683718
LSTM,9,2,48,0.6591912147995412
LSTM,9,2,49,0.6588397470055372
LSTM,9,2,50,0.6584651028091515
LSTM,9,2,51,0.6581136184606831
LSTM,9,2,52,0.6576694507836846
LSTM,9,2,53,0.6573411181390607
LSTM,9,2,54,0.6569548545545116
LSTM,9,2,55,0.656672845227062
LSTM,9,2,56,0.6562981498858884
LSTM,9,2,57,0.655992956277949
LSTM,9,2,58,0.6557225112086843
LSTM,9,2,59,0.6554752305482182
LSTM,9,2,60,0.6552742860452992
LSTM,10,2,-60,0.7948328795690205
LSTM,10,2,-59,0.7952291579776635
LSTM,10,2,-58,0.7955906715942398
LSTM,10,2,-57,0.7959753469728215
LSTM,10,2,-56,0.7963368435686233
LSTM,10,2,-55,0.7967562557924004
LSTM,10,2,-54,0.7971756582986759
LSTM,10,2,-53,0.7974792057644633
LSTM,10,2,-52,0.7978174993918191
LSTM,10,2,-51,0.7981905379732172
LSTM,10,2,-50,0.7985519837822184
LSTM,10,2,-49,0.7988902532261427
LSTM,10,2,-48,0.7993211857240492
LSTM,10,2,-47,0.799798443147067
LSTM,10,2,-46,0.8002872731063722
LSTM,10,2,-45,0.800764508282173
LSTM,10,2,-44,0.8012648990513257
LSTM,10,2,-43,0.8017768614187092
LSTM,10,2,-42,0.8023119780385253
LSTM,10,2,-41,0.8027775847290755
LSTM,10,2,-40,0.8031968494816702
LSTM,10,2,-39,0.8037666790214975
LSTM,10,2,-38,0.8043017478022169
LSTM,10,2,-37,0.8047904746461582
LSTM,10,2,-36,0.8053371014257752
LSTM,10,2,-35,0.8057794764883021
LSTM,10,2,-34,0.8062913332020708
LSTM,10,2,-33,0.8068726691529036
LSTM,10,2,-32,0.8074308282084245
LSTM,10,2,-31,0.8080237190771796
LSTM,10,2,-30,0.8086050147663443
LSTM,10,2,-29,0.809255784865541
LSTM,10,2,-28,0.8099297022479067
LSTM,10,2,-27,0.8105804419326447
LSTM,10,2,-26,0.8112774901851788
LSTM,10,2,-25,0.8120555877243776
LSTM,10,2,-24,0.8128799898090352
LSTM,10,2,-23,0.813715953307393
LSTM,10,2,-22,0.8145287366970458
LSTM,10,2,-21,0.8153878222201635
LSTM,10,2,-20,0.816374269005848
LSTM,10,2,-19,0.8172680531752281
LSTM,10,2,-18,0.818115497296108
LSTM,10,2,-17,0.8189166029782996
LSTM,10,2,-16,0.8197524288145995
LSTM,10,2,-15,0.8206692913385827
LSTM,10,2,-14,0.8215398154259446
LSTM,10,2,-13,0.8224334776869456
LSTM,10,2,-12,0.8233734353832081
LSTM,10,2,-11,0.8243481080079663
LSTM,10,2,-10,0.8253227580617148
LSTM,10,2,-9,0.8263089641757173
LSTM,10,2,-8,0.827248833466486
LSTM,10,2,-7,0.8281307891811782
LSTM,10,2,-6,0.8289664115597032
LSTM,10,2,-5,0.829755702211416
LSTM,10,2,-4,0.8305218186659874
LSTM,10,2,-3,0.8313342286852221
LSTM,10,2,-2,0.832111886816482
LSTM,10,2,-1,0.8328895269409776
LSTM,10,2,0,0.8336208393632417
LSTM,10,2,1,0.8342904114664135
LSTM,10,2,2,0.8350410429185047
LSTM,10,2,3,0.8357338026212199
LSTM,10,2,4,0.8365192020469834
LSTM,10,2,5,0.8372119949056386
LSTM,10,2,6,0.837893225578622
LSTM,10,2,7,0.8384586884031122
LSTM,10,2,8,0.8388852223650237
LSTM,10,2,9,0.8392770303128546
LSTM,10,2,10,0.8396456898048978
LSTM,10,2,11,0.8399680422398221
LSTM,10,2,12,0.840209348910992
LSTM,10,2,13,0.8404043445033695
LSTM,10,2,14,0.8403909171964197
LSTM,10,2,15,0.8402964335340435
LSTM,10,2,16,0.8401903681144988
LSTM,10,2,17,0.8401190393478312
LSTM,10,2,18,0.8400592887663999
LSTM,10,2,19,0.8398953170596137
LSTM,10,2,20,0.8397197614498292
LSTM,10,2,21,0.8394399796187785
LSTM,10,2,22,0.8391370305606058
LSTM,10,2,23,0.8388572355012044
LSTM,10,2,24,0.8384268856180009
LSTM,10,2,25,0.8379849449913144
LSTM,10,2,26,0.8374850895783391
LSTM,10,2,27,0.8370431278084032
LSTM,10,2,28,0.8364737628406314
LSTM,10,2,29,0.835811734185718
LSTM,10,2,30,0.8350802015171694
LSTM,10,2,31,0.8343486519040119
LSTM,10,2,32,0.8335939219160788
LSTM,10,2,33,0.8327812652011767
LSTM,10,2,34,0.8319454256957877
LSTM,10,2,35,0.8311095668288163
LSTM,10,2,36,0.830296853102306
LSTM,10,2,37,0.8293219671523547
LSTM,10,2,38,0.8283586411387933
LSTM,10,2,39,0.8274416234247591
LSTM,10,2,40,0.8264898361035501
LSTM,10,2,41,0.8256191071883615
LSTM,10,2,42,0.8247946903269897
LSTM,10,2,43,0.8240629198906547
LSTM,10,2,44,0.8232963825277131
LSTM,10,2,45,0.8225761612417468
LSTM,10,2,46,0.8218327560842822
LSTM,10,2,47,0.8210893337040126
LSTM,10,2,48,0.8204849004367116
LSTM,10,2,49,0.819787781201492
LSTM,10,2,50,0.8191601505936866
LSTM,10,2,51,0.8184514155970529
LSTM,10,2,52,0.81773107978175
LSTM,10,2,53,0.8169991427446074
LSTM,10,2,54,0.8163830354143256
LSTM,10,2,55,0.815755329008341
LSTM,10,2,56,0.8150696833837278
LSTM,10,2,57,0.8143956069417735
LSTM,10,2,58,0.813686759271059
LSTM,10,2,59,0.8131053338894295
LSTM,10,2,60,0.8125238950356253
LSTM,11,3,-60,0.7061345073278109
LSTM,11,3,-59,0.7067519347513787
LSTM,11,3,-58,0.7074156886824148
LSTM,11,3,-57,0.7081489376491578
LSTM,11,3,-56,0.7088010750819634
LSTM,11,3,-55,0.7095922150139018
LSTM,11,3,-54,0.7103254132829786
LSTM,11,3,-53,0.7111049326938671
LSTM,11,3,-52,0.7118496808498315
LSTM,11,3,-51,0.712710254390436
LSTM,11,3,-50,0.7135244714740805
LSTM,11,3,-49,0.7143850056761578
LSTM,11,3,-48,0.7151876006347956
LSTM,11,3,-47,0.7160017607265313
LSTM,11,3,-46,0.716711649619479
LSTM,11,3,-45,0.7173867716900266
LSTM,11,3,-44,0.7181545447174248
LSTM,11,3,-43,0.7188759671964046
LSTM,11,3,-42,0.7197132035258823
LSTM,11,3,-41,0.7205040887715153
LSTM,11,3,-40,0.7212833729078589
LSTM,11,3,-39,0.7219931430689399
LSTM,11,3,-38,0.7226334016701993
LSTM,11,3,-37,0.7233894692950961
LSTM,11,3,-36,0.7241571016574202
LSTM,11,3,-35,0.7249131341209173
LSTM,11,3,-34,0.7256575670886369
LSTM,11,3,-33,0.7262630006254198
LSTM,11,3,-32,0.7269958190009613
LSTM,11,3,-31,0.7276707124988419
LSTM,11,3,-30,0.7283455903642365
LSTM,11,3,-29,0.7291246844092373
LSTM,11,3,-28,0.729903760408584
LSTM,11,3,-27,0.7307638856719322
LSTM,11,3,-26,0.7316934764733812
LSTM,11,3,-25,0.7326462072958888
LSTM,11,3,-24,0.7335062709175343
LSTM,11,3,-23,0.7344242171576802
LSTM,11,3,-22,0.7353074010167568
LSTM,11,3,-21,0.736213724899831
LSTM,11,3,-20,0.7370737073707371
LSTM,11,3,-19,0.7380263096947519
LSTM,11,3,-18,0.7388515117477448
LSTM,11,3,-17,0.7396535352833553
LSTM,11,3,-16,0.7404671198138005
LSTM,11,3,-15,0.7413038443723946
LSTM,11,3,-14,0.7420942323502507
LSTM,11,3,-13,0.7428961811908015
LSTM,11,3,-12,0.7435591630675173
LSTM,11,3,-11,0.744129498402112
LSTM,11,3,-10,0.7448271869391536
LSTM,11,3,-9,0.745432230275803
LSTM,11,3,-8,0.7459793671193858
LSTM,11,3,-7,0.746514912930715
LSTM,11,3,-6,0.7470041334275029
LSTM,11,3,-5,0.7474122959360889
LSTM,11,3,-4,0.7478436049136863
LSTM,11,3,-3,0.7482170147733062
LSTM,11,3,-2,0.7486251490627859
LSTM,11,3,-1,0.7490216963438072
LSTM,11,3,0,0.7494761215629523
LSTM,11,3,1,0.7497279273855558
LSTM,11,3,2,0.7500376274993343
LSTM,11,3,3,0.7501042004353262
LSTM,11,3,4,0.7501823528730708
LSTM,11,3,5,0.7501563042723168
LSTM,11,3,6,0.7501997244381665
LSTM,11,3,7,0.7501389403482771
LSTM,11,3,8,0.7499971053758959
LSTM,11,3,9,0.7497510594446889
LSTM,11,3,10,0.7495165865802119
LSTM,11,3,11,0.7493747394747812
LSTM,11,3,12,0.7492676261825088
LSTM,11,3,13,0.7489868229082235
LSTM,11,3,14,0.7485207443174581
LSTM,11,3,15,0.7481472904122278
LSTM,11,3,16,0.7475885547539921
LSTM,11,3,17,0.7472035017022164
LSTM,11,3,18,0.7467605405468
LSTM,11,3,19,0.7463059891611469
LSTM,11,3,20,0.7456777256673036
LSTM,11,3,21,0.745118929059453
LSTM,11,3,22,0.7444790568943754
LSTM,11,3,23,0.743920233463035
LSTM,11,3,24,0.7434656228648192
LSTM,11,3,25,0.7429530978575565
LSTM,11,3,26,0.7423131709689748
LSTM,11,3,27,0.7418006207439662
LSTM,11,3,28,0.7411490845078579
LSTM,11,3,29,0.740462789243277
LSTM,11,3,30,0.7399038739938618
LSTM,11,3,31,0.7391828036690448
LSTM,11,3,32,0.7384153897826112
LSTM,11,3,33,0.7376132125732552
LSTM,11,3,34,0.7367878528161592
LSTM,11,3,35,0.735835070650915
LSTM,11,3,36,0.7349633421744519
LSTM,11,3,37,0.7339989344205332
LSTM,11,3,38,0.7329881742474258
LSTM,11,3,39,0.7320005559673832
LSTM,11,3,40,0.7310360803845486
LSTM,11,3,41,0.7299673361595663
LSTM,11,3,42,0.7290028146826821
LSTM,11,3,43,0.7282236019089098
LSTM,11,3,44,0.7275138710312634
LSTM,11,3,45,0.7267346229584154
LSTM,11,3,46,0.725897438867588
LSTM,11,3,47,0.725013900472616
LSTM,11,3,48,0.724141925469436
LSTM,11,3,49,0.7232235942821398
LSTM,11,3,50,0.7223168259484506
LSTM,11,3,51,0.7214216208702099
LSTM,11,3,52,0.7205379794492777
LSTM,11,3,53,0.7196079794258706
LSTM,11,3,54,0.7185736958561648
LSTM,11,3,55,0.7176668211306766
LSTM,11,3,56,0.7167830952629201
LSTM,11,3,57,0.7159225190574388
LSTM,11,3,58,0.7151430193357045
LSTM,11,3,59,0.7144098429028222
LSTM,11,3,60,0.7136534785379135
LSTM,12,3,-60,0.7896657591380409
LSTM,12,3,-59,0.7902590481486631
LSTM,12,3,-58,0.7908523234125375
LSTM,12,3,-57,0.791364489446002
LSTM,12,3,-56,0.7919809080272014
LSTM,12,3,-55,0.7925857275254866
LSTM,12,3,-54,0.7931557790109012
LSTM,12,3,-53,0.7937721554180858
LSTM,12,3,-52,0.7943537643501732
LSTM,12,3,-51,0.7948658542236227
LSTM,12,3,-50,0.7954706052707791
LSTM,12,3,-49,0.7959595023515511
LSTM,12,3,-48,0.7965294751352415
LSTM,12,3,-47,0.7971341858956538
LSTM,12,3,-46,0.7977272990536205
LSTM,12,3,-45,0.7985173172709371
LSTM,12,3,-44,0.7992725672122413
LSTM,12,3,-43,0.8001088819904555
LSTM,12,3,-42,0.8009451773945073
LSTM,12,3,-41,0.8019204484907453
LSTM,12,3,-40,0.8028956969942666
LSTM,12,3,-39,0.8038361749444033
LSTM,12,3,-38,0.8047534660690087
LSTM,12,3,-37,0.805647571173759
LSTM,12,3,-36,0.8066227313265153
LSTM,12,3,-35,0.8076673615936993
LSTM,12,3,-34,0.8087582955953718
LSTM,12,3,-33,0.8097333858377151
LSTM,12,3,-32,0.8105810546309486
LSTM,12,3,-31,0.8114518669508014
LSTM,12,3,-30,0.8122300075279403
LSTM,12,3,-29,0.8131007805804554
LSTM,12,3,-28,0.8139020463942002
LSTM,12,3,-27,0.8148075230462779
LSTM,12,3,-26,0.8157245596358962
LSTM,12,3,-25,0.8166647365373481
LSTM,12,3,-24,0.8176859561556902
LSTM,12,3,-23,0.8187534741523068
LSTM,12,3,-22,0.8196704225678321
LSTM,12,3,-21,0.8205178683095167
LSTM,12,3,-20,0.8214231949510741
LSTM,12,3,-19,0.8221895409699383
LSTM,12,3,-18,0.8230485079379783
LSTM,12,3,-17,0.8240000926376247
LSTM,12,3,-16,0.824824280040297
LSTM,12,3,-15,0.8255326540064845
LSTM,12,3,-14,0.8262178529660379
LSTM,12,3,-13,0.8268335610569464
LSTM,12,3,-12,0.8275187290853722
LSTM,12,3,-11,0.828076513362049
LSTM,12,3,-10,0.8286111271927286
LSTM,12,3,-9,0.8291109927517774
LSTM,12,3,-8,0.8295761112461936
LSTM,12,3,-7,0.8300064838829196
LSTM,12,3,-6,0.8304136900971414
LSTM,12,3,-5,0.830716684033808
LSTM,12,3,-4,0.8309617811533964
LSTM,12,3,-3,0.831044783031538
LSTM,12,3,-2,0.831220404524562
LSTM,12,3,-1,0.8313265566026814
LSTM,12,3,0,0.8312706222865412
LSTM,12,3,1,0.8312223585801283
LSTM,12,3,2,0.8310814722193278
LSTM,12,3,3,0.8309058491177697
LSTM,12,3,4,0.8307881117504718
LSTM,12,3,5,0.8306009030913512
LSTM,12,3,6,0.8304368465537404
LSTM,12,3,7,0.8302496294924046
LSTM,12,3,8,0.8297961026781062
LSTM,12,3,9,0.8292846722089712
LSTM,12,3,10,0.8287037573090951
LSTM,12,3,11,0.82814598675374
LSTM,12,3,12,0.8275997823141855
LSTM,12,3,13,0.8269956693916306
LSTM,12,3,14,0.8263220666736143
LSTM,12,3,15,0.8257410838351088
LSTM,12,3,16,0.8250211327134404
LSTM,12,3,17,0.8244053822459992
LSTM,12,3,18,0.8235927602857904
LSTM,12,3,19,0.822699059706332
LSTM,12,3,20,0.821735857796306
LSTM,12,3,21,0.8207726335780624
LSTM,12,3,22,0.8198672889187405
LSTM,12,3,23,0.8189040207522698
LSTM,12,3,24,0.8178017625736819
LSTM,12,3,25,0.816641574985524
LSTM,12,3,26,0.8154350368851985
LSTM,12,3,27,0.8143558623245472
LSTM,12,3,28,0.8132419192328627
LSTM,12,3,29,0.8122090195260927
LSTM,12,3,30,0.8111876773408999
LSTM,12,3,31,0.8101894746595015
LSTM,12,3,32,0.8092375757154604
LSTM,12,3,33,0.8083783095133307
LSTM,12,3,34,0.8076464252209263
LSTM,12,3,35,0.8067639564512393
LSTM,12,3,36,0.8058814672396021
LSTM,12,3,37,0.8049873751997961
LSTM,12,3,38,0.8042090876449263
LSTM,12,3,39,0.8035118606375092
LSTM,12,3,40,0.8029188625702206
LSTM,12,3,41,0.8021173581671184
LSTM,12,3,42,0.8013737504778011
LSTM,12,3,43,0.8005606264189409
LSTM,12,3,44,0.7998054001459499
LSTM,12,3,45,0.7990385729178733
LSTM,12,3,46,0.7983643966685586
LSTM,12,3,47,0.7976207024372162
LSTM,12,3,48,0.7968885748375364
LSTM,12,3,49,0.7962027662581378
LSTM,12,3,50,0.79542426875181
LSTM,12,3,51,0.7946457532088411
LSTM,12,3,52,0.7937166224528804
LSTM,12,3,53,0.7929496536224833
LSTM,12,3,54,0.7920899896896468
LSTM,12,3,55,0.7913693234476367
LSTM,12,3,56,0.7906138857030318
LSTM,12,3,57,0.7898236752473412
LSTM,12,3,58,0.7891029577024224
LSTM,12,3,59,0.7884749061587655
LSTM,12,3,60,0.7877193998725598
LSTM,13,3,-60,0.7600996350576377
LSTM,13,3,-59,0.7608438759905464
LSTM,13,3,-58,0.7614374920351726
LSTM,13,3,-57,0.7620890196714475
LSTM,13,3,-56,0.7626826075371587
LSTM,13,3,-55,0.7634151992585727
LSTM,13,3,-54,0.7640666813405776
LSTM,13,3,-53,0.7648571627163412
LSTM,13,3,-52,0.7656244569813375
LSTM,13,3,-51,0.7663106436217043
LSTM,13,3,-50,0.7670199826238054
LSTM,13,3,-49,0.7676598012186363
LSTM,13,3,-48,0.7683111888516918
LSTM,13,3,-47,0.7690783986655546
LSTM,13,3,-46,0.7697760891473318
LSTM,13,3,-45,0.7703579288775628
LSTM,13,3,-44,0.7710324217256838
LSTM,13,3,-43,0.7717300653291943
LSTM,13,3,-42,0.7724161097147093
LSTM,13,3,-41,0.7730673894410082
LSTM,13,3,-40,0.7736839057161059
LSTM,13,3,-39,0.7742193291326909
LSTM,13,3,-38,0.774882147862446
LSTM,13,3,-37,0.7755333688526489
LSTM,13,3,-36,0.7763467262766537
LSTM,13,3,-35,0.7770905721565903
LSTM,13,3,-34,0.7777764908907703
LSTM,13,3,-33,0.7785203029811679
LSTM,13,3,-32,0.7793104247014813
LSTM,13,3,-31,0.7799036412489576
LSTM,13,3,-30,0.7805084255023452
LSTM,13,3,-29,0.781252171496074
LSTM,13,3,-28,0.7819379943715473
LSTM,13,3,-27,0.7826701255385186
LSTM,13,3,-26,0.7834022397479994
LSTM,13,3,-25,0.784192240880139
LSTM,13,3,-24,0.7848664172968466
LSTM,13,3,-23,0.7855753196220122
LSTM,13,3,-22,0.7863189466492189
LSTM,13,3,-21,0.7871320378905435
LSTM,13,3,-20,0.7880493312489144
LSTM,13,3,-19,0.7889087035064153
LSTM,13,3,-18,0.7897680558611346
LSTM,13,3,-17,0.7905926492044744
LSTM,13,3,-16,0.7915214395720191
LSTM,13,3,-15,0.7924502084298286
LSTM,13,3,-14,0.7934600108845428
LSTM,13,3,-13,0.794330839952757
LSTM,13,3,-12,0.795074279494691
LSTM,13,3,-11,0.7959913852994304
LSTM,13,3,-10,0.7968968911017195
LSTM,13,3,-9,0.7978486904568928
LSTM,13,3,-8,0.7987425752891729
LSTM,13,3,-7,0.7996364394220081
LSTM,13,3,-6,0.8004608134863204
LSTM,13,3,-5,0.8013546370267454
LSTM,13,3,-4,0.8022715957902536
LSTM,13,3,-3,0.8032348446255732
LSTM,13,3,-2,0.8041749157722899
LSTM,13,3,-1,0.8052075856160419
LSTM,13,3,0,0.8061476121562953
LSTM,13,3,1,0.8070831500219974
LSTM,13,3,2,0.807879777245204
LSTM,13,3,3,0.808757467697865
LSTM,13,3,4,0.8095078209121117
LSTM,13,3,5,0.810211879124696
LSTM,13,3,6,0.8108580624992764
LSTM,13,3,7,0.8114695257502779
LSTM,13,3,8,0.8121157386501789
LSTM,13,3,9,0.8127619665146006
LSTM,13,3,10,0.8132576854049673
LSTM,13,3,11,0.8137534157750915
LSTM,13,3,12,0.814191262461934
LSTM,13,3,13,0.8145712234547602
LSTM,13,3,14,0.814870138141059
LSTM,13,3,15,0.81528485409912
LSTM,13,3,16,0.8156532613856112
LSTM,13,3,17,0.8158479816577503
LSTM,13,3,18,0.8159500677420476
LSTM,13,3,19,0.8159363564778359
LSTM,13,3,20,0.8161079265821319
LSTM,13,3,21,0.8163142413785117
LSTM,13,3,22,0.8165205609532964
LSTM,13,3,23,0.8165415971836205
LSTM,13,3,24,0.8164468274831791
LSTM,13,3,25,0.8162941517081644
LSTM,13,3,26,0.8161298914868731
LSTM,13,3,27,0.8159887895492658
LSTM,13,3,28,0.8156392231345617
LSTM,13,3,29,0.815220160748616
LSTM,13,3,30,0.8146157855116104
LSTM,13,3,31,0.8140693041786343
LSTM,13,3,32,0.8134996467576989
LSTM,13,3,33,0.812860485047833
LSTM,13,3,34,0.812313964396984
LSTM,13,3,35,0.8116400277970813
LSTM,13,3,36,0.8109197465803403
LSTM,13,3,37,0.8099330538117631
LSTM,13,3,38,0.8089695032257317
LSTM,13,3,39,0.8079943476649369
LSTM,13,3,40,0.8069728383621938
LSTM,13,3,41,0.8061134663052795
LSTM,13,3,42,0.8052309082274449
LSTM,13,3,43,0.8044641616086735
LSTM,13,3,44,0.8035931473051395
LSTM,13,3,45,0.8026294451523225
LSTM,13,3,46,0.8015962191152451
LSTM,13,3,47,0.8006903901399314
LSTM,13,3,48,0.799911962653631
LSTM,13,3,49,0.7991451011282812
LSTM,13,3,50,0.7984013900955691
LSTM,13,3,51,0.7975186506649368
LSTM,13,3,52,0.7965779687916315
LSTM,13,3,53,0.7956604341882718
LSTM,13,3,54,0.7947544629927827
LSTM,13,3,55,0.793871640407785
LSTM,13,3,56,0.7931394015222605
LSTM,13,3,57,0.7923260501865196
LSTM,13,3,58,0.7916169468355017
LSTM,13,3,59,0.7908499003660967
LSTM,13,3,60,0.7901175925389562
LSTM,14,3,-60,0.7612929386549268
LSTM,14,3,-59,0.7618402150238658
LSTM,14,3,-58,0.7623295526952976
LSTM,14,3,-57,0.7630042401353136
LSTM,14,3,-56,0.7637600064875636
LSTM,14,3,-55,0.7644346617238184
LSTM,14,3,-54,0.7651093013287612
LSTM,14,3,-53,0.7657028335766085
LSTM,14,3,-52,0.7664237804524866
LSTM,14,3,-51,0.7670404522496641
LSTM,14,3,-50,0.7676571097596293
LSTM,14,3,-49,0.7682390009962237
LSTM,14,3,-48,0.7687977110289944
LSTM,14,3,-47,0.7693795755722361
LSTM,14,3,-46,0.7699035086703193
LSTM,14,3,-45,0.7705085138422333
LSTM,14,3,-44,0.7710671716996212
LSTM,14,3,-43,0.7716373998054024
LSTM,14,3,-42,0.7721612824759941
LSTM,14,3,-41,0.7727314846989598
LSTM,14,3,-40,0.7733016737128627
LSTM,14,3,-39,0.7738139362490734
LSTM,14,3,-38,0.7743840995170089
LSTM,14,3,-37,0.7750005791192754
LSTM,14,3,-36,0.7756286266924565
LSTM,14,3,-35,0.7762450776001854
LSTM,14,3,-34,0.776838350262332
LSTM,14,3,-33,0.7773968636353107
LSTM,14,3,-32,0.7779669457859931
LSTM,14,3,-31,0.7785254331511164
LSTM,14,3,-30,0.7791418148126701
LSTM,14,3,-29,0.7797697635096009
LSTM,14,3,-28,0.780386116483491
LSTM,14,3,-27,0.7809908741372122
LSTM,14,3,-26,0.7816303605137291
LSTM,14,3,-25,0.7822814128546612
LSTM,14,3,-24,0.7828977081909879
LSTM,14,3,-23,0.7835718917917361
LSTM,14,3,-22,0.7842692205250541
LSTM,14,3,-21,0.7848391504736318
LSTM,14,3,-20,0.7854553876440276
LSTM,14,3,-19,0.7861874102552225
LSTM,14,3,-18,0.7869541554245747
LSTM,14,3,-17,0.7876282452117928
LSTM,14,3,-16,0.7882907398186639
LSTM,14,3,-15,0.7889532190829087
LSTM,14,3,-14,0.7895346278991674
LSTM,14,3,-13,0.7901391815844931
LSTM,14,3,-12,0.7906742470733995
LSTM,14,3,-11,0.7913250891575193
LSTM,14,3,-10,0.7917906559370115
LSTM,14,3,-9,0.7923372623486095
LSTM,14,3,-8,0.7928838561024465
LSTM,14,3,-7,0.7933957021118933
LSTM,14,3,-6,0.7939885838668966
LSTM,14,3,-5,0.7945582957045271
LSTM,14,3,-4,0.7950701045489805
LSTM,14,3,-3,0.7956166350206085
LSTM,14,3,-2,0.7963136628344506
LSTM,14,3,-1,0.7970685622988399
LSTM,14,3,0,0.7978350217076701
LSTM,14,3,1,0.7985967999629519
LSTM,14,3,2,0.7993470181653989
LSTM,14,3,3,0.8001204093919325
LSTM,14,3,4,0.800847506686272
LSTM,14,3,5,0.8016440893828876
LSTM,14,3,6,0.8024522687538352
LSTM,14,3,7,0.8032373101148573
LSTM,14,3,8,0.8039181631873284
LSTM,14,3,9,0.8047263969617674
LSTM,14,3,10,0.8056272795692699
LSTM,14,3,11,0.8064818674447687
LSTM,14,3,12,0.8074291073723701
LSTM,14,3,13,0.8082837359023645
LSTM,14,3,14,0.8091962807285696
LSTM,14,3,15,0.8101204261232052
LSTM,14,3,16,0.8109635359371924
LSTM,14,3,17,0.8118993029018736
LSTM,14,3,18,0.812811931864238
LSTM,14,3,19,0.8136898420491917
LSTM,14,3,20,0.8145214521452145
LSTM,14,3,21,0.8153415012622461
LSTM,14,3,22,0.816242631987308
LSTM,14,3,23,0.8169932369835093
LSTM,14,3,24,0.817882827066276
LSTM,14,3,25,0.8187492762015055
LSTM,14,3,26,0.8196389072253297
LSTM,14,3,27,0.8205053967665725
LSTM,14,3,28,0.8214066499125621
LSTM,14,3,29,0.8223195052463346
LSTM,14,3,30,0.8232787075105681
LSTM,14,3,31,0.8240294635411841
LSTM,14,3,32,0.8246296746696316
LSTM,14,3,33,0.8253804637372311
LSTM,14,3,34,0.8260849422638145
LSTM,14,3,35,0.8266157053509382
LSTM,14,3,36,0.827181227486999
LSTM,14,3,37,0.8276425212536774
LSTM,14,3,38,0.8281501557848895
LSTM,14,3,39,0.8285651408450704
LSTM,14,3,40,0.8288411420628945
LSTM,14,3,41,0.8291403155187991
LSTM,14,3,42,0.8292889161734215
LSTM,14,3,43,0.8294838530324793
LSTM,14,3,44,0.8297251277061543
LSTM,14,3,45,0.8300127418047029
LSTM,14,3,46,0.8302192774154687
LSTM,14,3,47,0.8302752293577982
LSTM,14,3,48,0.8302269278441275
LSTM,14,3,49,0.8301438732247527
LSTM,14,3,50,0.8300608166811468
LSTM,14,3,51,0.8298503313099486
LSTM,14,3,52,0.829744100645251
LSTM,14,3,53,0.8295451912606288
LSTM,14,3,54,0.8292188459355198
LSTM,14,3,55,0.8289388322520853
LSTM,14,3,56,0.8286240572759184
LSTM,14,3,57,0.828378785421349
LSTM,14,3,58,0.8280987522735962
LSTM,14,3,59,0.8278187126372862
LSTM,14,3,60,0.8275039100967387
LSTM,15,3,-60,0.7274517754735561
LSTM,15,3,-59,0.7281152972797628
LSTM,15,3,-58,0.7286861220848732
LSTM,15,3,-57,0.7293148590097083
LSTM,15,3,-56,0.7298509018871859
LSTM,15,3,-55,0.7304680259499536
LSTM,15,3,-54,0.7311778130466514
LSTM,15,3,-53,0.731829661036584
LSTM,15,3,-52,0.7323656499426572
LSTM,15,3,-51,0.7328552893749131
LSTM,15,3,-50,0.7333333333333333
LSTM,15,3,-49,0.7337766142297801
LSTM,15,3,-48,0.7342314687177823
LSTM,15,3,-47,0.7347789824854045
LSTM,15,3,-46,0.7352569820106801
LSTM,15,3,-45,0.735792887756284
LSTM,15,3,-44,0.7361666145417057
LSTM,15,3,-43,0.7367372469072881
LSTM,15,3,-42,0.7372962829972316
LSTM,15,3,-41,0.7377858086037946
LSTM,15,3,-40,0.7383564023860544
LSTM,15,3,-39,0.7389617309117865
LSTM,15,3,-38,0.7394628027381076
LSTM,15,3,-37,0.7399870277282309
LSTM,15,3,-36,0.7404185825640788
LSTM,15,3,-35,0.7409196201065554
LSTM,15,3,-34,0.7413395721615454
LSTM,15,3,-33,0.7417826781867457
LSTM,15,3,-32,0.7423068459516116
LSTM,15,3,-31,0.7429352358009821
LSTM,15,3,-30,0.7435751925415485
LSTM,15,3,-29,0.7443425288953744
LSTM,15,3,-28,0.745225659258573
LSTM,15,3,-27,0.7461435122990688
LSTM,15,3,-26,0.747038182260362
LSTM,15,3,-25,0.7478286045165026
LSTM,15,3,-24,0.7487000729580433
LSTM,15,3,-23,0.7495367796924217
LSTM,15,3,-22,0.750373467048047
LSTM,15,3,-21,0.7513838386177826
LSTM,15,3,-20,0.7522204852064154
LSTM,15,3,-19,0.7530918523322062
LSTM,15,3,-18,0.7539284597658557
LSTM,15,3,-17,0.7547071493086918
LSTM,15,3,-16,0.7554510821107239
LSTM,15,3,-15,0.7562297359888838
LSTM,15,3,-14,0.757043109737034
LSTM,15,3,-13,0.757868043815567
LSTM,15,3,-12,0.7586003265287218
LSTM,15,3,-11,0.7592515399935158
LSTM,15,3,-10,0.7598680020841776
LSTM,15,3,-9,0.7603570849639905
LSTM,15,3,-8,0.7608693135109474
LSTM,15,3,-7,0.7613931085587254
LSTM,15,3,-6,0.7620674084451597
LSTM,15,3,-5,0.7626838022461503
LSTM,15,3,-4,0.7631496682914404
LSTM,15,3,-3,0.7637428796369193
LSTM,15,3,-2,0.7643360772463617
LSTM,15,3,-1,0.7648482182138143
LSTM,15,3,0,0.7651287988422576
LSTM,15,3,1,0.765427096116887
LSTM,15,3,2,0.7656443564539844
LSTM,15,3,3,0.7658616218218868
LSTM,15,3,4,0.7660673142605736
LSTM,15,3,5,0.7662961676508047
LSTM,15,3,6,0.7663976658291748
LSTM,15,3,7,0.7664760096331975
LSTM,15,3,8,0.766554355251427
LSTM,15,3,9,0.7663432369219368
LSTM,15,3,10,0.7662594801134719
LSTM,15,3,11,0.7658862489000047
LSTM,15,3,12,0.7655940622720377
LSTM,15,3,13,0.765186077209884
LSTM,15,3,14,0.7648012413010502
LSTM,15,3,15,0.7644511347846226
LSTM,15,3,16,0.7640199631769705
LSTM,15,3,17,0.7634845642557725
LSTM,15,3,18,0.7628101948886599
LSTM,15,3,19,0.7622052897308814
LSTM,15,3,20,0.7617045915117827
LSTM,15,3,21,0.7612502026541909
LSTM,15,3,22,0.7607379014046993
LSTM,15,3,23,0.7603182323513062
LSTM,15,3,24,0.7600027793540318
LSTM,15,3,25,0.7594788650839607
LSTM,15,3,26,0.7589433577690535
LSTM,15,3,27,0.7582920276092092
LSTM,15,3,28,0.7578028188587906
LSTM,15,3,29,0.7572904361522248
LSTM,15,3,30,0.7567317157913024
LSTM,15,3,31,0.7561845640693042
LSTM,15,3,32,0.7557068899621278
LSTM,15,3,33,0.75507864075421
LSTM,15,3,34,0.7543577211290117
LSTM,15,3,35,0.7537641880935835
LSTM,15,3,36,0.7531590590578997
LSTM,15,3,37,0.7524496745349672
LSTM,15,3,38,0.7518097686970824
LSTM,15,3,39,0.7512277613046702
LSTM,15,3,40,0.7506804887936527
LSTM,15,3,41,0.7501679523710242
LSTM,15,3,42,0.7495627396244773
LSTM,15,3,43,0.7490617615716073
LSTM,15,3,44,0.7485028552895252
LSTM,15,3,45,0.7478860187652033
LSTM,15,3,46,0.7473386695085081
LSTM,15,3,47,0.7467333889352238
LSTM,15,3,48,0.7460817588935096
LSTM,15,3,49,0.7455922896925608
LSTM,15,3,50,0.7450448885027512
LSTM,15,3,51,0.7446596543255641
LSTM,15,3,52,0.7442512424266997
LSTM,15,3,53,0.7437501448066541
LSTM,15,3,54,0.7432490355765109
LSTM,15,3,55,0.7427247451343837
LSTM,15,3,56,0.7422004425445151
LSTM,15,3,57,0.741676127806483
LSTM,15,3,58,0.7409896080725697
LSTM,15,3,59,0.7403030724315307
LSTM,15,3,60,0.7396049354109946
LSTM,16,3,-60,0.7403464056073683
LSTM,16,3,-59,0.7408359979609805
LSTM,16,3,-58,0.7413024085637824
LSTM,16,3,-57,0.7418383187747631
LSTM,16,3,-56,0.7423278768289716
LSTM,16,3,-55,0.7429101019462465
LSTM,16,3,-54,0.7433996362414708
LSTM,16,3,-53,0.7438775746623109
LSTM,16,3,-52,0.7442512424266997
LSTM,16,3,-51,0.7446364857976924
LSTM,16,3,-50,0.74498696785404
LSTM,16,3,-49,0.7454069457637328
LSTM,16,3,-48,0.7459080009730443
LSTM,16,3,-47,0.7464669632100824
LSTM,16,3,-46,0.7469216601605486
LSTM,16,3,-45,0.7473415962006255
LSTM,16,3,-44,0.7477036058889622
LSTM,16,3,-43,0.7481351063336885
LSTM,16,3,-42,0.7486592612326689
LSTM,16,3,-41,0.7492876502884147
LSTM,16,3,-40,0.7499623559390746
LSTM,16,3,-39,0.7506370459599704
LSTM,16,3,-38,0.7511843126353707
LSTM,16,3,-37,0.75175473140448
LSTM,16,3,-36,0.7523135547087643
LSTM,16,3,-35,0.7528376187167014
LSTM,16,3,-34,0.7533616705852376
LSTM,16,3,-33,0.753897292163721
LSTM,16,3,-32,0.7544792281945265
LSTM,16,3,-31,0.755072732326508
LSTM,16,3,-30,0.7556430598181713
LSTM,16,3,-29,0.7563523498482848
LSTM,16,3,-28,0.757107948162646
LSTM,16,3,-27,0.757747718534303
LSTM,16,3,-26,0.7584801213679371
LSTM,16,3,-25,0.759235668789809
LSTM,16,3,-24,0.7599332955032367
LSTM,16,3,-23,0.7605730035204743
LSTM,16,3,-22,0.7613400808310076
LSTM,16,3,-21,0.7620260786993075
LSTM,16,3,-20,0.7627815413120259
LSTM,16,3,-19,0.7635485663995554
LSTM,16,3,-18,0.764280834211471
LSTM,16,3,-17,0.7649667662521134
LSTM,16,3,-16,0.7657337393902199
LSTM,16,3,-15,0.7665585919407133
LSTM,16,3,-14,0.7674181632913005
LSTM,16,3,-13,0.7683471897362266
LSTM,16,3,-12,0.7691488253071338
LSTM,16,3,-11,0.7699504423139271
LSTM,16,3,-10,0.7708099345799804
LSTM,16,3,-9,0.7716694069425468
LSTM,16,3,-8,0.7724825454166522
LSTM,16,3,-7,0.7732956650611338
LSTM,16,3,-6,0.7741898134747421
LSTM,16,3,-5,0.7750260507120528
LSTM,16,3,-4,0.7758622685855207
LSTM,16,3,-3,0.7766521557912286
LSTM,16,3,-2,0.7775114908594121
LSTM,16,3,-1,0.7782781855651006
LSTM,16,3,0,0.7790680173661361
LSTM,16,3,1,0.7799106212517656
LSTM,16,3,2,0.7807416669561089
LSTM,16,3,3,0.7815727319038578
LSTM,16,3,4,0.7825080177374351
LSTM,16,3,5,0.7833622785689476
LSTM,16,3,6,0.7842512938670124
LSTM,16,3,7,0.7852908484623935
LSTM,16,3,8,0.7863072701378999
LSTM,16,3,9,0.7873005580899891
LSTM,16,3,10,0.7882591327505355
LSTM,16,3,11,0.7892061507109444
LSTM,16,3,12,0.7901068744717067
LSTM,16,3,13,0.7911002524258355
LSTM,16,3,14,0.7920473361818413
LSTM,16,3,15,0.7930986567855489
LSTM,16,3,16,0.7940110469088341
LSTM,16,3,17,0.795073994302786
LSTM,16,3,18,0.7960674872911286
LSTM,16,3,19,0.7970031034323035
LSTM,16,3,20,0.7979734815586822
LSTM,16,3,21,0.7989554623989624
LSTM,16,3,22,0.7999490463562354
LSTM,16,3,23,0.8007921067259589
LSTM,16,3,24,0.8016120253384442
LSTM,16,3,25,0.802466705269253
LSTM,16,3,26,0.8033793095461441
LSTM,16,3,27,0.8040834761662111
LSTM,16,3,28,0.8047876590964365
LSTM,16,3,29,0.8055150209621754
LSTM,16,3,30,0.8061150037639702
LSTM,16,3,31,0.8066455109793385
LSTM,16,3,32,0.807037049905609
LSTM,16,3,33,0.8075444163906326
LSTM,16,3,34,0.8079243928145377
LSTM,16,3,35,0.8082001389854065
LSTM,16,3,36,0.8083369045275021
LSTM,16,3,37,0.8084157613101994
LSTM,16,3,38,0.8082629695263908
LSTM,16,3,39,0.8082607487027428
LSTM,16,3,40,0.8080732032200151
LSTM,16,3,41,0.8079667338476151
LSTM,16,3,42,0.8078602620087336
LSTM,16,3,43,0.807776954084233
LSTM,16,3,44,0.8076936442297669
LSTM,16,3,45,0.8075524151511642
LSTM,16,3,46,0.8074111828006811
LSTM,16,3,47,0.8072004448151238
LSTM,16,3,48,0.8069317826404253
LSTM,16,3,49,0.8065009383036397
LSTM,16,3,50,0.8061280046336519
LSTM,16,3,51,0.8057203095315324
LSTM,16,3,52,0.8054168645668014
LSTM,16,3,53,0.8050902435068696
LSTM,16,3,54,0.8047751995458811
LSTM,16,3,55,0.8045412418906395
LSTM,16,3,56,0.8040755801156176
LSTM,16,3,57,0.8036562478277995
LSTM,16,3,58,0.8033295874509077
LSTM,16,3,59,0.8030492608554614
LSTM,16,3,60,0.8027225858773098
LSTM,17,3,-60,0.7227480739153102
LSTM,17,3,-59,0.7234000648778905
LSTM,17,3,-58,0.7241563075639793
LSTM,17,3,-57,0.7248198521745175
LSTM,17,3,-56,0.7254949663457639
LSTM,17,3,-55,0.7259731232622799
LSTM,17,3,-54,0.726578700432108
LSTM,17,3,-53,0.7272421862329418
LSTM,17,3,-52,0.7280099162448015
LSTM,17,3,-51,0.7287197071498077
LSTM,17,3,-50,0.7293715609614828
LSTM,17,3,-49,0.730092903644325
LSTM,17,3,-48,0.7308721489221217
LSTM,17,3,-47,0.7316166249652488
LSTM,17,3,-46,0.732361083760961
LSTM,17,3,-45,0.7330591914745743
LSTM,17,3,-44,0.7338036163139544
LSTM,17,3,-43,0.7345132743362832
LSTM,17,3,-42,0.7353619125942571
LSTM,17,3,-41,0.7362105311928093
LSTM,17,3,-40,0.7369896334047605
LSTM,17,3,-39,0.7376876389918459
LSTM,17,3,-38,0.7382813857326522
LSTM,17,3,-37,0.7388751187194514
LSTM,17,3,-36,0.7395035847067953
LSTM,17,3,-35,0.7401783646050498
LSTM,17,3,-34,0.7408183829235242
LSTM,17,3,-33,0.7414583864168076
LSTM,17,3,-32,0.7419593945079509
LSTM,17,3,-31,0.7425877883813583
LSTM,17,3,-30,0.7432972378250043
LSTM,17,3,-29,0.7440529960855164
LSTM,17,3,-28,0.7447624121278099
LSTM,17,3,-27,0.745529716959281
LSTM,17,3,-26,0.7463896512987991
LSTM,17,3,-25,0.7473769542559352
LSTM,17,3,-24,0.7483642343458674
LSTM,17,3,-23,0.7494209746155271
LSTM,17,3,-22,0.7504892707838755
LSTM,17,3,-21,0.7516154434073696
LSTM,17,3,-20,0.7526605292108158
LSTM,17,3,-19,0.7538329704942331
LSTM,17,3,-18,0.7550632838102296
LSTM,17,3,-17,0.7562240904143218
LSTM,17,3,-16,0.757396449704142
LSTM,17,3,-15,0.7585919407132932
LSTM,17,3,-14,0.7597874040365443
LSTM,17,3,-13,0.7609017855075149
LSTM,17,3,-12,0.762120352465755
LSTM,17,3,-11,0.7631883655226714
LSTM,17,3,-10,0.7643605627279569
LSTM,17,3,-9,0.7654864182664475
LSTM,17,3,-8,0.7666238262299258
LSTM,17,3,-7,0.767761207854761
LSTM,17,3,-6,0.7688638284569695
LSTM,17,3,-5,0.7698506425842306
LSTM,17,3,-4,0.7708953236618773
LSTM,17,3,-3,0.7718936692446626
LSTM,17,3,-2,0.7729035694024753
LSTM,17,3,-1,0.7738555583856253
LSTM,17,3,0,0.7748538350217077
LSTM,17,3,1,0.7758353208141339
LSTM,17,3,2,0.7767357854885207
LSTM,17,3,3,0.7776015375353124
LSTM,17,3,4,0.7783167961468549
LSTM,17,3,5,0.7791710084520088
LSTM,17,3,6,0.7799210364829974
LSTM,17,3,7,0.78043951463505
LSTM,17,3,8,0.7809232693042482
LSTM,17,3,9,0.7814649283282773
LSTM,17,3,10,0.7819255485439703
LSTM,17,3,11,0.7823398638321523
LSTM,17,3,12,0.7828005048458252
LSTM,17,3,13,0.7831569440263079
LSTM,17,3,14,0.7835365500631072
LSTM,17,3,15,0.783869847151459
LSTM,17,3,16,0.7841799928206672
LSTM,17,3,17,0.78440908775099
LSTM,17,3,18,0.784522389615202
LSTM,17,3,19,0.784658854046042
LSTM,17,3,20,0.7848300619535638
LSTM,17,3,21,0.784978113347384
LSTM,17,3,22,0.7849177214456938
LSTM,17,3,23,0.7849152306837132
LSTM,17,3,24,0.7849359011476416
LSTM,17,3,25,0.7848870874348581
LSTM,17,3,26,0.7845603307507903
LSTM,17,3,27,0.7842104044100616
LSTM,17,3,28,0.783837307607676
LSTM,17,3,29,0.7832904824774743
LSTM,17,3,30,0.782593085876426
LSTM,17,3,31,0.7818146020568887
LSTM,17,3,32,0.7809781916310529
LSTM,17,3,33,0.7801070162840796
LSTM,17,3,34,0.7791315829096258
LSTM,17,3,35,0.7782024554088487
LSTM,17,3,36,0.7773427998934432
LSTM,17,3,37,0.7763325534527091
LSTM,17,3,38,0.7753570311685604
LSTM,17,3,39,0.7743467383246849
LSTM,17,3,40,0.7732900909248857
LSTM,17,3,41,0.772210253202678
LSTM,17,3,42,0.7711072243522176
LSTM,17,3,43,0.7700157531390446
LSTM,17,3,44,0.7689126733154951
LSTM,17,3,45,0.767809567936986
LSTM,17,3,46,0.7667643549676239
LSTM,17,3,47,0.7657075340561579
LSTM,17,3,48,0.7646738563832868
LSTM,17,3,49,0.7634895628200079
LSTM,17,3,50,0.7622589052997394
LSTM,17,3,51,0.7609818822112043
LSTM,17,3,52,0.7596584919430511
LSTM,17,3,53,0.7584509163365075
LSTM,17,3,54,0.7573012360839193
LSTM,17,3,55,0.7562326227988878
LSTM,17,3,56,0.7551639847542256
LSTM,17,3,57,0.7540026413957691
LSTM,17,3,58,0.7528644415352711
LSTM,17,3,59,0.7517493859771074
LSTM,17,3,60,0.7507617447720558
LSTM,18,3,-60,0.7389793199328043
LSTM,18,3,-59,0.739364660086195
LSTM,18,3,-58,0.7398310877347452
LSTM,18,3,-57,0.7404365254060566
LSTM,18,3,-56,0.7410651189193572
LSTM,18,3,-55,0.7416589434661723
LSTM,18,3,-54,0.7422759235875396
LSTM,18,3,-53,0.7428117976877273
LSTM,18,3,-52,0.7433013217798269
LSTM,18,3,-51,0.7438603401139892
LSTM,18,3,-50,0.7442224152910513
LSTM,18,3,-49,0.7448624979728008
LSTM,18,3,-48,0.7456647398843931
LSTM,18,3,-47,0.746374293392642
LSTM,18,3,-46,0.7471417484275272
LSTM,18,3,-45,0.7478049345534576
LSTM,18,3,-44,0.7486766051592127
LSTM,18,3,-43,0.7495598387619886
LSTM,18,3,-42,0.7505704655230329
LSTM,18,3,-41,0.7516737322491718
LSTM,18,3,-40,0.7527538078415474
LSTM,18,3,-39,0.7537643624907339
LSTM,18,3,-38,0.75484438884835
LSTM,18,3,-37,0.7560402140424842
LSTM,18,3,-36,0.7571896825304902
LSTM,18,3,-35,0.7582927959230947
LSTM,18,3,-34,0.7594422116954865
LSTM,18,3,-33,0.7605336915985268
LSTM,18,3,-32,0.7616019827895718
LSTM,18,3,-31,0.7626586676549616
LSTM,18,3,-30,0.7638311425096994
LSTM,18,3,-29,0.7651541472679684
LSTM,18,3,-28,0.7663960531344459
LSTM,18,3,-27,0.7675684439709084
LSTM,18,3,-26,0.7686481603724421
LSTM,18,3,-25,0.7696583671105964
LSTM,18,3,-24,0.7705643246748735
LSTM,18,3,-23,0.7713544561793589
LSTM,18,3,-22,0.7719245422857341
LSTM,18,3,-21,0.7726104175834356
LSTM,18,3,-20,0.773203636153089
LSTM,18,3,-19,0.7735768215294826
LSTM,18,3,-18,0.7740078974489618
LSTM,18,3,-17,0.7744042242756896
LSTM,18,3,-16,0.7748584397688718
LSTM,18,3,-15,0.7754168596572487
LSTM,18,3,-14,0.7758247357024582
LSTM,18,3,-13,0.7761399689678331
LSTM,18,3,-12,0.7765478271945162
LSTM,18,3,-11,0.7768630447871798
LSTM,18,3,-10,0.7772593064320037
LSTM,18,3,-9,0.7774355649213811
LSTM,18,3,-8,0.7775307698542268
LSTM,18,3,-7,0.7774407187847351
LSTM,18,3,-6,0.7772696222024106
LSTM,18,3,-5,0.7772258886187333
LSTM,18,3,-4,0.7772400458487224
LSTM,18,3,-3,0.777300514055481
LSTM,18,3,-2,0.777523068551515
LSTM,18,3,-1,0.7775719545233519
LSTM,18,3,0,0.7776555716353112
LSTM,18,3,1,0.7776182647555977
LSTM,18,3,2,0.7774072916304864
LSTM,18,3,3,0.7771500023155652
LSTM,18,3,4,0.7768348172418983
LSTM,18,3,5,0.7764038439272896
LSTM,18,3,6,0.7761002211441606
LSTM,18,3,7,0.7757734346054094
LSTM,18,3,8,0.775249806060185
LSTM,18,3,9,0.7747840585415557
LSTM,18,3,10,0.7742256701209981
LSTM,18,3,11,0.773620953174934
LSTM,18,3,12,0.7728656947998565
LSTM,18,3,13,0.7723072647692272
LSTM,18,3,14,0.7717951390095066
LSTM,18,3,15,0.77117878647522
LSTM,18,3,16,0.7704929422526894
LSTM,18,3,17,0.7698649806618958
LSTM,18,3,18,0.7691791053417789
LSTM,18,3,19,0.768458474222984
LSTM,18,3,20,0.7678073070464941
LSTM,18,3,21,0.7671792852676194
LSTM,18,3,22,0.7666670526791194
LSTM,18,3,23,0.7661200667037243
LSTM,18,3,24,0.7654341003578419
LSTM,18,3,25,0.7647365373480023
LSTM,18,3,26,0.7639810536311943
LSTM,18,3,27,0.7632255524158058
LSTM,18,3,28,0.7624584525229597
LSTM,18,3,29,0.7616218469877006
LSTM,18,3,30,0.7609010365394637
LSTM,18,3,31,0.7601338830723617
LSTM,18,3,32,0.7593551301205657
LSTM,18,3,33,0.7584721224896342
LSTM,18,3,34,0.7576817502692811
LSTM,18,3,35,0.7569840166782488
LSTM,18,3,36,0.7562978491759228
LSTM,18,3,37,0.7557043248627487
LSTM,18,3,38,0.7552034469578512
LSTM,18,3,39,0.75466780948851
LSTM,18,3,40,0.7540163317310477
LSTM,18,3,41,0.7532721755044363
LSTM,18,3,42,0.7525048359260075
LSTM,18,3,43,0.7519459759996293
LSTM,18,3,44,0.7512133532566517
LSTM,18,3,45,0.7506312985057338
LSTM,18,3,46,0.7500260630842475
LSTM,18,3,47,0.7494903160040775
LSTM,18,3,48,0.7488387178982242
LSTM,18,3,49,0.7483956166160832
LSTM,18,3,50,0.7480683463654793
LSTM,18,3,51,0.7477063157406978
LSTM,18,3,52,0.7472516015430418
LSTM,18,3,53,0.7467621232130859
LSTM,18,3,54,0.7463073875418496
LSTM,18,3,55,0.7457367933271548
LSTM,18,3,56,0.7453167900462239
LSTM,18,3,57,0.7446650756505017
LSTM,18,3,58,0.7439090793238875
LSTM,18,3,59,0.7430719681171509
LSTM,18,3,60,0.7421189827955743
STA-LSTM,1,1,-60,0.7881944042171117
STA-LSTM,1,1,-59,0.7887181982482969
STA-LSTM,1,1,-58,0.7892651505497179
STA-LSTM,1,1,-57,0.789846845385667
STA-LSTM,1,1,-56,0.790266337654514
STA-LSTM,1,1,-55,0.7906163113994439
STA-LSTM,1,1,-54,0.791012615701857
STA-LSTM,1,1,-53,0.7915826788072565
STA-LSTM,1,1,-52,0.7921758975012453
STA-LSTM,1,1,-51,0.7927343496594227
STA-LSTM,1,1,-50,0.7933159571387199
STA-LSTM,1,1,-49,0.7938396311655816
STA-LSTM,1,1,-48,0.7943285414760156
STA-LSTM,1,1,-47,0.7948058567324623
STA-LSTM,1,1,-46,0.7953642460818496
STA-LSTM,1,1,-45,0.7959457894127187
STA-LSTM,1,1,-44,0.7965968192190522
STA-LSTM,1,1,-43,0.7971899179910115
STA-LSTM,1,1,-42,0.797748253854262
STA-LSTM,1,1,-41,0.7981791646396553
STA-LSTM,1,1,-40,0.7986563965946604
STA-LSTM,1,1,-39,0.7992494440326168
STA-LSTM,1,1,-38,0.799807730173622
STA-LSTM,1,1,-37,0.8002965090690078
STA-LSTM,1,1,-36,0.8006694541284936
STA-LSTM,1,1,-35,0.8011697938383137
STA-LSTM,1,1,-34,0.8016469579921475
STA-LSTM,1,1,-33,0.8019735470570521
STA-LSTM,1,1,-32,0.8022538016978794
STA-LSTM,1,1,-31,0.8025687945890855
STA-LSTM,1,1,-30,0.8029880132028491
STA-LSTM,1,1,-29,0.8034882912931693
STA-LSTM,1,1,-28,0.8040580448654846
STA-LSTM,1,1,-27,0.8046162041969704
STA-LSTM,1,1,-26,0.8051280269603586
STA-LSTM,1,1,-25,0.8056514186450492
STA-LSTM,1,1,-24,0.8061863788491158
STA-LSTM,1,1,-23,0.8067560681860293
STA-LSTM,1,1,-22,0.8073604854492606
STA-LSTM,1,1,-21,0.8077911851217083
STA-LSTM,1,1,-20,0.8082218748190608
STA-LSTM,1,1,-19,0.808675714484228
STA-LSTM,1,1,-18,0.8091874428245539
STA-LSTM,1,1,-17,0.8097454781259409
STA-LSTM,1,1,-16,0.8101645456756099
STA-LSTM,1,1,-15,0.8106646595646132
STA-LSTM,1,1,-14,0.8111879204733619
STA-LSTM,1,1,-13,0.8117922234316018
STA-LSTM,1,1,-12,0.8123733543299793
STA-LSTM,1,1,-11,0.8130934185540272
STA-LSTM,1,1,-10,0.8139871475713542
STA-LSTM,1,1,-9,0.8148692772618855
STA-LSTM,1,1,-8,0.815728229532113
STA-LSTM,1,1,-7,0.8166334753612449
STA-LSTM,1,1,-6,0.817538700228091
STA-LSTM,1,1,-5,0.8183049670024314
STA-LSTM,1,1,-4,0.8190017482719895
STA-LSTM,1,1,-3,0.8196406242763858
STA-LSTM,1,1,-2,0.8203721070241858
STA-LSTM,1,1,-1,0.8211267279505406
STA-LSTM,1,1,0,0.8218581765557164
STA-LSTM,1,1,1,0.8227244309630213
STA-LSTM,1,1,2,0.823579127736677
STA-LSTM,1,1,3,0.8243296438660677
STA-LSTM,1,1,4,0.8252770026976647
STA-LSTM,1,1,5,0.8260970244297788
STA-LSTM,1,1,6,0.8268591740091931
STA-LSTM,1,1,7,0.827667654686921
STA-LSTM,1,1,8,0.8284877325830468
STA-LSTM,1,1,9,0.8294120371442466
STA-LSTM,1,1,10,0.8302437329936896
STA-LSTM,1,1,11,0.8308901857255337
STA-LSTM,1,1,12,0.8314903372972222
STA-LSTM,1,1,13,0.8321831361015262
STA-LSTM,1,1,14,0.8327485786408216
STA-LSTM,1,1,15,0.8332098193608152
STA-LSTM,1,1,16,0.8337405481767969
STA-LSTM,1,1,17,0.8341207531438893
STA-LSTM,1,1,18,0.8344199080560928
STA-LSTM,1,1,19,0.8345916902126083
STA-LSTM,1,1,20,0.8345897747669504
STA-LSTM,1,1,21,0.8346805011927647
STA-LSTM,1,1,22,0.8347133278519565
STA-LSTM,1,1,23,0.8346998332406893
STA-LSTM,1,1,24,0.8346631770332712
STA-LSTM,1,1,25,0.8346960046323104
STA-LSTM,1,1,26,0.8348098993618919
STA-LSTM,1,1,27,0.8347848241997499
STA-LSTM,1,1,28,0.8347365861002698
STA-LSTM,1,1,29,0.8344567206355824
STA-LSTM,1,1,30,0.8342810817071052
STA-LSTM,1,1,31,0.8339201334198091
STA-LSTM,1,1,32,0.8335707584865015
STA-LSTM,1,1,33,0.8331518843668203
STA-LSTM,1,1,34,0.8327330005443532
STA-LSTM,1,1,35,0.8322214500810748
STA-LSTM,1,1,36,0.8316635587625523
STA-LSTM,1,1,37,0.8311751488336537
STA-LSTM,1,1,38,0.8305709023941068
STA-LSTM,1,1,39,0.8301403817642699
STA-LSTM,1,1,40,0.8296519372212892
STA-LSTM,1,1,41,0.8292677276623347
STA-LSTM,1,1,42,0.8288024278086016
STA-LSTM,1,1,43,0.8282097020803411
STA-LSTM,1,1,44,0.8277096292177781
STA-LSTM,1,1,45,0.827174794393606
STA-LSTM,1,1,46,0.826628363585817
STA-LSTM,1,1,47,0.8258965804837365
STA-LSTM,1,1,48,0.8252806190415513
STA-LSTM,1,1,49,0.8244561314088455
STA-LSTM,1,1,50,0.8236663770634232
STA-LSTM,1,1,51,0.8227723460451323
STA-LSTM,1,1,52,0.8218782943132189
STA-LSTM,1,1,53,0.8210653135932903
STA-LSTM,1,1,54,0.8201828060379281
STA-LSTM,1,1,55,0.8193466172381835
STA-LSTM,1,1,56,0.8184061446494978
STA-LSTM,1,1,57,0.817651011376538
STA-LSTM,1,1,58,0.8170464682507501
STA-LSTM,1,1,59,0.8165114231428704
STA-LSTM,1,1,60,0.8157678271447605
STA-LSTM,2,1,-60,0.7670045762613682
STA-LSTM,2,1,-59,0.767389591732703
STA-LSTM,2,1,-58,0.7677745982830728
STA-LSTM,2,1,-57,0.7682291063277648
STA-LSTM,2,1,-56,0.7686256791668115
STA-LSTM,2,1,-55,0.7690917516218722
STA-LSTM,2,1,-54,0.7695809826114155
STA-LSTM,2,1,-53,0.7700470332012697
STA-LSTM,2,1,-52,0.77050148859516
STA-LSTM,2,1,-51,0.7709791019878597
STA-LSTM,2,1,-50,0.7714567043150883
STA-LSTM,2,1,-49,0.7719922155549892
STA-LSTM,2,1,-48,0.7725161305269499
STA-LSTM,2,1,-47,0.7730747845426744
STA-LSTM,2,1,-46,0.7735870912439621
STA-LSTM,2,1,-45,0.7739719680296536
STA-LSTM,2,1,-44,0.7743684192236856
STA-LSTM,2,1,-43,0.7746606125191122
STA-LSTM,2,1,-42,0.7750222973833876
STA-LSTM,2,1,-41,0.7753144763360901
STA-LSTM,2,1,-40,0.7755603173683906
STA-LSTM,2,1,-39,0.7757134914751668
STA-LSTM,2,1,-38,0.7759014095926428
STA-LSTM,2,1,-37,0.776124070513563
STA-LSTM,2,1,-36,0.7763003972712216
STA-LSTM,2,1,-35,0.776511466296039
STA-LSTM,2,1,-34,0.7767225304316605
STA-LSTM,2,1,-33,0.7770378263185935
STA-LSTM,2,1,-32,0.7774110234761359
STA-LSTM,2,1,-31,0.7777378856666358
STA-LSTM,2,1,-30,0.7781573918582431
STA-LSTM,2,1,-29,0.7786116322701688
STA-LSTM,2,1,-28,0.7790774433390854
STA-LSTM,2,1,-27,0.7796243109278732
STA-LSTM,2,1,-26,0.7801364231201288
STA-LSTM,2,1,-25,0.7806948465547192
STA-LSTM,2,1,-24,0.7811490312793135
STA-LSTM,2,1,-23,0.7815453029460812
STA-LSTM,2,1,-22,0.7820457887971466
STA-LSTM,2,1,-21,0.7825231025777613
STA-LSTM,2,1,-20,0.7828614440391407
STA-LSTM,2,1,-19,0.7832345175783965
STA-LSTM,2,1,-18,0.7837118010120778
STA-LSTM,2,1,-17,0.7841311748766762
STA-LSTM,2,1,-16,0.7845273798909205
STA-LSTM,2,1,-15,0.7849814729041222
STA-LSTM,2,1,-14,0.7854239761003231
STA-LSTM,2,1,-13,0.785924364882703
STA-LSTM,2,1,-12,0.7864594791751097
STA-LSTM,2,1,-11,0.7871451067574452
STA-LSTM,2,1,-10,0.7878307184623401
STA-LSTM,2,1,-9,0.7885394715513049
STA-LSTM,2,1,-8,0.7892829437169289
STA-LSTM,2,1,-7,0.7900148203038162
STA-LSTM,2,1,-6,0.7907929928562332
STA-LSTM,2,1,-5,0.7914785226351743
STA-LSTM,2,1,-4,0.7921293026594575
STA-LSTM,2,1,-3,0.7928148010929468
STA-LSTM,2,1,-2,0.7934192398087365
STA-LSTM,2,1,-1,0.7939657767383703
STA-LSTM,2,1,0,0.7945817655571635
STA-LSTM,2,1,1,0.7951582652187
STA-LSTM,2,1,2,0.7956190013082792
STA-LSTM,2,1,3,0.7960565924142083
STA-LSTM,2,1,4,0.7964594597723773
STA-LSTM,2,1,5,0.7969549612133843
STA-LSTM,2,1,6,0.7974620523567484
STA-LSTM,2,1,7,0.798038625416821
STA-LSTM,2,1,8,0.7984878483680109
STA-LSTM,2,1,9,0.798937081721974
STA-LSTM,2,1,10,0.7993400104208881
STA-LSTM,2,1,11,0.799650317261822
STA-LSTM,2,1,12,0.7999258941907993
STA-LSTM,2,1,13,0.8002246358352053
STA-LSTM,2,1,14,0.800465487893841
STA-LSTM,2,1,15,0.8006137100509495
STA-LSTM,2,1,16,0.8008661517618314
STA-LSTM,2,1,17,0.8010375413974385
STA-LSTM,2,1,18,0.8010352374445615
STA-LSTM,2,1,19,0.8010445134096067
STA-LSTM,2,1,20,0.8011811707486538
STA-LSTM,2,1,21,0.8012715102948329
STA-LSTM,2,1,22,0.8013965930540919
STA-LSTM,2,1,23,0.8015332592180842
STA-LSTM,2,1,24,0.8016583479056409
STA-LSTM,2,1,25,0.8017950202663578
STA-LSTM,2,1,26,0.8018390485124322
STA-LSTM,2,1,27,0.8019294019548803
STA-LSTM,2,1,28,0.8021355692728178
STA-LSTM,2,1,29,0.802249090866977
STA-LSTM,2,1,30,0.8024089408767155
STA-LSTM,2,1,31,0.8026151209117021
STA-LSTM,2,1,32,0.8027865605781592
STA-LSTM,2,1,33,0.8028885131222349
STA-LSTM,2,1,34,0.8028167382819287
STA-LSTM,2,1,35,0.802652304841325
STA-LSTM,2,1,36,0.8024994498430605
STA-LSTM,2,1,37,0.8024739975445343
STA-LSTM,2,1,38,0.8025643698530178
STA-LSTM,2,1,39,0.802515752409192
STA-LSTM,2,1,40,0.8024323854751839
STA-LSTM,2,1,41,0.8023490166099103
STA-LSTM,2,1,42,0.8021613983065572
STA-LSTM,2,1,43,0.801881110132975
STA-LSTM,2,1,44,0.8015660654921175
STA-LSTM,2,1,45,0.8011930962585428
STA-LSTM,2,1,46,0.8009359543143092
STA-LSTM,2,1,47,0.8005861365953109
STA-LSTM,2,1,48,0.8001552237422822
STA-LSTM,2,1,49,0.7997822208836272
STA-LSTM,2,1,50,0.7993744569939183
STA-LSTM,2,1,51,0.7988740095454335
STA-LSTM,2,1,52,0.7985125632797748
STA-LSTM,2,1,53,0.7982437848984036
STA-LSTM,2,1,54,0.7979402462900106
STA-LSTM,2,1,55,0.7975556070435589
STA-LSTM,2,1,56,0.7971130342103129
STA-LSTM,2,1,57,0.7965430153618017
STA-LSTM,2,1,58,0.7959150572888307
STA-LSTM,2,1,59,0.7952870846656471
STA-LSTM,2,1,60,0.7945548282453803
STA-LSTM,3,1,-60,0.7771997914615073
STA-LSTM,3,1,-59,0.777457250104268
STA-LSTM,3,1,-58,0.7776915323748509
STA-LSTM,3,1,-57,0.7779026390787553
STA-LSTM,3,1,-56,0.7781716655660978
STA-LSTM,3,1,-55,0.7783711770157553
STA-LSTM,3,1,-54,0.7785938531759363
STA-LSTM,3,1,-53,0.7790018766942378
STA-LSTM,3,1,-52,0.779572072332982
STA-LSTM,3,1,-51,0.7801422547611325
STA-LSTM,3,1,-50,0.7806776715899219
STA-LSTM,3,1,-49,0.7811204040497648
STA-LSTM,3,1,-48,0.7815052069456833
STA-LSTM,3,1,-47,0.7819247521082383
STA-LSTM,3,1,-46,0.7823558711441114
STA-LSTM,3,1,-45,0.7828333140275686
STA-LSTM,3,1,-44,0.7834034124474407
STA-LSTM,3,1,-43,0.7839271648982996
STA-LSTM,3,1,-42,0.7844277391032398
STA-LSTM,3,1,-41,0.7848819700233975
STA-LSTM,3,1,-40,0.7853941043609197
STA-LSTM,3,1,-39,0.7860915492957746
STA-LSTM,3,1,-38,0.7868700557119196
STA-LSTM,3,1,-37,0.7874284787694874
STA-LSTM,3,1,-36,0.7880563823996108
STA-LSTM,3,1,-35,0.7887421820708825
STA-LSTM,3,1,-34,0.7894858757716496
STA-LSTM,3,1,-33,0.7901948066989414
STA-LSTM,3,1,-32,0.790776322342286
STA-LSTM,3,1,-31,0.7913462429352358
STA-LSTM,3,1,-30,0.7919856390063119
STA-LSTM,3,1,-29,0.7927176707664513
STA-LSTM,3,1,-28,0.7934612667492791
STA-LSTM,3,1,-27,0.7943206559503405
STA-LSTM,3,1,-26,0.7952610916165792
STA-LSTM,3,1,-25,0.7961551823972206
STA-LSTM,3,1,-24,0.7969797686187768
STA-LSTM,3,1,-23,0.7977580137113212
STA-LSTM,3,1,-22,0.7985825622734589
STA-LSTM,3,1,-21,0.7996271162887648
STA-LSTM,3,1,-20,0.8006948063227375
STA-LSTM,3,1,-19,0.801704571772662
STA-LSTM,3,1,-18,0.8026448348136225
STA-LSTM,3,1,-17,0.8035387572662637
STA-LSTM,3,1,-16,0.8044442385854399
STA-LSTM,3,1,-15,0.805349698934692
STA-LSTM,3,1,-14,0.8063361934206412
STA-LSTM,3,1,-13,0.8072995067274958
STA-LSTM,3,1,-12,0.8082975348239408
STA-LSTM,3,1,-11,0.8093997498957899
STA-LSTM,3,1,-10,0.8105019394430614
STA-LSTM,3,1,-9,0.8115809462056828
STA-LSTM,3,1,-8,0.8125904570032536
STA-LSTM,3,1,-7,0.8136809929603557
STA-LSTM,3,1,-6,0.8146557213815142
STA-LSTM,3,1,-5,0.8157114738913974
STA-LSTM,3,1,-4,0.816663000312605
STA-LSTM,3,1,-3,0.8176145047005974
STA-LSTM,3,1,-2,0.8186007201324488
STA-LSTM,3,1,-1,0.8194711371477528
STA-LSTM,3,1,0,0.8203068017366136
STA-LSTM,3,1,1,0.8209762196957417
STA-LSTM,3,1,2,0.8216919639239114
STA-LSTM,3,1,3,0.8224424582040476
STA-LSTM,3,1,4,0.8231813919023746
STA-LSTM,3,1,5,0.8239319208058353
STA-LSTM,3,1,6,0.824566684805891
STA-LSTM,3,1,7,0.8252361985920711
STA-LSTM,3,1,8,0.8259751988606759
STA-LSTM,3,1,9,0.8266215871986662
STA-LSTM,3,1,10,0.8272448329763215
STA-LSTM,3,1,11,0.8278333564911305
STA-LSTM,3,1,12,0.8283987355696305
STA-LSTM,3,1,13,0.8289409694078415
STA-LSTM,3,1,14,0.8294253192992207
STA-LSTM,3,1,15,0.8298170449282075
STA-LSTM,3,1,16,0.830336154888315
STA-LSTM,3,1,17,0.8308205377614118
STA-LSTM,3,1,18,0.8311891334807833
STA-LSTM,3,1,19,0.8315229978229653
STA-LSTM,3,1,20,0.8318337096867582
STA-LSTM,3,1,21,0.8321328485073072
STA-LSTM,3,1,22,0.8323740923882205
STA-LSTM,3,1,23,0.8326732443950343
STA-LSTM,3,1,24,0.8329608226887935
STA-LSTM,3,1,25,0.8331325998841922
STA-LSTM,3,1,26,0.8333507046983752
STA-LSTM,3,1,27,0.8335688145643211
STA-LSTM,3,1,28,0.8336826988777838
STA-LSTM,3,1,29,0.8337965858291062
STA-LSTM,3,1,30,0.833864149632289
STA-LSTM,3,1,31,0.8338390623552302
STA-LSTM,3,1,32,0.8339066282153735
STA-LSTM,3,1,33,0.8339857774895184
STA-LSTM,3,1,34,0.834030182647873
STA-LSTM,3,1,35,0.8340050961315728
STA-LSTM,3,1,36,0.8338526042692178
STA-LSTM,3,1,37,0.8336074497903588
STA-LSTM,3,1,38,0.8332464644358734
STA-LSTM,3,1,39,0.83279280948851
STA-LSTM,3,1,40,0.832420223547808
STA-LSTM,3,1,41,0.8321402923529548
STA-LSTM,3,1,42,0.831709774941216
STA-LSTM,3,1,43,0.8313255803178428
STA-LSTM,3,1,44,0.8309182101446757
STA-LSTM,3,1,45,0.8304413297810727
STA-LSTM,3,1,46,0.82999918914849
STA-LSTM,3,1,47,0.8295107033639144
STA-LSTM,3,1,48,0.8290337901235998
STA-LSTM,3,1,49,0.8285684498297152
STA-LSTM,3,1,50,0.8279409209383145
STA-LSTM,3,1,51,0.8271743663407627
STA-LSTM,3,1,52,0.8264657159737265
STA-LSTM,3,1,53,0.8256180347999351
STA-LSTM,3,1,54,0.8248514266516839
STA-LSTM,3,1,55,0.8239921223354958
STA-LSTM,3,1,56,0.823121213174388
STA-LSTM,3,1,57,0.822203943557543
STA-LSTM,3,1,58,0.8213909195175921
STA-LSTM,3,1,59,0.8203577552249872
STA-LSTM,3,1,60,0.8192550541620808
STA-LSTM,4,1,-60,0.7558130104848519
STA-LSTM,4,1,-59,0.756267667639835
STA-LSTM,4,1,-58,0.756733899463605
STA-LSTM,4,1,-57,0.7571885354155564
STA-LSTM,4,1,-56,0.7576895005734543
STA-LSTM,4,1,-55,0.7581672845227062
STA-LSTM,4,1,-54,0.7586450574020227
STA-LSTM,4,1,-53,0.7591459882764533
STA-LSTM,4,1,-52,0.7595774011561229
STA-LSTM,4,1,-51,0.7599740512487837
STA-LSTM,4,1,-50,0.7603359397625253
STA-LSTM,4,1,-49,0.7606398999142784
STA-LSTM,4,1,-48,0.7609322691626027
STA-LSTM,4,1,-47,0.7613288851820962
STA-LSTM,4,1,-46,0.761598072490125
STA-LSTM,4,1,-45,0.7617630024325264
STA-LSTM,4,1,-44,0.7619510952033453
STA-LSTM,4,1,-43,0.7621855163786313
STA-LSTM,4,1,-42,0.7623272676728482
STA-LSTM,4,1,-41,0.7626543424375102
STA-LSTM,4,1,-40,0.7629466612613656
STA-LSTM,4,1,-39,0.7631115641215716
STA-LSTM,4,1,-38,0.7633691233190868
STA-LSTM,4,1,-37,0.7635571822372536
STA-LSTM,4,1,-36,0.7638031480559191
STA-LSTM,4,1,-35,0.7642923326384063
STA-LSTM,4,1,-34,0.7647815058894384
STA-LSTM,4,1,-33,0.76523592226263
STA-LSTM,4,1,-32,0.7658061452578668
STA-LSTM,4,1,-31,0.7663531918836283
STA-LSTM,4,1,-30,0.7667496670334125
STA-LSTM,4,1,-29,0.7671577143121858
STA-LSTM,4,1,-28,0.767461521535201
STA-LSTM,4,1,-27,0.7677537406772594
STA-LSTM,4,1,-26,0.7681270194211861
STA-LSTM,4,1,-25,0.7684308048639259
STA-LSTM,4,1,-24,0.7687114219870065
STA-LSTM,4,1,-23,0.768899388549194
STA-LSTM,4,1,-22,0.7691684133730154
STA-LSTM,4,1,-21,0.7694953331634898
STA-LSTM,4,1,-20,0.7699612066469805
STA-LSTM,4,1,-19,0.7704386493121497
STA-LSTM,4,1,-18,0.7709276607570897
STA-LSTM,4,1,-17,0.7713703420644294
STA-LSTM,4,1,-16,0.7719403883787446
STA-LSTM,4,1,-15,0.7725914775358963
STA-LSTM,4,1,-14,0.7732193930130499
STA-LSTM,4,1,-13,0.7739978231166486
STA-LSTM,4,1,-12,0.774683602931811
STA-LSTM,4,1,-11,0.7753693668658237
STA-LSTM,4,1,-10,0.7760551149192381
STA-LSTM,4,1,-9,0.7767524257230854
STA-LSTM,4,1,-8,0.7774960343649774
STA-LSTM,4,1,-7,0.7783322526861801
STA-LSTM,4,1,-6,0.779180029871829
STA-LSTM,4,1,-5,0.7800740998031724
STA-LSTM,4,1,-4,0.7807944796285791
STA-LSTM,4,1,-3,0.7817116658176261
STA-LSTM,4,1,-2,0.7825362092320517
STA-LSTM,4,1,-1,0.7834417764605089
STA-LSTM,4,1,0,0.7843125904486252
STA-LSTM,4,1,1,0.7851668326116655
STA-LSTM,4,1,2,0.7860095168629085
STA-LSTM,4,1,3,0.7869332654100866
STA-LSTM,4,1,4,0.7877875675863426
STA-LSTM,4,1,5,0.7887808266759292
STA-LSTM,4,1,6,0.7898898910488718
STA-LSTM,4,1,7,0.7908600407558355
STA-LSTM,4,1,8,0.791853369921382
STA-LSTM,4,1,9,0.7928351434592317
STA-LSTM,4,1,10,0.793921148613443
STA-LSTM,4,1,11,0.7949145477282201
STA-LSTM,4,1,12,0.7958384956520732
STA-LSTM,4,1,13,0.796727727472731
STA-LSTM,4,1,14,0.797582241984229
STA-LSTM,4,1,15,0.7983325613710051
STA-LSTM,4,1,16,0.7989207841684133
STA-LSTM,4,1,17,0.7995206002918085
STA-LSTM,4,1,18,0.800004631934875
STA-LSTM,4,1,19,0.8005465746444949
STA-LSTM,4,1,20,0.8011580105378959
STA-LSTM,4,1,21,0.8017463001134864
STA-LSTM,4,1,22,0.8022303799520573
STA-LSTM,4,1,23,0.8025755049101353
STA-LSTM,4,1,24,0.8028974765781519
STA-LSTM,4,1,25,0.8030573248407643
STA-LSTM,4,1,26,0.8033098240859767
STA-LSTM,4,1,27,0.8034233566498356
STA-LSTM,4,1,28,0.8036411224477978
STA-LSTM,4,1,29,0.8037546614782387
STA-LSTM,4,1,30,0.8038797845850947
STA-LSTM,4,1,31,0.8038543500416937
STA-LSTM,4,1,32,0.8039331503422397
STA-LSTM,4,1,33,0.804046698014871
STA-LSTM,4,1,34,0.8043223960806569
STA-LSTM,4,1,35,0.8045865184155664
STA-LSTM,4,1,36,0.8047695711092322
STA-LSTM,4,1,37,0.8049410456577637
STA-LSTM,4,1,38,0.8051472717374938
STA-LSTM,4,1,39,0.8052029280948851
STA-LSTM,4,1,40,0.8052122545896797
STA-LSTM,4,1,41,0.8053721592883453
STA-LSTM,4,1,42,0.8055089015787705
STA-LSTM,4,1,43,0.8056688134179678
STA-LSTM,4,1,44,0.805654979092099
STA-LSTM,4,1,45,0.8057338121162979
STA-LSTM,4,1,46,0.8057778961878396
STA-LSTM,4,1,47,0.8056018904642758
STA-LSTM,4,1,48,0.8054606322471533
STA-LSTM,4,1,49,0.8052382827884994
STA-LSTM,4,1,50,0.8049232551404576
STA-LSTM,4,1,51,0.8046545572494324
STA-LSTM,4,1,52,0.8043279311423375
STA-LSTM,4,1,53,0.803885452144297
STA-LSTM,4,1,54,0.8033618702285654
STA-LSTM,4,1,55,0.8027571825764597
STA-LSTM,4,1,56,0.802198820653622
STA-LSTM,4,1,57,0.8016288607242985
STA-LSTM,4,1,58,0.8010473023853933
STA-LSTM,4,1,59,0.8004773159089856
STA-LSTM,4,1,60,0.7999189016972716
STA-LSTM,5,1,-60,0.7853212072061635
STA-LSTM,5,1,-59,0.7859261318874832
STA-LSTM,5,1,-58,0.7864962869423173
STA-LSTM,5,1,-57,0.7870316735790913
STA-LSTM,5,1,-56,0.7874627833964712
STA-LSTM,5,1,-55,0.7878475440222428
STA-LSTM,5,1,-54,0.7882786343995088
STA-LSTM,5,1,-53,0.7887212993211464
STA-LSTM,5,1,-52,0.7891176163942403
STA-LSTM,5,1,-51,0.7895718456049302
STA-LSTM,5,1,-50,0.7900144801621778
STA-LSTM,5,1,-49,0.7904223524778167
STA-LSTM,5,1,-48,0.7908533830667115
STA-LSTM,5,1,-47,0.7912728199425447
STA-LSTM,5,1,-46,0.791680663508207
STA-LSTM,5,1,-45,0.792146414919495
STA-LSTM,5,1,-44,0.7925426555930083
STA-LSTM,5,1,-43,0.7929620534680072
STA-LSTM,5,1,-42,0.7934393569087139
STA-LSTM,5,1,-41,0.7939282322144231
STA-LSTM,5,1,-40,0.7943591822551688
STA-LSTM,5,1,-39,0.7948132876204596
STA-LSTM,5,1,-38,0.7953021300253658
STA-LSTM,5,1,-37,0.7957330491788088
STA-LSTM,5,1,-36,0.7962566163610882
STA-LSTM,5,1,-35,0.7968033356497568
STA-LSTM,5,1,-34,0.7973384602911711
STA-LSTM,5,1,-33,0.7979198999328253
STA-LSTM,5,1,-32,0.7984086723880338
STA-LSTM,5,1,-31,0.798804780876494
STA-LSTM,5,1,-30,0.7992587874225491
STA-LSTM,5,1,-29,0.7998054339517754
STA-LSTM,5,1,-28,0.8002825807497654
STA-LSTM,5,1,-27,0.8007712975401863
STA-LSTM,5,1,-26,0.8013873930213437
STA-LSTM,5,1,-25,0.8020382165605096
STA-LSTM,5,1,-24,0.8026427024585703
STA-LSTM,5,1,-23,0.8032587548638133
STA-LSTM,5,1,-22,0.8040253378573993
STA-LSTM,5,1,-21,0.8048150635755147
STA-LSTM,5,1,-20,0.8055816107926582
STA-LSTM,5,1,-19,0.8064292000555838
STA-LSTM,5,1,-18,0.8073230890373682
STA-LSTM,5,1,-17,0.8082169573172144
STA-LSTM,5,1,-16,0.8090760661888164
STA-LSTM,5,1,-15,0.8099119962945808
STA-LSTM,5,1,-14,0.810678431236322
STA-LSTM,5,1,-13,0.8113753734281282
STA-LSTM,5,1,-12,0.8121070365781643
STA-LSTM,5,1,-11,0.8128618405817238
STA-LSTM,5,1,-10,0.8136166271058878
STA-LSTM,5,1,-9,0.8143713961512632
STA-LSTM,5,1,-8,0.8151493047112902
STA-LSTM,5,1,-7,0.815880881808077
STA-LSTM,5,1,-6,0.8166587548773286
STA-LSTM,5,1,-5,0.8174481880282506
STA-LSTM,5,1,-4,0.8183533825010709
STA-LSTM,5,1,-3,0.819200666882786
STA-LSTM,5,1,-2,0.8201521308742316
STA-LSTM,5,1,-1,0.8211846157408479
STA-LSTM,5,1,0,0.8221707670043416
STA-LSTM,5,1,1,0.8230717577048648
STA-LSTM,5,1,2,0.8239148808076598
STA-LSTM,5,1,3,0.8248043347381095
STA-LSTM,5,1,4,0.8256590753840989
STA-LSTM,5,1,5,0.8263980548801667
STA-LSTM,5,1,6,0.8271717861732798
STA-LSTM,5,1,7,0.8279802704705447
STA-LSTM,5,1,8,0.8286498315328772
STA-LSTM,5,1,9,0.8292962508394507
STA-LSTM,5,1,10,0.830023736467319
STA-LSTM,5,1,11,0.830693344449076
STA-LSTM,5,1,12,0.8313398098722833
STA-LSTM,5,1,13,0.8319631319330261
STA-LSTM,5,1,14,0.8324706754206181
STA-LSTM,5,1,15,0.8329434923575729
STA-LSTM,5,1,16,0.8334163202445605
STA-LSTM,5,1,17,0.833912318488154
STA-LSTM,5,1,18,0.8343156895214053
STA-LSTM,5,1,19,0.8345569502987633
STA-LSTM,5,1,20,0.8348213768745295
STA-LSTM,5,1,21,0.8350279083771452
STA-LSTM,5,1,22,0.8352691857839334
STA-LSTM,5,1,23,0.8355104687789513
STA-LSTM,5,1,24,0.8357170154369955
STA-LSTM,5,1,25,0.8357614360162131
STA-LSTM,5,1,26,0.8358058576242922
STA-LSTM,5,1,27,0.8358618613054153
STA-LSTM,5,1,28,0.8357904733227559
STA-LSTM,5,1,29,0.8359043846848725
STA-LSTM,5,1,30,0.8359488100063698
STA-LSTM,5,1,31,0.8359816547762439
STA-LSTM,5,1,32,0.8359681734477606
STA-LSTM,5,1,33,0.8359894373537792
STA-LSTM,5,1,34,0.8358601359724812
STA-LSTM,5,1,35,0.8357076673615937
STA-LSTM,5,1,36,0.8356362709783528
STA-LSTM,5,1,37,0.8353795547731011
STA-LSTM,5,1,38,0.8351228326210084
STA-LSTM,5,1,39,0.8348429392142328
STA-LSTM,5,1,40,0.8345862048995193
STA-LSTM,5,1,41,0.8342252183380824
STA-LSTM,5,1,42,0.8338526403576848
STA-LSTM,5,1,43,0.8335032201269518
STA-LSTM,5,1,44,0.8330379585548644
STA-LSTM,5,1,45,0.8325958531217421
STA-LSTM,5,1,46,0.8320958194812867
STA-LSTM,5,1,47,0.831642109165045
STA-LSTM,5,1,48,0.8311999721987328
STA-LSTM,5,1,49,0.8307462409934434
STA-LSTM,5,1,50,0.8301882421083117
STA-LSTM,5,1,51,0.8294796348640008
STA-LSTM,5,1,52,0.8287594268039804
STA-LSTM,5,1,53,0.828039202057413
STA-LSTM,5,1,54,0.8273189606237185
STA-LSTM,5,1,55,0.8266334569045413
STA-LSTM,5,1,56,0.825866842757678
STA-LSTM,5,1,57,0.8250422855024444
STA-LSTM,5,1,58,0.8242872203621534
STA-LSTM,5,1,59,0.8234510403633162
STA-LSTM,5,1,60,0.8226148409893993
STA-LSTM,6,1,-60,0.7040027805132364
STA-LSTM,6,1,-59,0.7041915751424996
STA-LSTM,6,1,-58,0.7043456097871799
STA-LSTM,6,1,-57,0.7045923214161589
STA-LSTM,6,1,-56,0.7048506122638122
STA-LSTM,6,1,-55,0.7050741427247451
STA-LSTM,6,1,-54,0.7052165753408788
STA-LSTM,6,1,-53,0.7054169273186441
STA-LSTM,6,1,-52,0.7056056902563628
STA-LSTM,6,1,-51,0.7058176173485937
STA-LSTM,6,1,-50,0.7060063712713582
STA-LSTM,6,1,-49,0.7061256168477631
STA-LSTM,6,1,-48,0.7062796112456126
STA-LSTM,6,1,-47,0.7063525159855435
STA-LSTM,6,1,-46,0.7064138354434779
STA-LSTM,6,1,-45,0.7065330707749334
STA-LSTM,6,1,-44,0.7066986366426892
STA-LSTM,6,1,-43,0.706933697817727
STA-LSTM,6,1,-42,0.707168753547311
STA-LSTM,6,1,-41,0.7073690550652119
STA-LSTM,6,1,-40,0.7076851798227833
STA-LSTM,6,1,-39,0.7080244625648628
STA-LSTM,6,1,-38,0.7083289898884604
STA-LSTM,6,1,-37,0.7086798396997845
STA-LSTM,6,1,-36,0.7090538458865634
STA-LSTM,6,1,-35,0.7093815149409312
STA-LSTM,6,1,-34,0.709697594422117
STA-LSTM,6,1,-33,0.7100831576752913
STA-LSTM,6,1,-32,0.7105497840010192
STA-LSTM,6,1,-31,0.710993236356898
STA-LSTM,6,1,-30,0.7113440268689559
STA-LSTM,6,1,-29,0.7117874597549394
STA-LSTM,6,1,-28,0.7122308823699723
STA-LSTM,6,1,-27,0.7125237411405012
STA-LSTM,6,1,-26,0.7129555640482229
STA-LSTM,6,1,-25,0.7133178922987841
STA-LSTM,6,1,-24,0.7137033734409561
STA-LSTM,6,1,-23,0.7140077821011673
STA-LSTM,6,1,-22,0.7145322108091207
STA-LSTM,6,1,-21,0.7151840100053269
STA-LSTM,6,1,-20,0.7159747553702739
STA-LSTM,6,1,-19,0.7167539024503219
STA-LSTM,6,1,-18,0.7175446113227648
STA-LSTM,6,1,-17,0.718231084554992
STA-LSTM,6,1,-16,0.718894382751074
STA-LSTM,6,1,-15,0.719569245020843
STA-LSTM,6,1,-14,0.7202672502634291
STA-LSTM,6,1,-13,0.7209883976749033
STA-LSTM,6,1,-12,0.7216863703206234
STA-LSTM,6,1,-11,0.7224769579917558
STA-LSTM,6,1,-10,0.7231980547675563
STA-LSTM,6,1,-9,0.7239538707361693
STA-LSTM,6,1,-8,0.7247212476987739
STA-LSTM,6,1,-7,0.7255233419785105
STA-LSTM,6,1,-6,0.7262327918581899
STA-LSTM,6,1,-5,0.7270464281579252
STA-LSTM,6,1,-4,0.727917935418138
STA-LSTM,6,1,-3,0.7287199555411475
STA-LSTM,6,1,-2,0.7295335347851759
STA-LSTM,6,1,-1,0.7302660522842522
STA-LSTM,6,1,0,0.7310217076700434
STA-LSTM,6,1,1,0.7316437816935651
STA-LSTM,6,1,2,0.7322890255056557
STA-LSTM,6,1,3,0.7329574399110823
STA-LSTM,6,1,4,0.7336606036748445
STA-LSTM,6,1,5,0.7344216741924279
STA-LSTM,6,1,6,0.7352059187903067
STA-LSTM,6,1,7,0.7358743979251575
STA-LSTM,6,1,8,0.7363923720865608
STA-LSTM,6,1,9,0.7370840377000208
STA-LSTM,6,1,10,0.7377872980952932
STA-LSTM,6,1,11,0.7384789958779121
STA-LSTM,6,1,12,0.7391475516135382
STA-LSTM,6,1,13,0.7399319144994326
STA-LSTM,6,1,14,0.7408089299568092
STA-LSTM,6,1,15,0.7416164891153312
STA-LSTM,6,1,16,0.742343009993168
STA-LSTM,6,1,17,0.7429884897751222
STA-LSTM,6,1,18,0.7435413458086779
STA-LSTM,6,1,19,0.7440363147899394
STA-LSTM,6,1,20,0.7445197151294076
STA-LSTM,6,1,21,0.7449452254672627
STA-LSTM,6,1,22,0.745370745660255
STA-LSTM,6,1,23,0.7456341486010747
STA-LSTM,6,1,24,0.7458164931500504
STA-LSTM,6,1,25,0.7461262304574406
STA-LSTM,6,1,26,0.7463780703887711
STA-LSTM,6,1,27,0.746514105711771
STA-LSTM,6,1,28,0.746731212433553
STA-LSTM,6,1,29,0.746820929747759
STA-LSTM,6,1,30,0.746968556372691
STA-LSTM,6,1,31,0.7471393495784304
STA-LSTM,6,1,32,0.7472290747368056
STA-LSTM,6,1,33,0.7474346204628107
STA-LSTM,6,1,34,0.7476054250008687
STA-LSTM,6,1,35,0.7476256659717396
STA-LSTM,6,1,36,0.7477154009196307
STA-LSTM,6,1,37,0.7478862146447682
STA-LSTM,6,1,38,0.748114944925119
STA-LSTM,6,1,39,0.748216271312083
STA-LSTM,6,1,40,0.7482712688944229
STA-LSTM,6,1,41,0.7482915189844094
STA-LSTM,6,1,42,0.7483001864872065
STA-LSTM,6,1,43,0.7482393550479544
STA-LSTM,6,1,44,0.7482132721733792
STA-LSTM,6,1,45,0.7480250202710529
STA-LSTM,6,1,46,0.7479178491584519
STA-LSTM,6,1,47,0.7477527569270689
STA-LSTM,6,1,48,0.7475760770095103
STA-LSTM,6,1,49,0.7474341449852884
STA-LSTM,6,1,50,0.7469678540399652
STA-LSTM,6,1,51,0.7465247208192392
STA-LSTM,6,1,52,0.7460004865447216
STA-LSTM,6,1,53,0.7455225782535159
STA-LSTM,6,1,54,0.744986735556817
STA-LSTM,6,1,55,0.7443582020389249
STA-LSTM,6,1,56,0.7437528238278942
STA-LSTM,6,1,57,0.7432516972126324
STA-LSTM,6,1,58,0.7426694625624153
STA-LSTM,6,1,59,0.7419366050326707
STA-LSTM,6,1,60,0.7412964142964722
STA-LSTM,7,2,-60,0.7402421363610033
STA-LSTM,7,2,-59,0.7397817322396775
STA-LSTM,7,2,-58,0.7393560943962372
STA-LSTM,7,2,-57,0.7389304664148845
STA-LSTM,7,2,-56,0.738470093490425
STA-LSTM,7,2,-55,0.7381371640407784
STA-LSTM,7,2,-54,0.7377810729718145
STA-LSTM,7,2,-53,0.7374713282824772
STA-LSTM,7,2,-52,0.7371268375751537
STA-LSTM,7,2,-51,0.7368171076409805
STA-LSTM,7,2,-50,0.7364842166232262
STA-LSTM,7,2,-49,0.736151333317888
STA-LSTM,7,2,-48,0.735783706140605
STA-LSTM,7,2,-47,0.7353581688444074
STA-LSTM,7,2,-46,0.7348747234417171
STA-LSTM,7,2,-45,0.7343912892389668
STA-LSTM,7,2,-44,0.7339657828589962
STA-LSTM,7,2,-43,0.7335402863364685
STA-LSTM,7,2,-42,0.7331379657836516
STA-LSTM,7,2,-41,0.7326777399402321
STA-LSTM,7,2,-40,0.7322406903341634
STA-LSTM,7,2,-39,0.7317573202372127
STA-LSTM,7,2,-38,0.7313434564555173
STA-LSTM,7,2,-37,0.7309064374898654
STA-LSTM,7,2,-36,0.7303420238826023
STA-LSTM,7,2,-35,0.7298355339356034
STA-LSTM,7,2,-34,0.7292595638225177
STA-LSTM,7,2,-33,0.7287530981445878
STA-LSTM,7,2,-32,0.7282698076277173
STA-LSTM,7,2,-31,0.7277981098860372
STA-LSTM,7,2,-30,0.7273032601771962
STA-LSTM,7,2,-29,0.7268084219303732
STA-LSTM,7,2,-28,0.7263715010365155
STA-LSTM,7,2,-27,0.7259230092185112
STA-LSTM,7,2,-26,0.7254629468783657
STA-LSTM,7,2,-25,0.7250376375217139
STA-LSTM,7,2,-24,0.7246007573739737
STA-LSTM,7,2,-23,0.7241291458217528
STA-LSTM,7,2,-22,0.7236807059395736
STA-LSTM,7,2,-21,0.7232785974013942
STA-LSTM,7,2,-20,0.7228533379653754
STA-LSTM,7,2,-19,0.7224975682060308
STA-LSTM,7,2,-18,0.7219912688027607
STA-LSTM,7,2,-17,0.721484981125084
STA-LSTM,7,2,-16,0.7209902847416019
STA-LSTM,7,2,-15,0.7204724409448819
STA-LSTM,7,2,-14,0.7201051400516437
STA-LSTM,7,2,-13,0.7196799518306662
STA-LSTM,7,2,-12,0.7193126686196635
STA-LSTM,7,2,-11,0.7188411838265945
STA-LSTM,7,2,-10,0.7183928674810398
STA-LSTM,7,2,-9,0.7179214042563046
STA-LSTM,7,2,-8,0.7174846874384893
STA-LSTM,7,2,-7,0.7170942941830307
STA-LSTM,7,2,-6,0.7166575970544987
STA-LSTM,7,2,-5,0.7161977538497163
STA-LSTM,7,2,-4,0.7156452976114668
STA-LSTM,7,2,-3,0.7151044319918493
STA-LSTM,7,2,-2,0.7146098896645943
STA-LSTM,7,2,-1,0.7140922036724014
STA-LSTM,7,2,0,0.7136324167872649
STA-LSTM,7,2,1,0.7130386458888092
STA-LSTM,7,2,2,0.7124217058571545
STA-LSTM,7,2,3,0.7118279071921456
STA-LSTM,7,2,4,0.7113730302995218
STA-LSTM,7,2,5,0.7109297209679287
STA-LSTM,7,2,6,0.7105095578274613
STA-LSTM,7,2,7,0.7100314931456095
STA-LSTM,7,2,8,0.7095418388968009
STA-LSTM,7,2,9,0.7090984878308594
STA-LSTM,7,2,10,0.7085856539107277
STA-LSTM,7,2,11,0.7080496503172619
STA-LSTM,7,2,12,0.7075831085071154
STA-LSTM,7,2,13,0.7071512933929275
STA-LSTM,7,2,14,0.7067194682785053
STA-LSTM,7,2,15,0.706276053728578
STA-LSTM,7,2,16,0.705832628909552
STA-LSTM,7,2,17,0.7054470923365525
STA-LSTM,7,2,18,0.7050615468346515
STA-LSTM,7,2,19,0.7046644124322572
STA-LSTM,7,2,20,0.704394649991315
STA-LSTM,7,2,21,0.7041827824999422
STA-LSTM,7,2,22,0.7039940708487256
STA-LSTM,7,2,23,0.7038169353344451
STA-LSTM,7,2,24,0.7035587312248844
STA-LSTM,7,2,25,0.7032541980312681
STA-LSTM,7,2,26,0.7029033341439971
STA-LSTM,7,2,27,0.702482975865104
STA-LSTM,7,2,28,0.7019931207801081
STA-LSTM,7,2,29,0.7014221851620226
STA-LSTM,7,2,30,0.7008743992124616
STA-LSTM,7,2,31,0.700384508477717
STA-LSTM,7,2,32,0.6998366978214795
STA-LSTM,7,2,33,0.6992888744759214
STA-LSTM,7,2,34,0.6987178744744675
STA-LSTM,7,2,35,0.6981584433634468
STA-LSTM,7,2,36,0.6976453282989148
STA-LSTM,7,2,37,0.6971901132757302
STA-LSTM,7,2,38,0.6967348877074718
STA-LSTM,7,2,39,0.6963259822090437
STA-LSTM,7,2,40,0.69589390166213
STA-LSTM,7,2,41,0.695427062339287
STA-LSTM,7,2,42,0.6949717952578968
STA-LSTM,7,2,43,0.6945396840105639
STA-LSTM,7,2,44,0.694130729401953
STA-LSTM,7,2,45,0.6937101818603035
STA-LSTM,7,2,46,0.6932664573897531
STA-LSTM,7,2,47,0.6928458900935965
STA-LSTM,7,2,48,0.6925064000834038
STA-LSTM,7,2,49,0.692190070199013
STA-LSTM,7,2,50,0.6918389805965827
STA-LSTM,7,2,51,0.6914415458041796
STA-LSTM,7,2,52,0.6910209330074256
STA-LSTM,7,2,53,0.6906234795301314
STA-LSTM,7,2,54,0.6903186941763881
STA-LSTM,7,2,55,0.6899328081556997
STA-LSTM,7,2,56,0.6895816679989342
STA-LSTM,7,2,57,0.6891725943603884
STA-LSTM,7,2,58,0.6888098520569529
STA-LSTM,7,2,59,0.6884586866861301
STA-LSTM,7,2,60,0.6880611712912008
STA-LSTM,8,2,-60,0.46972136940276893
STA-LSTM,8,2,-59,0.46881227118958246
STA-LSTM,8,2,-58,0.46801904607435385
STA-LSTM,8,2,-57,0.4672605945457494
STA-LSTM,8,2,-56,0.4665137455253189
STA-LSTM,8,2,-55,0.4658248378127896
STA-LSTM,8,2,-54,0.46512436139525726
STA-LSTM,8,2,-53,0.46453974653043256
STA-LSTM,8,2,-52,0.4639551452104306
STA-LSTM,8,2,-51,0.46334738890690885
STA-LSTM,8,2,-50,0.46269331016507387
STA-LSTM,8,2,-49,0.462097166554688
STA-LSTM,8,2,-48,0.46151262061695647
STA-LSTM,8,2,-47,0.4608470021314058
STA-LSTM,8,2,-46,0.4603667365543444
STA-LSTM,8,2,-45,0.45989806556237695
STA-LSTM,8,2,-44,0.4595568219990502
STA-LSTM,8,2,-43,0.45918083676967986
STA-LSTM,8,2,-42,0.4587816941378152
STA-LSTM,8,2,-41,0.458370977830287
STA-LSTM,8,2,-40,0.45811084728094054
STA-LSTM,8,2,-39,0.4576885656041512
STA-LSTM,8,2,-38,0.45738211890614683
STA-LSTM,8,2,-37,0.45708726169241815
STA-LSTM,8,2,-36,0.4567576645548362
STA-LSTM,8,2,-35,0.4564512392865416
STA-LSTM,8,2,-34,0.4560521652517344
STA-LSTM,8,2,-33,0.4555951912163258
STA-LSTM,8,2,-32,0.4550339923329048
STA-LSTM,8,2,-31,0.45453071435189474
STA-LSTM,8,2,-30,0.4539927036886907
STA-LSTM,8,2,-29,0.45346628679962014
STA-LSTM,8,2,-28,0.4528935573905289
STA-LSTM,8,2,-27,0.45227451707045907
STA-LSTM,8,2,-26,0.45167865290854553
STA-LSTM,8,2,-25,0.45103647944412273
STA-LSTM,8,2,-24,0.45035957892786416
STA-LSTM,8,2,-23,0.4498679822123402
STA-LSTM,8,2,-22,0.4495269417391405
STA-LSTM,8,2,-21,0.4491627486856428
STA-LSTM,8,2,-20,0.44876382375079615
STA-LSTM,8,2,-19,0.4484228079114364
STA-LSTM,8,2,-18,0.44795442176083006
STA-LSTM,8,2,-17,0.44750920586396165
STA-LSTM,8,2,-16,0.44721453467501937
STA-LSTM,8,2,-15,0.44694302918017603
STA-LSTM,8,2,-14,0.44669468857470385
STA-LSTM,8,2,-13,0.446353720386281
STA-LSTM,8,2,-12,0.4459896020286465
STA-LSTM,8,2,-11,0.4456718076976518
STA-LSTM,8,2,-10,0.4454698083714468
STA-LSTM,8,2,-9,0.4453257068753908
STA-LSTM,8,2,-8,0.44519318721270856
STA-LSTM,8,2,-7,0.44503751389403484
STA-LSTM,8,2,-6,0.44491657886510205
STA-LSTM,8,2,-5,0.4447377561653352
STA-LSTM,8,2,-4,0.44454735964617753
STA-LSTM,8,2,-3,0.44440327884036496
STA-LSTM,8,2,-2,0.4442939344471073
STA-LSTM,8,2,-1,0.44426563549216197
STA-LSTM,8,2,0,0.4441331403762663
STA-LSTM,8,2,1,0.4440688170051173
STA-LSTM,8,2,2,0.44402764752874163
STA-LSTM,8,2,3,0.444021210577502
STA-LSTM,8,2,4,0.44408424123837864
STA-LSTM,8,2,5,0.44415885145305084
STA-LSTM,8,2,6,0.44415241579733467
STA-LSTM,8,2,7,0.44414597999258987
STA-LSTM,8,2,8,0.44408165155672885
STA-LSTM,8,2,9,0.44393627121784035
STA-LSTM,8,2,10,0.4438140450413941
STA-LSTM,8,2,11,0.44380760502061045
STA-LSTM,8,2,12,0.44363905839306184
STA-LSTM,8,2,13,0.44351682452930685
STA-LSTM,8,2,14,0.4433714292331029
STA-LSTM,8,2,15,0.4431912922649375
STA-LSTM,8,2,16,0.44301115112495515
STA-LSTM,8,2,17,0.44281942610991454
STA-LSTM,8,2,18,0.44253505795708514
STA-LSTM,8,2,19,0.442273843160869
STA-LSTM,8,2,20,0.4420010422094841
STA-LSTM,8,2,21,0.44173981517937794
STA-LSTM,8,2,22,0.4414322606047271
STA-LSTM,8,2,23,0.4412173429683157
STA-LSTM,8,2,24,0.4409097752197427
STA-LSTM,8,2,25,0.4405906195715113
STA-LSTM,8,2,26,0.44029461835111006
STA-LSTM,8,2,27,0.4399986102747024
STA-LSTM,8,2,28,0.43977208241166454
STA-LSTM,8,2,29,0.4395223866768582
STA-LSTM,8,2,30,0.4391800335861949
STA-LSTM,8,2,31,0.43879134624293525
STA-LSTM,8,2,32,0.43853004875901924
STA-LSTM,8,2,33,0.4382803270714137
STA-LSTM,8,2,34,0.43804218158233055
STA-LSTM,8,2,35,0.4378851053972666
STA-LSTM,8,2,36,0.437728025573611
STA-LSTM,8,2,37,0.4374319534851398
STA-LSTM,8,2,38,0.43714745705780833
STA-LSTM,8,2,39,0.4369092846553002
STA-LSTM,8,2,40,0.43686801413100135
STA-LSTM,8,2,41,0.43671091342923996
STA-LSTM,8,2,42,0.43660014131328695
STA-LSTM,8,2,43,0.4365241162025668
STA-LSTM,8,2,44,0.43639017270737046
STA-LSTM,8,2,45,0.4362562261091162
STA-LSTM,8,2,46,0.43607594203570066
STA-LSTM,8,2,47,0.43581456769530164
STA-LSTM,8,2,48,0.4355300195767257
STA-LSTM,8,2,49,0.4351991288835345
STA-LSTM,8,2,50,0.4347639733565016
STA-LSTM,8,2,51,0.43439831333117096
STA-LSTM,8,2,52,0.43404422923207026
STA-LSTM,8,2,53,0.4337017214615046
STA-LSTM,8,2,54,0.43345188308754534
STA-LSTM,8,2,55,0.4331325301204819
STA-LSTM,8,2,56,0.4328710944288048
STA-LSTM,8,2,57,0.4327023332329294
STA-LSTM,8,2,58,0.43249881251665373
STA-LSTM,8,2,59,0.4323416284350526
STA-LSTM,8,2,60,0.4321033424086196
STA-LSTM,9,2,-60,0.7808839714997393
STA-LSTM,9,2,-59,0.7801682191019046
STA-LSTM,9,2,-58,0.7794988241018571
STA-LSTM,9,2,-57,0.7787599341968071
STA-LSTM,9,2,-56,0.7780326463466908
STA-LSTM,9,2,-55,0.7773169601482854
STA-LSTM,9,2,-54,0.7766128751983874
STA-LSTM,9,2,-53,0.7759435601584764
STA-LSTM,9,2,-52,0.775309013820187
STA-LSTM,9,2,-51,0.7746049765997869
STA-LSTM,9,2,-50,0.7739009556907037
STA-LSTM,9,2,-49,0.7731042791279568
STA-LSTM,9,2,-48,0.7722497017155698
STA-LSTM,9,2,-47,0.7713603929200259
STA-LSTM,9,2,-46,0.7704595211342654
STA-LSTM,9,2,-45,0.7696050040542106
STA-LSTM,9,2,-44,0.7687620900950991
STA-LSTM,9,2,-43,0.7679655284251494
STA-LSTM,9,2,-42,0.7670531546453847
STA-LSTM,9,2,-41,0.7661987166122269
STA-LSTM,9,2,-40,0.7653211327966641
STA-LSTM,9,2,-39,0.764455151964418
STA-LSTM,9,2,-38,0.763589191192652
STA-LSTM,9,2,-37,0.7627695800227015
STA-LSTM,9,2,-36,0.761892076581846
STA-LSTM,9,2,-35,0.761072504053741
STA-LSTM,9,2,-34,0.7603571883577906
STA-LSTM,9,2,-33,0.7595608162887123
STA-LSTM,9,2,-32,0.7589150249585954
STA-LSTM,9,2,-31,0.7583734828129343
STA-LSTM,9,2,-30,0.7578087903179107
STA-LSTM,9,2,-29,0.7572209482778588
STA-LSTM,9,2,-28,0.7565636327839994
STA-LSTM,9,2,-27,0.7559294946032334
STA-LSTM,9,2,-26,0.7553069520202897
STA-LSTM,9,2,-25,0.7545338737695425
STA-LSTM,9,2,-24,0.7537955553496775
STA-LSTM,9,2,-23,0.753115156568464
STA-LSTM,9,2,-22,0.7524347735457946
STA-LSTM,9,2,-21,0.7517891469995599
STA-LSTM,9,2,-20,0.7511435354061722
STA-LSTM,9,2,-19,0.7505095187363935
STA-LSTM,9,2,-18,0.7498986764246095
STA-LSTM,9,2,-17,0.7493457467750527
STA-LSTM,9,2,-16,0.7489665234659966
STA-LSTM,9,2,-15,0.7485641500694766
STA-LSTM,9,2,-14,0.7480807308854691
STA-LSTM,9,2,-13,0.7476667978972233
STA-LSTM,9,2,-12,0.7472760325602399
STA-LSTM,9,2,-11,0.7468505395766755
STA-LSTM,9,2,-10,0.7463208475655647
STA-LSTM,9,2,-9,0.745906954125466
STA-LSTM,9,2,-8,0.7455856982412264
STA-LSTM,9,2,-7,0.7452528714338644
STA-LSTM,9,2,-6,0.7448390047354954
STA-LSTM,9,2,-5,0.7445409285631585
STA-LSTM,9,2,-4,0.7442312813328548
STA-LSTM,9,2,-3,0.7438521743157505
STA-LSTM,9,2,-2,0.7434614983849119
STA-LSTM,9,2,-1,0.7431055641744043
STA-LSTM,9,2,0,0.7427149059334298
STA-LSTM,9,2,1,0.7423414453423484
STA-LSTM,9,2,2,0.7420374422562607
STA-LSTM,9,2,3,0.7416292316954569
STA-LSTM,9,2,4,0.7411862778015769
STA-LSTM,9,2,5,0.7407780479333101
STA-LSTM,9,2,6,0.7403582303835867
STA-LSTM,9,2,7,0.739834197851056
STA-LSTM,9,2,8,0.7392869961906747
STA-LSTM,9,2,9,0.7387513604890813
STA-LSTM,9,2,10,0.7382504486771262
STA-LSTM,9,2,11,0.7377611041637719
STA-LSTM,9,2,12,0.7373064854162084
STA-LSTM,9,2,13,0.7368055394733795
STA-LSTM,9,2,14,0.7363045819293431
STA-LSTM,9,2,15,0.7357688744789255
STA-LSTM,9,2,16,0.7352678933290103
STA-LSTM,9,2,17,0.7347437411704764
STA-LSTM,9,2,18,0.7341616776868117
STA-LSTM,9,2,19,0.7336027606651535
STA-LSTM,9,2,20,0.7329396097504487
STA-LSTM,9,2,21,0.7323459249137272
STA-LSTM,9,2,22,0.7317869674475699
STA-LSTM,9,2,23,0.7312743190661478
STA-LSTM,9,2,24,0.7306574330349388
STA-LSTM,9,2,25,0.7300521134916039
STA-LSTM,9,2,26,0.7294236181079109
STA-LSTM,9,2,27,0.7289456617408625
STA-LSTM,9,2,28,0.7284676943032184
STA-LSTM,9,2,29,0.7280012971069881
STA-LSTM,9,2,30,0.7276043777867855
STA-LSTM,9,2,31,0.7272190308533308
STA-LSTM,9,2,32,0.7268105115643422
STA-LSTM,9,2,33,0.7264135646614626
STA-LSTM,9,2,34,0.7260050265806511
STA-LSTM,9,2,35,0.7256080611535789
STA-LSTM,9,2,36,0.725234251033716
STA-LSTM,9,2,37,0.7249762561097084
STA-LSTM,9,2,38,0.7246719251305929
STA-LSTM,9,2,39,0.7242749258710156
STA-LSTM,9,2,40,0.7238547518387676
STA-LSTM,9,2,41,0.7234345680728335
STA-LSTM,9,2,42,0.7229796254039591
STA-LSTM,9,2,43,0.7225246721957096
STA-LSTM,9,2,44,0.7221276250709479
STA-LSTM,9,2,45,0.721742152206649
STA-LSTM,9,2,46,0.7213219196330318
STA-LSTM,9,2,47,0.7209132610508757
STA-LSTM,9,2,48,0.7204582575555736
STA-LSTM,9,2,49,0.719980075527651
STA-LSTM,9,2,50,0.7194787141615986
STA-LSTM,9,2,51,0.7190584310272925
STA-LSTM,9,2,52,0.7185918005630018
STA-LSTM,9,2,53,0.7180904056903222
STA-LSTM,9,2,54,0.7176353378667994
STA-LSTM,9,2,55,0.7171570898980537
STA-LSTM,9,2,56,0.7166672459134142
STA-LSTM,9,2,57,0.7161194652332075
STA-LSTM,9,2,58,0.7156643534877255
STA-LSTM,9,2,59,0.7151744751842068
STA-LSTM,9,2,60,0.714661414586109
STA-LSTM,10,2,-60,0.7094363667960377
STA-LSTM,10,2,-59,0.7097988785393207
STA-LSTM,10,2,-58,0.710207722696572
STA-LSTM,10,2,-57,0.710581802173359
STA-LSTM,10,2,-56,0.7110022127225756
STA-LSTM,10,2,-55,0.711468952734013
STA-LSTM,10,2,-54,0.711947266597931
STA-LSTM,10,2,-53,0.7124139848474317
STA-LSTM,10,2,-52,0.7129617830705606
STA-LSTM,10,2,-51,0.7135790741856263
STA-LSTM,10,2,-50,0.7140920938314509
STA-LSTM,10,2,-49,0.7145355976183305
STA-LSTM,10,2,-48,0.7149906749916017
STA-LSTM,10,2,-47,0.7154225743675285
STA-LSTM,10,2,-46,0.7159355488885543
STA-LSTM,10,2,-45,0.7164137611490791
STA-LSTM,10,2,-44,0.7170077955774866
STA-LSTM,10,2,-43,0.7176481490061623
STA-LSTM,10,2,-42,0.7180915756431492
STA-LSTM,10,2,-41,0.7185118261635045
STA-LSTM,10,2,-40,0.7190015636763769
STA-LSTM,10,2,-39,0.7194681245366938
STA-LSTM,10,2,-38,0.720004169707078
STA-LSTM,10,2,-37,0.7204938729180662
STA-LSTM,10,2,-36,0.7209372357798909
STA-LSTM,10,2,-35,0.7213690062543433
STA-LSTM,10,2,-34,0.721881840608749
STA-LSTM,10,2,-33,0.722498899724352
STA-LSTM,10,2,-32,0.7230811994023835
STA-LSTM,10,2,-31,0.7236750671731678
STA-LSTM,10,2,-30,0.7242920840813017
STA-LSTM,10,2,-29,0.7249554119472819
STA-LSTM,10,2,-28,0.7256418868055636
STA-LSTM,10,2,-27,0.7263630888960949
STA-LSTM,10,2,-26,0.727095855192301
STA-LSTM,10,2,-25,0.7279096699478865
STA-LSTM,10,2,-24,0.7288045303470718
STA-LSTM,10,2,-23,0.7296993700203817
STA-LSTM,10,2,-22,0.730605769342119
STA-LSTM,10,2,-21,0.7314658267132964
STA-LSTM,10,2,-20,0.7324300851137745
STA-LSTM,10,2,-19,0.7334406410672102
STA-LSTM,10,2,-18,0.734428013942124
STA-LSTM,10,2,-17,0.7354385233562611
STA-LSTM,10,2,-16,0.7364605889368798
STA-LSTM,10,2,-15,0.7374710514126911
STA-LSTM,10,2,-14,0.7384235939833953
STA-LSTM,10,2,-13,0.7393992728283273
STA-LSTM,10,2,-12,0.7404675613399256
STA-LSTM,10,2,-11,0.7415937196053911
STA-LSTM,10,2,-10,0.7425693278527181
STA-LSTM,10,2,-9,0.7435680707685894
STA-LSTM,10,2,-8,0.7445667905565784
STA-LSTM,10,2,-7,0.7456233790292701
STA-LSTM,10,2,-6,0.7465641607521217
STA-LSTM,10,2,-5,0.7474238740303346
STA-LSTM,10,2,-4,0.7482604114807053
STA-LSTM,10,2,-3,0.7489927291251794
STA-LSTM,10,2,-2,0.7497481851967629
STA-LSTM,10,2,-1,0.7504341584273045
STA-LSTM,10,2,0,0.7511664254703329
STA-LSTM,10,2,1,0.7518581980688633
STA-LSTM,10,2,2,0.7525615643777569
STA-LSTM,10,2,3,0.7532070578428194
STA-LSTM,10,2,4,0.7538409882946823
STA-LSTM,10,2,5,0.7545559800856779
STA-LSTM,10,2,6,0.7552478319767509
STA-LSTM,10,2,7,0.7559512782512041
STA-LSTM,10,2,8,0.756585269836859
STA-LSTM,10,2,9,0.7571382256906654
STA-LSTM,10,2,10,0.7575175128813756
STA-LSTM,10,2,11,0.7579315455513872
STA-LSTM,10,2,12,0.7582761136134687
STA-LSTM,10,2,13,0.7584238438201987
STA-LSTM,10,2,14,0.7584789430414192
STA-LSTM,10,2,15,0.7584298286243631
STA-LSTM,10,2,16,0.7582533378107666
STA-LSTM,10,2,17,0.7580189443942658
STA-LSTM,10,2,18,0.7577729657121021
STA-LSTM,10,2,19,0.7573996016489879
STA-LSTM,10,2,20,0.757107289676336
STA-LSTM,10,2,21,0.7567918104546402
STA-LSTM,10,2,22,0.75631419869605
STA-LSTM,10,2,23,0.7558944784139336
STA-LSTM,10,2,24,0.7554863290523561
STA-LSTM,10,2,25,0.755020266357846
STA-LSTM,10,2,26,0.7545426119584477
STA-LSTM,10,2,27,0.7540533654514291
STA-LSTM,10,2,28,0.7534482958296177
STA-LSTM,10,2,29,0.7528084682556228
STA-LSTM,10,2,30,0.752133881521802
STA-LSTM,10,2,31,0.751447697581766
STA-LSTM,10,2,32,0.7507151708882017
STA-LSTM,10,2,33,0.7498783905862731
STA-LSTM,10,2,34,0.7490531728842612
STA-LSTM,10,2,35,0.748239518183924
STA-LSTM,10,2,36,0.7472984398707421
STA-LSTM,10,2,37,0.7463920869142209
STA-LSTM,10,2,38,0.745636285717595
STA-LSTM,10,2,39,0.744845719051149
STA-LSTM,10,2,40,0.7439856373429085
STA-LSTM,10,2,41,0.7431023698658697
STA-LSTM,10,2,42,0.7422422480395677
STA-LSTM,10,2,43,0.7415326877635176
STA-LSTM,10,2,44,0.7406956944782291
STA-LSTM,10,2,45,0.739928182555311
STA-LSTM,10,2,46,0.7392185708162958
STA-LSTM,10,2,47,0.7385668612732833
STA-LSTM,10,2,48,0.7378456334634587
STA-LSTM,10,2,49,0.7371938929175451
STA-LSTM,10,2,50,0.7365421372719374
STA-LSTM,10,2,51,0.7359367035818544
STA-LSTM,10,2,52,0.7354007622533971
STA-LSTM,10,2,53,0.7348416394430157
STA-LSTM,10,2,54,0.7343751810104147
STA-LSTM,10,2,55,0.7337696941612605
STA-LSTM,10,2,56,0.7331873631529559
STA-LSTM,10,2,57,0.7325586783753099
STA-LSTM,10,2,58,0.7319415642341601
STA-LSTM,10,2,59,0.7313939478196395
STA-LSTM,10,2,60,0.7308694896599665
STA-LSTM,11,3,-60,0.7331981694954527
STA-LSTM,11,3,-59,0.7338036980397609
STA-LSTM,11,3,-58,0.7345598201976435
STA-LSTM,11,3,-57,0.735084223452814
STA-LSTM,11,3,-56,0.735388500793568
STA-LSTM,11,3,-55,0.7359708063021316
STA-LSTM,11,3,-54,0.7365067596529233
STA-LSTM,11,3,-53,0.7371817149741665
STA-LSTM,11,3,-52,0.7377755638705791
STA-LSTM,11,3,-51,0.738462073119874
STA-LSTM,11,3,-50,0.7390327251665219
STA-LSTM,11,3,-49,0.7396612839700669
STA-LSTM,11,3,-48,0.7403361636567933
STA-LSTM,11,3,-47,0.7411152812528959
STA-LSTM,11,3,-46,0.7419986331360261
STA-LSTM,11,3,-45,0.7428472141781536
STA-LSTM,11,3,-44,0.743522025691814
STA-LSTM,11,3,-43,0.7442199879534819
STA-LSTM,11,3,-42,0.7449526832149931
STA-LSTM,11,3,-41,0.7457780248801168
STA-LSTM,11,3,-40,0.7466612613656107
STA-LSTM,11,3,-39,0.7476255559673832
STA-LSTM,11,3,-38,0.7485434981525881
STA-LSTM,11,3,-37,0.7493455952187913
STA-LSTM,11,3,-36,0.7501592559561727
STA-LSTM,11,3,-35,0.7509497336113041
STA-LSTM,11,3,-34,0.7519023407187778
STA-LSTM,11,3,-33,0.7526696161775266
STA-LSTM,11,3,-32,0.7535295275818538
STA-LSTM,11,3,-31,0.7543083480033355
STA-LSTM,11,3,-30,0.7550871503850831
STA-LSTM,11,3,-29,0.7560743983508211
STA-LSTM,11,3,-28,0.7570616234495697
STA-LSTM,11,3,-27,0.7580488256821235
STA-LSTM,11,3,-26,0.7590475859593047
STA-LSTM,11,3,-25,0.7598841922408801
STA-LSTM,11,3,-24,0.7608134242799736
STA-LSTM,11,3,-23,0.7618005373355567
STA-LSTM,11,3,-22,0.7627760471552812
STA-LSTM,11,3,-21,0.7637978553396484
STA-LSTM,11,3,-20,0.7649817613340282
STA-LSTM,11,3,-19,0.765922460512298
STA-LSTM,11,3,-18,0.7668052387183436
STA-LSTM,11,3,-17,0.7677690544014452
STA-LSTM,11,3,-16,0.7686981090563809
STA-LSTM,11,3,-15,0.7697197776748494
STA-LSTM,11,3,-14,0.7707414226329015
STA-LSTM,11,3,-13,0.7717051480975429
STA-LSTM,11,3,-12,0.7726920093095423
STA-LSTM,11,3,-11,0.773620953174934
STA-LSTM,11,3,-10,0.7743067214728189
STA-LSTM,11,3,-9,0.7749345807377903
STA-LSTM,11,3,-8,0.7756434749383445
STA-LSTM,11,3,-7,0.776329195998518
STA-LSTM,11,3,-6,0.7770612140930195
STA-LSTM,11,3,-5,0.777723746671298
STA-LSTM,11,3,-4,0.7783515300274397
STA-LSTM,11,3,-3,0.7789098318899643
STA-LSTM,11,3,-2,0.7793986546721776
STA-LSTM,11,3,-1,0.77994535392595
STA-LSTM,11,3,0,0.7804457308248914
STA-LSTM,11,3,1,0.7809294463611735
STA-LSTM,11,3,2,0.7812858184849432
STA-LSTM,11,3,3,0.7816306210345946
STA-LSTM,11,3,4,0.7819059638072964
STA-LSTM,11,3,5,0.7821465786731504
STA-LSTM,11,3,6,0.782340886197594
STA-LSTM,11,3,7,0.7825236198592072
STA-LSTM,11,3,8,0.7826137297810506
STA-LSTM,11,3,9,0.782622791376236
STA-LSTM,11,3,10,0.782666589474903
STA-LSTM,11,3,11,0.7826524940947617
STA-LSTM,11,3,12,0.7825573451593854
STA-LSTM,11,3,13,0.7824042981867025
STA-LSTM,11,3,14,0.7821586132629312
STA-LSTM,11,3,15,0.7818087077350625
STA-LSTM,11,3,16,0.7814587941036835
STA-LSTM,11,3,17,0.7808309594941986
STA-LSTM,11,3,18,0.7801104716467686
STA-LSTM,11,3,19,0.7794594469405716
STA-LSTM,11,3,20,0.7787620867349893
STA-LSTM,11,3,21,0.7780994510966487
STA-LSTM,11,3,22,0.7774368001111716
STA-LSTM,11,3,23,0.7767046507318881
STA-LSTM,11,3,24,0.7759145811860894
STA-LSTM,11,3,25,0.7751129125651418
STA-LSTM,11,3,26,0.7744038726563134
STA-LSTM,11,3,27,0.7736369111039051
STA-LSTM,11,3,28,0.77286993178686
STA-LSTM,11,3,29,0.7719871215806176
STA-LSTM,11,3,30,0.77116219815855
STA-LSTM,11,3,31,0.7703025108866858
STA-LSTM,11,3,32,0.7693848951275726
STA-LSTM,11,3,33,0.7683514396238216
STA-LSTM,11,3,34,0.7674801079440822
STA-LSTM,11,3,35,0.7665855918461895
STA-LSTM,11,3,36,0.765563650262338
STA-LSTM,11,3,37,0.7644374435358706
STA-LSTM,11,3,38,0.7632996282011189
STA-LSTM,11,3,39,0.7621617865085248
STA-LSTM,11,3,40,0.7610123356691956
STA-LSTM,11,3,41,0.7599323557347047
STA-LSTM,11,3,42,0.7588755168938877
STA-LSTM,11,3,43,0.7578765695223092
STA-LSTM,11,3,44,0.7569586822809883
STA-LSTM,11,3,45,0.7560639406926908
STA-LSTM,11,3,46,0.7552850143057374
STA-LSTM,11,3,47,0.7543902326012418
STA-LSTM,11,3,48,0.7535070140280561
STA-LSTM,11,3,49,0.7525079350369529
STA-LSTM,11,3,50,0.7517057631045467
STA-LSTM,11,3,51,0.7507298086279598
STA-LSTM,11,3,52,0.7496727407527541
STA-LSTM,11,3,53,0.7486272329186071
STA-LSTM,11,3,54,0.7475701161942053
STA-LSTM,11,3,55,0.7466635773864689
STA-LSTM,11,3,56,0.7456990928995934
STA-LSTM,11,3,57,0.7448736068954331
STA-LSTM,11,3,58,0.7441523685948307
STA-LSTM,11,3,59,0.7436396496593911
STA-LSTM,11,3,60,0.7429067948792215
STA-LSTM,12,3,-60,0.7878004981752882
STA-LSTM,12,3,-59,0.7883706381203949
STA-LSTM,12,3,-58,0.7888133276179663
STA-LSTM,12,3,-57,0.7893255172733381
STA-LSTM,12,3,-56,0.7898376950613423
STA-LSTM,12,3,-55,0.7903498609823911
STA-LSTM,12,3,-54,0.7908504303703617
STA-LSTM,12,3,-53,0.7913741572252728
STA-LSTM,12,3,-52,0.7918631187516653
STA-LSTM,12,3,-51,0.7924099902692183
STA-LSTM,12,3,-50,0.7929684332464524
STA-LSTM,12,3,-49,0.793596367258995
STA-LSTM,12,3,-48,0.79434012533738
STA-LSTM,12,3,-47,0.7950143638217033
STA-LSTM,12,3,-46,0.7956422523138227
STA-LSTM,12,3,-45,0.7964438781420132
STA-LSTM,12,3,-44,0.7971296521527609
STA-LSTM,12,3,-43,0.7978617430385025
STA-LSTM,12,3,-42,0.798582233908239
STA-LSTM,12,3,-41,0.799395371464313
STA-LSTM,12,3,-40,0.8002200729715643
STA-LSTM,12,3,-39,0.8011142512972572
STA-LSTM,12,3,-38,0.8020663215075807
STA-LSTM,12,3,-37,0.8028677986518103
STA-LSTM,12,3,-36,0.8036924217329364
STA-LSTM,12,3,-35,0.8046328468844105
STA-LSTM,12,3,-34,0.8055732502519082
STA-LSTM,12,3,-33,0.8064788862894072
STA-LSTM,12,3,-32,0.8075466453563115
STA-LSTM,12,3,-31,0.8085217270453071
STA-LSTM,12,3,-30,0.8096589263999073
STA-LSTM,12,3,-29,0.8109350751627175
STA-LSTM,12,3,-28,0.8121532884755696
STA-LSTM,12,3,-27,0.8133714735720573
STA-LSTM,12,3,-26,0.8145780495431331
STA-LSTM,12,3,-25,0.8156572090330052
STA-LSTM,12,3,-24,0.8167595048117566
STA-LSTM,12,3,-23,0.8178849360755975
STA-LSTM,12,3,-22,0.8190566627679409
STA-LSTM,12,3,-21,0.8201936216040948
STA-LSTM,12,3,-20,0.8213073938972845
STA-LSTM,12,3,-19,0.8223748205104451
STA-LSTM,12,3,-18,0.8233032643561031
STA-LSTM,12,3,-17,0.8243243243243243
STA-LSTM,12,3,-16,0.8252874628006346
STA-LSTM,12,3,-15,0.826146364057434
STA-LSTM,12,3,-14,0.8269241903173886
STA-LSTM,12,3,-13,0.8277251568977096
STA-LSTM,12,3,-12,0.8284913678311314
STA-LSTM,12,3,-11,0.8291996665277199
STA-LSTM,12,3,-10,0.8298616337636774
STA-LSTM,12,3,-9,0.8304888497788482
STA-LSTM,12,3,-8,0.8311739437516644
STA-LSTM,12,3,-7,0.8317085031493145
STA-LSTM,12,3,-6,0.8323472542231588
STA-LSTM,12,3,-5,0.832823897186523
STA-LSTM,12,3,-4,0.8332310613516111
STA-LSTM,12,3,-3,0.8335919047839577
STA-LSTM,12,3,-2,0.8339295844766305
STA-LSTM,12,3,-1,0.834174635885799
STA-LSTM,12,3,0,0.8341534008683068
STA-LSTM,12,3,1,0.834047282747123
STA-LSTM,12,3,2,0.8339064290924247
STA-LSTM,12,3,3,0.8337424165238735
STA-LSTM,12,3,4,0.8334857764759005
STA-LSTM,12,3,5,0.8332059742966308
STA-LSTM,12,3,6,0.832903009181535
STA-LSTM,12,3,7,0.8324958317895517
STA-LSTM,12,3,8,0.8319033890259011
STA-LSTM,12,3,9,0.8313572470648172
STA-LSTM,12,3,10,0.8309500376309847
STA-LSTM,12,3,11,0.8303691352878514
STA-LSTM,12,3,12,0.8297534823940808
STA-LSTM,12,3,13,0.8290799194089993
STA-LSTM,12,3,14,0.8283484443209319
STA-LSTM,12,3,15,0.8277327466419638
STA-LSTM,12,3,16,0.8270707164279345
STA-LSTM,12,3,17,0.8263507723661966
STA-LSTM,12,3,18,0.8256076519564135
STA-LSTM,12,3,19,0.8248876742785678
STA-LSTM,12,3,20,0.8240866191882346
STA-LSTM,12,3,21,0.8232623850661231
STA-LSTM,12,3,22,0.8224728729748821
STA-LSTM,12,3,23,0.8215906985362238
STA-LSTM,12,3,24,0.8206158585308798
STA-LSTM,12,3,25,0.8196062536189924
STA-LSTM,12,3,26,0.8185966253228179
STA-LSTM,12,3,27,0.8177027840830129
STA-LSTM,12,3,28,0.8166815291787787
STA-LSTM,12,3,29,0.8155907627452343
STA-LSTM,12,3,30,0.814488389599861
STA-LSTM,12,3,31,0.8133512461780784
STA-LSTM,12,3,32,0.8122140764161542
STA-LSTM,12,3,33,0.8112042806513632
STA-LSTM,12,3,34,0.8103102813263687
STA-LSTM,12,3,35,0.8094741718786194
STA-LSTM,12,3,36,0.8085801318060205
STA-LSTM,12,3,37,0.8076165767101392
STA-LSTM,12,3,38,0.8067456594507569
STA-LSTM,12,3,39,0.805921052631579
STA-LSTM,12,3,40,0.8050385127700237
STA-LSTM,12,3,41,0.8041791183079667
STA-LSTM,12,3,42,0.8033660361623017
STA-LSTM,12,3,43,0.8025761015614141
STA-LSTM,12,3,44,0.8017398153618052
STA-LSTM,12,3,45,0.8008803428703811
STA-LSTM,12,3,46,0.8000556012463946
STA-LSTM,12,3,47,0.799184505606524
STA-LSTM,12,3,48,0.798313389785351
STA-LSTM,12,3,49,0.7974075017955193
STA-LSTM,12,3,50,0.7966174341152621
STA-LSTM,12,3,51,0.7958389323942356
STA-LSTM,12,3,52,0.7950256594418637
STA-LSTM,12,3,53,0.7942934593730451
STA-LSTM,12,3,54,0.7935380730065685
STA-LSTM,12,3,55,0.7927942539388323
STA-LSTM,12,3,56,0.7920735875068061
STA-LSTM,12,3,57,0.7913760745151649
STA-LSTM,12,3,58,0.7907712269888898
STA-LSTM,12,3,59,0.7901895361230826
STA-LSTM,12,3,60,0.7896773446098593
STA-LSTM,13,3,-60,0.7840699762497828
STA-LSTM,13,3,-59,0.7848371101533899
STA-LSTM,13,3,-58,0.7856158114855706
STA-LSTM,13,3,-57,0.7863944947751338
STA-LSTM,13,3,-56,0.7870688956081512
STA-LSTM,13,3,-55,0.7878591288229843
STA-LSTM,13,3,-54,0.7887304363943883
STA-LSTM,13,3,-53,0.7895322165844165
STA-LSTM,13,3,-52,0.7903108094018976
STA-LSTM,13,3,-51,0.7911588897641444
STA-LSTM,13,3,-50,0.791902693310165
STA-LSTM,13,3,-49,0.7925653916548896
STA-LSTM,13,3,-48,0.7931122360327592
STA-LSTM,13,3,-47,0.7936474840144565
STA-LSTM,13,3,-46,0.7942406375609586
STA-LSTM,13,3,-45,0.7948685277423839
STA-LSTM,13,3,-44,0.7955079867023434
STA-LSTM,13,3,-43,0.7961821804197748
STA-LSTM,13,3,-42,0.7967984432372326
STA-LSTM,13,3,-41,0.797437857622721
STA-LSTM,13,3,-40,0.7981583367116465
STA-LSTM,13,3,-39,0.7988787991104522
STA-LSTM,13,3,-38,0.7995992448197181
STA-LSTM,13,3,-37,0.8002501795269754
STA-LSTM,13,3,-36,0.8009358459097279
STA-LSTM,13,3,-35,0.8016099142923326
STA-LSTM,13,3,-34,0.8021797292132359
STA-LSTM,13,3,-33,0.8028074401797503
STA-LSTM,13,3,-32,0.8034235548915373
STA-LSTM,13,3,-31,0.8040164921708515
STA-LSTM,13,3,-30,0.8045746713764549
STA-LSTM,13,3,-29,0.8051791629027402
STA-LSTM,13,3,-28,0.8058994522102678
STA-LSTM,13,3,-27,0.8066776300551257
STA-LSTM,13,3,-26,0.8074210471458847
STA-LSTM,13,3,-25,0.8082223508975102
STA-LSTM,13,3,-24,0.8090583780153096
STA-LSTM,13,3,-23,0.8098943857698722
STA-LSTM,13,3,-22,0.8107419545354533
STA-LSTM,13,3,-21,0.8116474048683326
STA-LSTM,13,3,-20,0.8125528342307915
STA-LSTM,13,3,-19,0.8134003427671499
STA-LSTM,13,3,-18,0.8142941510242366
STA-LSTM,13,3,-17,0.8151763588781583
STA-LSTM,13,3,-16,0.8160353871628898
STA-LSTM,13,3,-15,0.8169522927281149
STA-LSTM,13,3,-14,0.8178923356607728
STA-LSTM,13,3,-13,0.8187513026562608
STA-LSTM,13,3,-12,0.8196565658904855
STA-LSTM,13,3,-11,0.8206312815524988
STA-LSTM,13,3,-10,0.8216870259943264
STA-LSTM,13,3,-9,0.8226964314660862
STA-LSTM,13,3,-8,0.8237058135630507
STA-LSTM,13,3,-7,0.8245878103001112
STA-LSTM,13,3,-6,0.825504521298151
STA-LSTM,13,3,-5,0.8264212110686581
STA-LSTM,13,3,-4,0.8273841914531498
STA-LSTM,13,3,-3,0.8284397721483814
STA-LSTM,13,3,-2,0.8295069060933393
STA-LSTM,13,3,-1,0.8306666357931785
STA-LSTM,13,3,0,0.8316410998552822
STA-LSTM,13,3,1,0.8326579757797485
STA-LSTM,13,3,2,0.8335127875609276
STA-LSTM,13,3,3,0.8342865743527995
STA-LSTM,13,3,4,0.8351182688633917
STA-LSTM,13,3,5,0.8360078731040871
STA-LSTM,13,3,6,0.8368974979448645
STA-LSTM,13,3,7,0.8377408299370137
STA-LSTM,13,3,8,0.8385841814581958
STA-LSTM,13,3,9,0.8393001875738137
STA-LSTM,13,3,10,0.840155155444914
STA-LSTM,13,3,11,0.840952248622111
STA-LSTM,13,3,12,0.8417146231603811
STA-LSTM,13,3,13,0.8424538570204488
STA-LSTM,13,3,14,0.8429152047799354
STA-LSTM,13,3,15,0.8432955071792496
STA-LSTM,13,3,16,0.8436526592480228
STA-LSTM,13,3,17,0.8438824428541652
STA-LSTM,13,3,18,0.844181710805146
STA-LSTM,13,3,19,0.8443072861179304
STA-LSTM,13,3,20,0.8445023449713392
STA-LSTM,13,3,21,0.8447089885818839
STA-LSTM,13,3,22,0.844985119219946
STA-LSTM,13,3,23,0.8452033537150269
STA-LSTM,13,3,24,0.8454679158318954
STA-LSTM,13,3,25,0.8455008685581934
STA-LSTM,13,3,26,0.8454180129474574
STA-LSTM,13,3,27,0.8452077639319961
STA-LSTM,13,3,28,0.8449511853335958
STA-LSTM,13,3,29,0.8446251129177959
STA-LSTM,13,3,30,0.8443569401818287
STA-LSTM,13,3,31,0.843891874363013
STA-LSTM,13,3,32,0.8433109806237912
STA-LSTM,13,3,33,0.8427069097310694
STA-LSTM,13,3,34,0.8421838987271401
STA-LSTM,13,3,35,0.8414987259671068
STA-LSTM,13,3,36,0.8407324615758811
STA-LSTM,13,3,37,0.8398966851212676
STA-LSTM,13,3,38,0.8388871515109397
STA-LSTM,13,3,39,0.8377617679762788
STA-LSTM,13,3,40,0.8365668616435976
STA-LSTM,13,3,41,0.8353950934741816
STA-LSTM,13,3,42,0.8342464642720628
STA-LSTM,13,3,43,0.8330862252698883
STA-LSTM,13,3,44,0.8317985428177596
STA-LSTM,13,3,45,0.8305571643692806
STA-LSTM,13,3,46,0.8292925899755587
STA-LSTM,13,3,47,0.8280511537392271
STA-LSTM,13,3,48,0.8268212726030095
STA-LSTM,13,3,49,0.8255218589996062
STA-LSTM,13,3,50,0.824257167680278
STA-LSTM,13,3,51,0.8228534358926833
STA-LSTM,13,3,52,0.8214612559804455
STA-LSTM,13,3,53,0.8201385510066959
STA-LSTM,13,3,54,0.8189548313851785
STA-LSTM,13,3,55,0.8179101019462465
STA-LSTM,13,3,56,0.8169580277806741
STA-LSTM,13,3,57,0.8161333673162029
STA-LSTM,13,3,58,0.8153434433541481
STA-LSTM,13,3,59,0.8147272811529728
STA-LSTM,13,3,60,0.8139141516538261
STA-LSTM,14,3,-60,0.7625325841394891
STA-LSTM,14,3,-59,0.7631493581722971
STA-LSTM,14,3,-58,0.7638008735243347
STA-LSTM,14,3,-57,0.7644292036423458
STA-LSTM,14,3,-56,0.7651965384214368
STA-LSTM,14,3,-55,0.7659406858202039
STA-LSTM,14,3,-54,0.7666153079783599
STA-LSTM,14,3,-53,0.767197238247492
STA-LSTM,14,3,-52,0.7677907394321328
STA-LSTM,14,3,-51,0.7684884852416477
STA-LSTM,14,3,-50,0.7691862148856067
STA-LSTM,14,3,-49,0.7698491763779163
STA-LSTM,14,3,-48,0.7705584579563752
STA-LSTM,14,3,-47,0.7712908905569456
STA-LSTM,14,3,-46,0.7719306374451227
STA-LSTM,14,3,-45,0.7724545349241283
STA-LSTM,14,3,-44,0.7730247535647682
STA-LSTM,14,3,-43,0.7736297085669277
STA-LSTM,14,3,-42,0.7742114834420211
STA-LSTM,14,3,-41,0.7748395765283665
STA-LSTM,14,3,-40,0.7754329067006428
STA-LSTM,14,3,-39,0.7760493884358785
STA-LSTM,14,3,-38,0.7766311083313064
STA-LSTM,14,3,-37,0.7772243971368343
STA-LSTM,14,3,-36,0.7778755834559121
STA-LSTM,14,3,-35,0.7784340977530693
STA-LSTM,14,3,-34,0.778981017129753
STA-LSTM,14,3,-33,0.7796205786291723
STA-LSTM,14,3,-32,0.7802253801697879
STA-LSTM,14,3,-31,0.7808185861206337
STA-LSTM,14,3,-30,0.7813307082054549
STA-LSTM,14,3,-29,0.7820049568017048
STA-LSTM,14,3,-28,0.7825402156415394
STA-LSTM,14,3,-27,0.7831217862602492
STA-LSTM,14,3,-26,0.7836801815886693
STA-LSTM,14,3,-25,0.7842964678633468
STA-LSTM,14,3,-24,0.7850169656402358
STA-LSTM,14,3,-23,0.7855405780989438
STA-LSTM,14,3,-22,0.7860641784303961
STA-LSTM,14,3,-21,0.7865646061560553
STA-LSTM,14,3,-20,0.7870766023970818
STA-LSTM,14,3,-19,0.7876001667515865
STA-LSTM,14,3,-18,0.7881121391433237
STA-LSTM,14,3,-17,0.7885777808656986
STA-LSTM,14,3,-16,0.7890665709422295
STA-LSTM,14,3,-15,0.7897058823529411
STA-LSTM,14,3,-14,0.7903567582589364
STA-LSTM,14,3,-13,0.7909844607582038
STA-LSTM,14,3,-12,0.7916353067864711
STA-LSTM,14,3,-11,0.7921935065536566
STA-LSTM,14,3,-10,0.7927516933943148
STA-LSTM,14,3,-9,0.7932867100479355
STA-LSTM,14,3,-8,0.7939259207799275
STA-LSTM,14,3,-7,0.7945419599851797
STA-LSTM,14,3,-6,0.7951695631534462
STA-LSTM,14,3,-5,0.7957508394118328
STA-LSTM,14,3,-4,0.7963668360908175
STA-LSTM,14,3,-3,0.7969249293752605
STA-LSTM,14,3,-2,0.7974598543526333
STA-LSTM,14,3,-1,0.7979368791534489
STA-LSTM,14,3,0,0.7985180897250361
STA-LSTM,14,3,1,0.7991409451918401
STA-LSTM,14,3,2,0.7998795920021303
STA-LSTM,14,3,3,0.8007224563515954
STA-LSTM,14,3,4,0.8014495606164106
STA-LSTM,14,3,5,0.8021882598124349
STA-LSTM,14,3,6,0.8029153978858156
STA-LSTM,14,3,7,0.8037699147832531
STA-LSTM,14,3,8,0.8046244514687323
STA-LSTM,14,3,9,0.8056295301391752
STA-LSTM,14,3,10,0.8066462108493023
STA-LSTM,14,3,11,0.8076165995090547
STA-LSTM,14,3,12,0.808529115477693
STA-LSTM,14,3,13,0.8094879692457331
STA-LSTM,14,3,14,0.8103657901135929
STA-LSTM,14,3,15,0.8112899490504863
STA-LSTM,14,3,16,0.8122836068041548
STA-LSTM,14,3,17,0.8132772875703467
STA-LSTM,14,3,18,0.814375209884549
STA-LSTM,14,3,19,0.8153805178563157
STA-LSTM,14,3,20,0.8164321695327428
STA-LSTM,14,3,21,0.8173912036500914
STA-LSTM,14,3,22,0.8183965814737183
STA-LSTM,14,3,23,0.8193324995367797
STA-LSTM,14,3,24,0.8201873747843106
STA-LSTM,14,3,25,0.8211117544875507
STA-LSTM,14,3,26,0.8220940601512466
STA-LSTM,14,3,27,0.8230532264788993
STA-LSTM,14,3,28,0.8238966032404137
STA-LSTM,14,3,29,0.8246241864128043
STA-LSTM,14,3,30,0.8253286235450807
STA-LSTM,14,3,31,0.8259751690910776
STA-LSTM,14,3,32,0.8267259650463847
STA-LSTM,14,3,33,0.8274072872993444
STA-LSTM,14,3,34,0.8281233712836312
STA-LSTM,14,3,35,0.8287468149177669
STA-LSTM,14,3,36,0.8293355262395905
STA-LSTM,14,3,37,0.8299937455118256
STA-LSTM,14,3,38,0.8305709023941068
STA-LSTM,14,3,39,0.831136489992587
STA-LSTM,14,3,40,0.8315630972375051
STA-LSTM,14,3,41,0.8320476289758381
STA-LSTM,14,3,42,0.8324858397136669
STA-LSTM,14,3,43,0.8328545614604087
STA-LSTM,14,3,44,0.8333738749695938
STA-LSTM,14,3,45,0.8338005328391057
STA-LSTM,14,3,46,0.8342040334070822
STA-LSTM,14,3,47,0.834468538596979
STA-LSTM,14,3,48,0.8346867144694012
STA-LSTM,14,3,49,0.8348469754187614
STA-LSTM,14,3,50,0.8349840718216044
STA-LSTM,14,3,51,0.8350980028728975
STA-LSTM,14,3,52,0.835119261378775
STA-LSTM,14,3,53,0.8350246750538681
STA-LSTM,14,3,54,0.8347910705390346
STA-LSTM,14,3,55,0.8344531974050047
STA-LSTM,14,3,56,0.8341732411172511
STA-LSTM,14,3,57,0.833870108204546
STA-LSTM,14,3,58,0.8335322126579933
STA-LSTM,14,3,59,0.833124797256592
STA-LSTM,14,3,60,0.8327289578868099
STA-LSTM,15,3,-60,0.7076174477205585
STA-LSTM,15,3,-59,0.7081537606005839
STA-LSTM,15,3,-58,0.7086668906472653
STA-LSTM,15,3,-57,0.7092147640121411
STA-LSTM,15,3,-56,0.7099016439022695
STA-LSTM,15,3,-55,0.7105769230769231
STA-LSTM,15,3,-54,0.7112174326062024
STA-LSTM,15,3,-53,0.7118115891661454
STA-LSTM,15,3,-52,0.7123014723770027
STA-LSTM,15,3,-51,0.7128492655576665
STA-LSTM,15,3,-50,0.7134665508253693
STA-LSTM,15,3,-49,0.7140838217918124
STA-LSTM,15,3,-48,0.7146663268733999
STA-LSTM,15,3,-47,0.7153878231859884
STA-LSTM,15,3,-46,0.7160050504465475
STA-LSTM,15,3,-45,0.7166454303254952
STA-LSTM,15,3,-44,0.7171815454471743
STA-LSTM,15,3,-43,0.7176828985775842
STA-LSTM,15,3,-42,0.7180915756431492
STA-LSTM,15,3,-41,0.7184423286306669
STA-LSTM,15,3,-40,0.7188162390687438
STA-LSTM,15,3,-39,0.7192480541141586
STA-LSTM,15,3,-38,0.7197493542745289
STA-LSTM,15,3,-37,0.7202622252079038
STA-LSTM,15,3,-36,0.7205897682391503
STA-LSTM,15,3,-35,0.7209752142691684
STA-LSTM,15,3,-34,0.7213143234384591
STA-LSTM,15,3,-33,0.7216302610548748
STA-LSTM,15,3,-32,0.7220504267861899
STA-LSTM,15,3,-31,0.7226327249142963
STA-LSTM,15,3,-30,0.7232034281081707
STA-LSTM,15,3,-29,0.7237856993954555
STA-LSTM,15,3,-28,0.7244027007307724
STA-LSTM,15,3,-27,0.7249502015101682
STA-LSTM,15,3,-26,0.7256598223488402
STA-LSTM,15,3,-25,0.7263462651997684
STA-LSTM,15,3,-24,0.7269516276592048
STA-LSTM,15,3,-23,0.7276380396516583
STA-LSTM,15,3,-22,0.7283591768670458
STA-LSTM,15,3,-21,0.7291034578595086
STA-LSTM,15,3,-20,0.7297898210873719
STA-LSTM,15,3,-19,0.7304761684191023
STA-LSTM,15,3,-18,0.7311740796924395
STA-LSTM,15,3,-17,0.7318024965839875
STA-LSTM,15,3,-16,0.7322919440938408
STA-LSTM,15,3,-15,0.7327466419638722
STA-LSTM,15,3,-14,0.7332592258079457
STA-LSTM,15,3,-13,0.7336560061138
STA-LSTM,15,3,-12,0.7340759352963654
STA-LSTM,15,3,-11,0.7344032235653745
STA-LSTM,15,3,-10,0.7347420830197418
STA-LSTM,15,3,-9,0.7350230414746544
STA-LSTM,15,3,-8,0.7352345224449153
STA-LSTM,15,3,-7,0.7354691552426825
STA-LSTM,15,3,-6,0.7357153608354849
STA-LSTM,15,3,-5,0.7360078731040871
STA-LSTM,15,3,-4,0.7362888006391034
STA-LSTM,15,3,-3,0.7364886768860279
STA-LSTM,15,3,-2,0.7366190823521239
STA-LSTM,15,3,-1,0.7367494847986663
STA-LSTM,15,3,0,0.7367525325615051
STA-LSTM,15,3,1,0.7368073725889736
STA-LSTM,15,3,2,0.7366653931205354
STA-LSTM,15,3,3,0.7365002547121753
STA-LSTM,15,3,4,0.736462470042028
STA-LSTM,15,3,5,0.7364246844969318
STA-LSTM,15,3,6,0.7364216327617548
STA-LSTM,15,3,7,0.7365343645794739
STA-LSTM,15,3,8,0.7365428925399747
STA-LSTM,15,3,9,0.7364703702846027
STA-LSTM,15,3,10,0.7362936374688821
STA-LSTM,15,3,11,0.73620953174934
STA-LSTM,15,3,12,0.736160161180135
STA-LSTM,15,3,13,0.7361455269678794
STA-LSTM,15,3,14,0.7360498373108232
STA-LSTM,15,3,15,0.7360236220472441
STA-LSTM,15,3,16,0.7360089857455505
STA-LSTM,15,3,17,0.7358785520739248
STA-LSTM,15,3,18,0.7357017960327478
STA-LSTM,15,3,19,0.7354787160127843
STA-LSTM,15,3,20,0.7352208905101036
STA-LSTM,15,3,21,0.7349167380781435
STA-LSTM,15,3,22,0.7346936412168656
STA-LSTM,15,3,23,0.7344126366499908
STA-LSTM,15,3,24,0.734177948141886
STA-LSTM,15,3,25,0.7338390272148234
STA-LSTM,15,3,26,0.733523260257791
STA-LSTM,15,3,27,0.7332538101635243
STA-LSTM,15,3,28,0.7329496102933513
STA-LSTM,15,3,29,0.7327727978134482
STA-LSTM,15,3,30,0.7325380740054432
STA-LSTM,15,3,31,0.7322570184378764
STA-LSTM,15,3,32,0.73196437464531
STA-LSTM,15,3,33,0.7315327418869149
STA-LSTM,15,3,34,0.7310663531809917
STA-LSTM,15,3,35,0.7305883715543201
STA-LSTM,15,3,36,0.730168290112232
STA-LSTM,15,3,37,0.7297829460955778
STA-LSTM,15,3,38,0.7293860106327531
STA-LSTM,15,3,39,0.7289079873980726
STA-LSTM,15,3,40,0.7285226153935253
STA-LSTM,15,3,41,0.7281024856950912
STA-LSTM,15,3,42,0.72767076320758
STA-LSTM,15,3,43,0.7272390307186212
STA-LSTM,15,3,44,0.7267957049032213
STA-LSTM,15,3,45,0.7263987026526121
STA-LSTM,15,3,46,0.7259437732395835
STA-LSTM,15,3,47,0.7255120007413586
STA-LSTM,15,3,48,0.7250338827944908
STA-LSTM,15,3,49,0.7245557537705906
STA-LSTM,15,3,50,0.7241007819287576
STA-LSTM,15,3,51,0.7235878782262175
STA-LSTM,15,3,52,0.7231097158347138
STA-LSTM,15,3,53,0.7226547114292996
STA-LSTM,15,3,54,0.7222112811482722
STA-LSTM,15,3,55,0.7217099165894346
STA-LSTM,15,3,56,0.7212664650887985
STA-LSTM,15,3,57,0.7206608123450498
STA-LSTM,15,3,58,0.7201130715849716
STA-LSTM,15,3,59,0.7195189767829835
STA-LSTM,15,3,60,0.7189364536870764
STA-LSTM,16,3,-60,0.7321554770318022
STA-LSTM,16,3,-59,0.7326567496176839
STA-LSTM,16,3,-58,0.7332391070125236
STA-LSTM,16,3,-57,0.7337751106374105
STA-LSTM,16,3,-56,0.7342300072985091
STA-LSTM,16,3,-55,0.7345690454124189
STA-LSTM,16,3,-54,0.7348733216714357
STA-LSTM,16,3,-53,0.7353166052686453
STA-LSTM,16,3,-52,0.7357367097992423
STA-LSTM,16,3,-51,0.7361104675408925
STA-LSTM,16,3,-50,0.7365305531421952
STA-LSTM,16,3,-49,0.7369390450154067
STA-LSTM,16,3,-48,0.7373243597020631
STA-LSTM,16,3,-47,0.7378255027337596
STA-LSTM,16,3,-46,0.7383266341553824
STA-LSTM,16,3,-45,0.7388393374261555
STA-LSTM,16,3,-44,0.7394562787411243
STA-LSTM,16,3,-43,0.7401079553352176
STA-LSTM,16,3,-42,0.7407364507198869
STA-LSTM,16,3,-41,0.741399680311349
STA-LSTM,16,3,-40,0.7420397289627614
STA-LSTM,16,3,-39,0.7426797627872498
STA-LSTM,16,3,-38,0.7433545293443136
STA-LSTM,16,3,-37,0.7439250388009915
STA-LSTM,16,3,-36,0.7445302817961755
STA-LSTM,16,3,-35,0.7451934213574242
STA-LSTM,16,3,-34,0.7458912915069318
STA-LSTM,16,3,-33,0.7465428180954807
STA-LSTM,16,3,-32,0.7472059113072281
STA-LSTM,16,3,-31,0.7478689891596405
STA-LSTM,16,3,-30,0.7484857258671608
STA-LSTM,16,3,-29,0.7491603548514117
STA-LSTM,16,3,-28,0.7499507799923564
STA-LSTM,16,3,-27,0.750775929957845
STA-LSTM,16,3,-26,0.7516473844514702
STA-LSTM,16,3,-25,0.7525883034163289
STA-LSTM,16,3,-24,0.7533902328867066
STA-LSTM,16,3,-23,0.7541342412451362
STA-LSTM,16,3,-22,0.7549708753604392
STA-LSTM,16,3,-21,0.7558190703383746
STA-LSTM,16,3,-20,0.7567483064095883
STA-LSTM,16,3,-19,0.7575385613043679
STA-LSTM,16,3,-18,0.7583056382227266
STA-LSTM,16,3,-17,0.7589916394543644
STA-LSTM,16,3,-16,0.7596892043678134
STA-LSTM,16,3,-15,0.7603404353867531
STA-LSTM,16,3,-14,0.760933754819884
STA-LSTM,16,3,-13,0.7615270605127255
STA-LSTM,16,3,-12,0.7621319314984426
STA-LSTM,16,3,-11,0.7627252095780649
STA-LSTM,16,3,-10,0.7633995252706536
STA-LSTM,16,3,-9,0.7641432971308154
STA-LSTM,16,3,-8,0.7648060022925423
STA-LSTM,16,3,-7,0.7654802704705447
STA-LSTM,16,3,-6,0.7661082101216872
STA-LSTM,16,3,-5,0.7667708695148778
STA-LSTM,16,3,-4,0.7674566694839703
STA-LSTM,16,3,-3,0.7681887648775066
STA-LSTM,16,3,-2,0.7689903094717099
STA-LSTM,16,3,-1,0.7697339477157478
STA-LSTM,16,3,0,0.7704428364688857
STA-LSTM,16,3,1,0.7711811424734295
STA-LSTM,16,3,2,0.7719657763421439
STA-LSTM,16,3,3,0.7729240957717779
STA-LSTM,16,3,4,0.7738824373921802
STA-LSTM,16,3,5,0.7748408012041218
STA-LSTM,16,3,6,0.7757760307517744
STA-LSTM,16,3,7,0.776896535753983
STA-LSTM,16,3,8,0.7780286452001343
STA-LSTM,16,3,9,0.7791607808628396
STA-LSTM,16,3,10,0.7802929427430093
STA-LSTM,16,3,11,0.7813324996526331
STA-LSTM,16,3,12,0.782302606440258
STA-LSTM,16,3,13,0.7832727356939395
STA-LSTM,16,3,14,0.7842544667152997
STA-LSTM,16,3,15,0.785155164427976
STA-LSTM,16,3,16,0.7859516668789588
STA-LSTM,16,3,17,0.7867250283702726
STA-LSTM,16,3,18,0.7874984077723867
STA-LSTM,16,3,19,0.7882718050859234
STA-LSTM,16,3,20,0.7890452203115048
STA-LSTM,16,3,21,0.7899228756050675
STA-LSTM,16,3,22,0.7908584530936968
STA-LSTM,16,3,23,0.7916203446359088
STA-LSTM,16,3,24,0.7924285763917036
STA-LSTM,16,3,25,0.7930399536768964
STA-LSTM,16,3,26,0.7935934405725602
STA-LSTM,16,3,27,0.7940890350674017
STA-LSTM,16,3,28,0.7944919916152269
STA-LSTM,16,3,29,0.7949412827461608
STA-LSTM,16,3,30,0.7953442584978864
STA-LSTM,16,3,31,0.7956545909385713
STA-LSTM,16,3,32,0.7959301854232538
STA-LSTM,16,3,33,0.7961942044427972
STA-LSTM,16,3,34,0.7964119016457998
STA-LSTM,16,3,35,0.7965253648366921
STA-LSTM,16,3,36,0.7966388306559029
STA-LSTM,16,3,37,0.7967291343325071
STA-LSTM,16,3,38,0.7967731100223543
STA-LSTM,16,3,39,0.7967707561156412
STA-LSTM,16,3,40,0.7966062431227197
STA-LSTM,16,3,41,0.7964533092408553
STA-LSTM,16,3,42,0.7962308734782759
STA-LSTM,16,3,43,0.796066348515035
STA-LSTM,16,3,44,0.7957975698184893
STA-LSTM,16,3,45,0.7955982856480945
STA-LSTM,16,3,46,0.7955264163838339
STA-LSTM,16,3,47,0.7953850430914651
STA-LSTM,16,3,48,0.7952668342465278
STA-LSTM,16,3,49,0.7950675346940667
STA-LSTM,16,3,50,0.7948913987836663
STA-LSTM,16,3,51,0.7947036745285204
STA-LSTM,16,3,52,0.7946086211090903
STA-LSTM,16,3,53,0.7944208892287018
STA-LSTM,16,3,54,0.7941752296660141
STA-LSTM,16,3,55,0.7940454124189064
STA-LSTM,16,3,56,0.7939503469688017
STA-LSTM,16,3,57,0.7937278435552261
STA-LSTM,16,3,58,0.7933547273422384
STA-LSTM,16,3,59,0.7929468464711061
STA-LSTM,16,3,60,0.7926200544517176
STA-LSTM,17,3,-60,0.7249029716735214
STA-LSTM,17,3,-59,0.7254390842949163
STA-LSTM,17,3,-58,0.7260215253078768
STA-LSTM,17,3,-57,0.7265228573414584
STA-LSTM,17,3,-56,0.7271168572388466
STA-LSTM,17,3,-55,0.7276645041705283
STA-LSTM,17,3,-54,0.7282237230801312
STA-LSTM,17,3,-53,0.7287365909038253
STA-LSTM,17,3,-52,0.7292031092524588
STA-LSTM,17,3,-51,0.7297275381122283
STA-LSTM,17,3,-50,0.7301940341731827
STA-LSTM,17,3,-49,0.7305330954752913
STA-LSTM,17,3,-48,0.7309069005062148
STA-LSTM,17,3,-47,0.7314081178760078
STA-LSTM,17,3,-46,0.7318977400410059
STA-LSTM,17,3,-45,0.7323989343217885
STA-LSTM,17,3,-44,0.7329232836408706
STA-LSTM,17,3,-43,0.7334128712412546
STA-LSTM,17,3,-42,0.7340993594569863
STA-LSTM,17,3,-41,0.7348321634581972
STA-LSTM,17,3,-40,0.7354838709677419
STA-LSTM,17,3,-39,0.7362166419570052
STA-LSTM,17,3,-38,0.736926230932277
STA-LSTM,17,3,-37,0.7376589682410989
STA-LSTM,17,3,-36,0.7383685240737095
STA-LSTM,17,3,-35,0.7389854065323141
STA-LSTM,17,3,-34,0.7397412584982801
STA-LSTM,17,3,-33,0.7404970929559195
STA-LSTM,17,3,-32,0.7411486744727425
STA-LSTM,17,3,-31,0.7418697303808024
STA-LSTM,17,3,-30,0.7425328623545081
STA-LSTM,17,3,-29,0.7431380724063651
STA-LSTM,17,3,-28,0.7438474990445528
STA-LSTM,17,3,-27,0.7446727196924074
STA-LSTM,17,3,-26,0.7455905685068732
STA-LSTM,17,3,-25,0.7465894614939201
STA-LSTM,17,3,-24,0.7475883313453232
STA-LSTM,17,3,-23,0.7484713729849917
STA-LSTM,17,3,-22,0.7493775549199218
STA-LSTM,17,3,-21,0.7501910739514093
STA-LSTM,17,3,-20,0.7511203751954143
STA-LSTM,17,3,-19,0.7521191347445458
STA-LSTM,17,3,-18,0.7531757703486689
STA-LSTM,17,3,-17,0.7541629032631604
STA-LSTM,17,3,-16,0.7551384337474959
STA-LSTM,17,3,-15,0.7561255210745715
STA-LSTM,17,3,-14,0.7570894269404014
STA-LSTM,17,3,-13,0.7580417313170145
STA-LSTM,17,3,-12,0.759156120097727
STA-LSTM,17,3,-11,0.7602010096799593
STA-LSTM,17,3,-10,0.7611764024778556
STA-LSTM,17,3,-9,0.7621054581664081
STA-LSTM,17,3,-8,0.7631039633193234
STA-LSTM,17,3,-7,0.764056131900704
STA-LSTM,17,3,-6,0.7648924961502391
STA-LSTM,17,3,-5,0.7657172629385203
STA-LSTM,17,3,-4,0.7664262310266178
STA-LSTM,17,3,-3,0.7670888713935071
STA-LSTM,17,3,-2,0.7678441179535271
STA-LSTM,17,3,-1,0.768564614351541
STA-LSTM,17,3,0,0.7693082489146165
STA-LSTM,17,3,1,0.7700581193414685
STA-LSTM,17,3,2,0.7707964294397555
STA-LSTM,17,3,3,0.7715463344602418
STA-LSTM,17,3,4,0.7722383670444941
STA-LSTM,17,3,5,0.7729883061248118
STA-LSTM,17,3,6,0.7736340585163658
STA-LSTM,17,3,7,0.7741987773249351
STA-LSTM,17,3,8,0.7748792941748585
STA-LSTM,17,3,9,0.7754671977398513
STA-LSTM,17,3,10,0.7761014299774214
STA-LSTM,17,3,11,0.7765619934231855
STA-LSTM,17,3,12,0.7769762514039578
STA-LSTM,17,3,13,0.7773905189782543
STA-LSTM,17,3,14,0.7778395340489341
STA-LSTM,17,3,15,0.7781148679944419
STA-LSTM,17,3,16,0.7783670491784296
STA-LSTM,17,3,17,0.7787466129368443
STA-LSTM,17,3,18,0.7788598492305199
STA-LSTM,17,3,19,0.7789499282041781
STA-LSTM,17,3,20,0.7790168490533264
STA-LSTM,17,3,21,0.7789911295365588
STA-LSTM,17,3,22,0.7788959271826109
STA-LSTM,17,3,23,0.7786501760237169
STA-LSTM,17,3,24,0.7784507417401072
STA-LSTM,17,3,25,0.7780081065431383
STA-LSTM,17,3,26,0.7776349465541003
STA-LSTM,17,3,27,0.777157548524575
STA-LSTM,17,3,28,0.7765064217633502
STA-LSTM,17,3,29,0.7758552799203206
STA-LSTM,17,3,30,0.7753083560136661
STA-LSTM,17,3,31,0.7747382562772167
STA-LSTM,17,3,32,0.7739828358986831
STA-LSTM,17,3,33,0.7732621435685992
STA-LSTM,17,3,34,0.7723908687645499
STA-LSTM,17,3,35,0.7715079916608756
STA-LSTM,17,3,36,0.7706019296030763
STA-LSTM,17,3,37,0.7697421760985893
STA-LSTM,17,3,38,0.7689055677172012
STA-LSTM,17,3,39,0.7678720348406227
STA-LSTM,17,3,40,0.7669079747495222
STA-LSTM,17,3,41,0.7657469826487826
STA-LSTM,17,3,42,0.7645743805960641
STA-LSTM,17,3,43,0.7632859194736599
STA-LSTM,17,3,44,0.7620553451251578
STA-LSTM,17,3,45,0.7609521603150701
STA-LSTM,17,3,46,0.760011120249279
STA-LSTM,17,3,47,0.7590121397460847
STA-LSTM,17,3,48,0.7579668006533298
STA-LSTM,17,3,49,0.7569214373421681
STA-LSTM,17,3,50,0.7557138719953663
STA-LSTM,17,3,51,0.7546105370464761
STA-LSTM,17,3,52,0.7535766829234387
STA-LSTM,17,3,53,0.7526354811056277
STA-LSTM,17,3,54,0.7517753501465461
STA-LSTM,17,3,55,0.7509731232622799
STA-LSTM,17,3,56,0.7500781983109165
STA-LSTM,17,3,57,0.7491948376931811
STA-LSTM,17,3,58,0.7483462122177554
STA-LSTM,17,3,59,0.7476945178182492
STA-LSTM,17,3,60,0.7469732954874587
STA-LSTM,18,3,-60,0.7166425302670452
STA-LSTM,18,3,-59,0.7169817878492979
STA-LSTM,18,3,-58,0.7172631115539233
STA-LSTM,18,3,-57,0.7174980884635881
STA-LSTM,18,3,-56,0.7179647586278803
STA-LSTM,18,3,-55,0.7183619091751622
STA-LSTM,18,3,-54,0.7187706351872661
STA-LSTM,18,3,-53,0.7191909362619031
STA-LSTM,18,3,-52,0.719669149589333
STA-LSTM,18,3,-51,0.7201125990454567
STA-LSTM,18,3,-50,0.720637127135824
STA-LSTM,18,3,-49,0.7212890670249983
STA-LSTM,18,3,-48,0.7219989111170317
STA-LSTM,18,3,-47,0.7227434899453248
STA-LSTM,18,3,-46,0.7235228023028183
STA-LSTM,18,3,-45,0.7242905131472258
STA-LSTM,18,3,-44,0.7252087894267413
STA-LSTM,18,3,-43,0.7260807116712227
STA-LSTM,18,3,-42,0.7269757798292658
STA-LSTM,18,3,-41,0.7279287418629972
STA-LSTM,18,3,-40,0.7289048473967684
STA-LSTM,18,3,-39,0.7299735915492958
STA-LSTM,18,3,-38,0.7308801556690643
STA-LSTM,18,3,-37,0.731844610716023
STA-LSTM,18,3,-36,0.7327974611705024
STA-LSTM,18,3,-35,0.7336923789668751
STA-LSTM,18,3,-34,0.7345177841349996
STA-LSTM,18,3,-33,0.7355053160686572
STA-LSTM,18,3,-32,0.7365044068424771
STA-LSTM,18,3,-31,0.7375266376355045
STA-LSTM,18,3,-30,0.7385488447507094
STA-LSTM,18,3,-29,0.7395594468765201
STA-LSTM,18,3,-28,0.7406279314857493
STA-LSTM,18,3,-27,0.741661648214203
STA-LSTM,18,3,-26,0.7425911128096446
STA-LSTM,18,3,-25,0.7435437174290678
STA-LSTM,18,3,-24,0.7444383967759494
STA-LSTM,18,3,-23,0.7453677969242172
STA-LSTM,18,3,-22,0.7460887288223919
STA-LSTM,18,3,-21,0.7466591009102068
STA-LSTM,18,3,-20,0.7471483990504314
STA-LSTM,18,3,-19,0.7475797860021307
STA-LSTM,18,3,-18,0.7480459024746112
STA-LSTM,18,3,-17,0.7484772690428217
STA-LSTM,18,3,-16,0.7489433643279797
STA-LSTM,18,3,-15,0.7492473367299676
STA-LSTM,18,3,-14,0.7495860399949051
STA-LSTM,18,3,-13,0.7498552604154605
STA-LSTM,18,3,-12,0.750089737503329
STA-LSTM,18,3,-11,0.7503589458570701
STA-LSTM,18,3,-10,0.7505818329184276
STA-LSTM,18,3,-9,0.7508162934488108
STA-LSTM,18,3,-8,0.7509696990748781
STA-LSTM,18,3,-7,0.7512620414968507
STA-LSTM,18,3,-6,0.7514964860077111
STA-LSTM,18,3,-5,0.7518467060321871
STA-LSTM,18,3,-4,0.7519422028227067
STA-LSTM,18,3,-3,0.7520492752280832
STA-LSTM,18,3,-2,0.7521679228462598
STA-LSTM,18,3,-1,0.7522055248107069
STA-LSTM,18,3,0,0.7521620839363242
STA-LSTM,18,3,1,0.7520202838817237
STA-LSTM,18,3,2,0.7517627036226598
STA-LSTM,18,3,3,0.7515051173991572
STA-LSTM,18,3,4,0.7511317456090586
STA-LSTM,18,3,5,0.7507236308903554
STA-LSTM,18,3,6,0.7502691938079635
STA-LSTM,18,3,7,0.7496989625787329
STA-LSTM,18,3,8,0.749059247166163
STA-LSTM,18,3,9,0.7483732024176181
STA-LSTM,18,3,10,0.7476408267237886
STA-LSTM,18,3,11,0.7469084340697513
STA-LSTM,18,3,12,0.7463381309125435
STA-LSTM,18,3,13,0.745617285380144
STA-LSTM,18,3,14,0.7448616852514445
STA-LSTM,18,3,15,0.7441755442334415
STA-LSTM,18,3,16,0.7434893873250038
STA-LSTM,18,3,17,0.7427337363070011
STA-LSTM,18,3,18,0.7420359669743043
STA-LSTM,18,3,19,0.7413497614525916
STA-LSTM,18,3,20,0.7408372416188987
STA-LSTM,18,3,21,0.7402089075202075
STA-LSTM,18,3,22,0.7395342373744977
STA-LSTM,18,3,23,0.7388827126181212
STA-LSTM,18,3,24,0.7382659146969925
STA-LSTM,18,3,25,0.7375796178343949
STA-LSTM,18,3,26,0.7369627905360803
STA-LSTM,18,3,27,0.7363575299949043
STA-LSTM,18,3,28,0.7356827683648535
STA-LSTM,18,3,29,0.7349964097931577
STA-LSTM,18,3,30,0.7344026868955933
STA-LSTM,18,3,31,0.7337742055035671
STA-LSTM,18,3,32,0.7331109644093905
STA-LSTM,18,3,33,0.7325056171967292
STA-LSTM,18,3,34,0.7318886739787587
STA-LSTM,18,3,35,0.7312022237665046
STA-LSTM,18,3,36,0.7305157576529726
STA-LSTM,18,3,37,0.729898769950659
STA-LSTM,18,3,38,0.7292933504754624
STA-LSTM,18,3,39,0.7287110822831727
STA-LSTM,18,3,40,0.7279898071465802
STA-LSTM,18,3,41,0.727361178678157
STA-LSTM,18,3,42,0.7268946984351291
STA-LSTM,18,3,43,0.7264050410044943
STA-LSTM,18,3,44,0.7258458722822625
STA-LSTM,18,3,45,0.7252982740646357
STA-LSTM,18,3,46,0.724773830346697
STA-LSTM,18,3,47,0.7244231303864331
STA-LSTM,18,3,48,0.7240724223012499
STA-LSTM,18,3,49,0.7237680420730719
STA-LSTM,18,3,50,0.723475238922676
STA-LSTM,18,3,51,0.7231708447245262
STA-LSTM,18,3,52,0.7227390150944708
STA-LSTM,18,3,53,0.7223071754593267
STA-LSTM,18,3,54,0.7218869104852816
STA-LSTM,18,3,55,0.7213739573679333
STA-LSTM,18,3,56,0.7208262375606761
STA-LSTM,18,3,57,0.720046803679418
STA-LSTM,18,3,58,0.7194758853991682
STA-LSTM,18,3,59,0.7188586125399694
STA-LSTM,18,3,60,0.718241325377976
HGB current-second (no context),1,1,-60,0.6751549556855703
HGB current-second (no context),1,1,-59,0.6752977431762361
HGB current-second (no context),1,1,-58,0.6755332089854837
HGB current-second (no context),1,1,-57,0.675930860307236
HGB current-second (no context),1,1,-56,0.6762589928057554
HGB current-second (no context),1,1,-55,0.6764365152919369
HGB current-second (no context),1,1,-54,0.6767878036630716
HGB current-second (no context),1,1,-53,0.6772085910891777
HGB current-second (no context),1,1,-52,0.6775946155717479
HGB current-second (no context),1,1,-51,0.6778879569992122
HGB current-second (no context),1,1,-50,0.6783666377063423
HGB current-second (no context),1,1,-49,0.6788337233278502
HGB current-second (no context),1,1,-48,0.6791617917916758
HGB current-second (no context),1,1,-47,0.6792234269298489
HGB current-second (no context),1,1,-46,0.6795283160930857
HGB current-second (no context),1,1,-45,0.67997219969883
HGB current-second (no context),1,1,-44,0.6804160730212786
HGB current-second (no context),1,1,-43,0.6807672705369967
HGB current-second (no context),1,1,-42,0.6809794632411709
HGB current-second (no context),1,1,-41,0.6812727314846989
HGB current-second (no context),1,1,-40,0.681508078994614
HGB current-second (no context),1,1,-39,0.6818013343217197
HGB current-second (no context),1,1,-38,0.6819671751392798
HGB current-second (no context),1,1,-37,0.6820866825731428
HGB current-second (no context),1,1,-36,0.6821714404846014
HGB current-second (no context),1,1,-35,0.6822098679638638
HGB current-second (no context),1,1,-34,0.6823872783497991
HGB current-second (no context),1,1,-33,0.6828889763961918
HGB current-second (no context),1,1,-32,0.6833095908180166
HGB current-second (no context),1,1,-31,0.6833132585935329
HGB current-second (no context),1,1,-30,0.6833285077306156
HGB current-second (no context),1,1,-29,0.6834595696384315
HGB current-second (no context),1,1,-28,0.6835790473322756
HGB current-second (no context),1,1,-27,0.6839764673182934
HGB current-second (no context),1,1,-26,0.684246488089034
HGB current-second (no context),1,1,-25,0.6843891140706427
HGB current-second (no context),1,1,-24,0.6846128012414447
HGB current-second (no context),1,1,-23,0.684813322216046
HGB current-second (no context),1,1,-22,0.6853612497539171
HGB current-second (no context),1,1,-21,0.685781781967251
HGB current-second (no context),1,1,-20,0.6862602049678652
HGB current-second (no context),1,1,-19,0.6868544166010468
HGB current-second (no context),1,1,-18,0.6873675556121681
HGB current-second (no context),1,1,-17,0.6879385812547766
HGB current-second (no context),1,1,-16,0.6887527646221008
HGB current-second (no context),1,1,-15,0.6891616489115331
HGB current-second (no context),1,1,-14,0.6898484269519807
HGB current-second (no context),1,1,-13,0.6903383432528195
HGB current-second (no context),1,1,-12,0.6907240369139562
HGB current-second (no context),1,1,-11,0.691156037237738
HGB current-second (no context),1,1,-10,0.6916111850865513
HGB current-second (no context),1,1,-9,0.6922052659611421
HGB current-second (no context),1,1,-8,0.6924982921717786
HGB current-second (no context),1,1,-7,0.6930113004816598
HGB current-second (no context),1,1,-6,0.6936979703365791
HGB current-second (no context),1,1,-5,0.6942919995368763
HGB current-second (no context),1,1,-4,0.6949091709022704
HGB current-second (no context),1,1,-3,0.6953063492798592
HGB current-second (no context),1,1,-2,0.6958656061500701
HGB current-second (no context),1,1,-1,0.696448005186746
HGB current-second (no context),1,1,0,0.6968451519536903
HGB current-second (no context),1,1,1,0.697084770880126
HGB current-second (no context),1,1,2,0.6975559491970871
HGB current-second (no context),1,1,3,0.6977840040753948
HGB current-second (no context),1,1,4,0.6980583760753031
HGB current-second (no context),1,1,5,0.6985990505962718
HGB current-second (no context),1,1,6,0.6988387037015595
HGB current-second (no context),1,1,7,0.6991362541682105
HGB current-second (no context),1,1,8,0.6992369770861556
HGB current-second (no context),1,1,9,0.6995692749461594
HGB current-second (no context),1,1,10,0.6998089503849939
HGB current-second (no context),1,1,11,0.7000486313741837
HGB current-second (no context),1,1,12,0.7004735824369233
HGB current-second (no context),1,1,13,0.7011301266760844
HGB current-second (no context),1,1,14,0.7016477345097903
HGB current-second (no context),1,1,15,0.7022695692450208
HGB current-second (no context),1,1,16,0.7025440313111546
HGB current-second (no context),1,1,17,0.7028648185460524
HGB current-second (no context),1,1,18,0.7034287897912155
HGB current-second (no context),1,1,19,0.7038074945574135
HGB current-second (no context),1,1,20,0.7040588269353251
HGB current-second (no context),1,1,21,0.7042522639368182
HGB current-second (no context),1,1,22,0.7045036072863711
HGB current-second (no context),1,1,23,0.7048360200111173
HGB current-second (no context),1,1,24,0.7048905050317888
HGB current-second (no context),1,1,25,0.7050955414012738
HGB current-second (no context),1,1,26,0.7049994788590488
HGB current-second (no context),1,1,27,0.7054593042108677
HGB current-second (no context),1,1,28,0.7058149096089036
HGB current-second (no context),1,1,29,0.7061357793065111
HGB current-second (no context),1,1,30,0.7064682378829116
HGB current-second (no context),1,1,31,0.7069049383859909
HGB current-second (no context),1,1,32,0.7071447598531438
HGB current-second (no context),1,1,33,0.7073498413286697
HGB current-second (no context),1,1,34,0.7076244194530987
HGB current-second (no context),1,1,35,0.7080032429928191
HGB current-second (no context),1,1,36,0.7082662527942182
HGB current-second (no context),1,1,37,0.7085871806157196
HGB current-second (no context),1,1,38,0.7086648829586388
HGB current-second (no context),1,1,39,0.7087078391401038
HGB current-second (no context),1,1,40,0.7088087102565588
HGB current-second (no context),1,1,41,0.7089906641647555
HGB current-second (no context),1,1,42,0.7091494561755065
HGB current-second (no context),1,1,43,0.7093314182458417
HGB current-second (no context),1,1,44,0.7094554679083991
HGB current-second (no context),1,1,45,0.7093478512683887
HGB current-second (no context),1,1,46,0.7097383266341554
HGB current-second (no context),1,1,47,0.7099203039570012
HGB current-second (no context),1,1,48,0.7102412918322194
HGB current-second (no context),1,1,49,0.7102031832819776
HGB current-second (no context),1,1,50,0.7102924992759919
HGB current-second (no context),1,1,51,0.7103470645475186
HGB current-second (no context),1,1,52,0.7104247998795222
HGB current-second (no context),1,1,53,0.7102013391719376
HGB current-second (no context),1,1,54,0.7099894579534528
HGB current-second (no context),1,1,55,0.7098354958294717
HGB current-second (no context),1,1,56,0.7094845862440482
HGB current-second (no context),1,1,57,0.7093421997729327
HGB current-second (no context),1,1,58,0.7091998100026646
HGB current-second (no context),1,1,59,0.7092311969970805
HGB current-second (no context),1,1,60,0.7091814864160343
HGB current-second (no context),2,1,-60,0.7058680414759891
HGB current-second (no context),2,1,-59,0.7061842532091385
HGB current-second (no context),2,1,-58,0.7066278948526942
HGB current-second (no context),2,1,-57,0.7069325053870572
HGB current-second (no context),2,1,-56,0.7069011457500666
HGB current-second (no context),2,1,-55,0.7069856348470807
HGB current-second (no context),2,1,-54,0.7070121986538618
HGB current-second (no context),2,1,-53,0.7072009452978383
HGB current-second (no context),2,1,-52,0.7076213755314342
HGB current-second (no context),2,1,-51,0.7080997173439599
HGB current-second (no context),2,1,-50,0.7087981465392412
HGB current-second (no context),2,1,-49,0.7089984477445961
HGB current-second (no context),2,1,-48,0.7091524088639707
HGB current-second (no context),2,1,-47,0.7094569548697989
HGB current-second (no context),2,1,-46,0.7096919922621598
HGB current-second (no context),2,1,-45,0.7102281941387698
HGB current-second (no context),2,1,-44,0.7106485503469205
HGB current-second (no context),2,1,-43,0.7110920631978872
HGB current-second (no context),2,1,-42,0.7116398132811323
HGB current-second (no context),2,1,-41,0.7121064702203072
HGB current-second (no context),2,1,-40,0.712538367985174
HGB current-second (no context),2,1,-39,0.7132598220904374
HGB current-second (no context),2,1,-38,0.7139349294045426
HGB current-second (no context),2,1,-37,0.7143204614422386
HGB current-second (no context),2,1,-36,0.714902882822363
HGB current-second (no context),2,1,-35,0.7153926337734537
HGB current-second (no context),2,1,-34,0.7156044057863588
HGB current-second (no context),2,1,-33,0.715920409534178
HGB current-second (no context),2,1,-32,0.7163058962509989
HGB current-second (no context),2,1,-31,0.7164134161030298
HGB current-second (no context),2,1,-30,0.7165788406972031
HGB current-second (no context),2,1,-29,0.7169179811456234
HGB current-second (no context),2,1,-28,0.7171760454908682
HGB current-second (no context),2,1,-27,0.7174456849029508
HGB current-second (no context),2,1,-26,0.7179121935401684
HGB current-second (no context),2,1,-25,0.7184250144759698
HGB current-second (no context),2,1,-24,0.7188683396833853
HGB current-second (no context),2,1,-23,0.7189989809153233
HGB current-second (no context),2,1,-22,0.7191296191215129
HGB current-second (no context),2,1,-21,0.7198971674734234
HGB current-second (no context),2,1,-20,0.720166753517457
HGB current-second (no context),2,1,-19,0.7204826532030201
HGB current-second (no context),2,1,-18,0.7207290665493243
HGB current-second (no context),2,1,-17,0.7210912712198059
HGB current-second (no context),2,1,-16,0.7213492513808636
HGB current-second (no context),2,1,-15,0.7214335340435387
HGB current-second (no context),2,1,-14,0.7216799249661305
HGB current-second (no context),2,1,-13,0.721984206016535
HGB current-second (no context),2,1,-12,0.7221495316281278
HGB current-second (no context),2,1,-11,0.7225695891806772
HGB current-second (no context),2,1,-10,0.722885428124819
HGB current-second (no context),2,1,-9,0.7232707315378737
HGB current-second (no context),2,1,-8,0.7238297034747068
HGB current-second (no context),2,1,-7,0.7243076139310856
HGB current-second (no context),2,1,-6,0.7247276221792541
HGB current-second (no context),2,1,-5,0.725054995947667
HGB current-second (no context),2,1,-4,0.7256139213393384
HGB current-second (no context),2,1,-3,0.7261844116148752
HGB current-second (no context),2,1,-2,0.7267780440646961
HGB current-second (no context),2,1,-1,0.7273369300947045
HGB current-second (no context),2,1,0,0.727768451519537
HGB current-second (no context),2,1,1,0.7282747122976821
HGB current-second (no context),2,1,2,0.7289893832563417
HGB current-second (no context),2,1,3,0.7293104246746631
HGB current-second (no context),2,1,4,0.7296546294473839
HGB current-second (no context),2,1,5,0.7299872640963297
HGB current-second (no context),2,1,6,0.7304241105026109
HGB current-second (no context),2,1,7,0.7306409781400519
HGB current-second (no context),2,1,8,0.7309504787708269
HGB current-second (no context),2,1,9,0.7312831438297478
HGB current-second (no context),2,1,10,0.7317547617669194
HGB current-second (no context),2,1,11,0.7320642860451114
HGB current-second (no context),2,1,12,0.7326517142757893
HGB current-second (no context),2,1,13,0.7332738936106158
HGB current-second (no context),2,1,14,0.7338381908500364
HGB current-second (no context),2,1,15,0.7343677628531727
HGB current-second (no context),2,1,16,0.7348857675517317
HGB current-second (no context),2,1,17,0.7355774797934181
HGB current-second (no context),2,1,18,0.7360723508227475
HGB current-second (no context),2,1,19,0.7365324933994164
HGB current-second (no context),2,1,20,0.7369810665277055
HGB current-second (no context),2,1,21,0.7372096254950552
HGB current-second (no context),2,1,22,0.7373108056465901
HGB current-second (no context),2,1,23,0.7374467296646285
HGB current-second (no context),2,1,24,0.7376868826070341
HGB current-second (no context),2,1,25,0.7378691372321946
HGB current-second (no context),2,1,26,0.737912425158369
HGB current-second (no context),2,1,27,0.7381178487052392
HGB current-second (no context),2,1,28,0.7382537899405885
HGB current-second (no context),2,1,29,0.7383781530122994
HGB current-second (no context),2,1,30,0.7383982859459146
HGB current-second (no context),2,1,31,0.7383141851199851
HGB current-second (no context),2,1,32,0.7383690629234565
HGB current-second (no context),2,1,33,0.7384471056959533
HGB current-second (no context),2,1,34,0.7386757160561032
HGB current-second (no context),2,1,35,0.7387190178364605
HGB current-second (no context),2,1,36,0.7386464981063019
HGB current-second (no context),2,1,37,0.7387592948643703
HGB current-second (no context),2,1,38,0.7389879194319933
HGB current-second (no context),2,1,39,0.7387879911045219
HGB current-second (no context),2,1,40,0.7387733827532287
HGB current-second (no context),2,1,41,0.7389209349734751
HGB current-second (no context),2,1,42,0.739219070343901
HGB current-second (no context),2,1,43,0.7394477134782005
HGB current-second (no context),2,1,44,0.7394099454425409
HGB current-second (no context),2,1,45,0.7393026757789876
HGB current-second (no context),2,1,46,0.7395429114202643
HGB current-second (no context),2,1,47,0.7397715689000093
HGB current-second (no context),2,1,48,0.7401160702908708
HGB current-second (no context),2,1,49,0.7400898918054816
HGB current-second (no context),2,1,50,0.7402606429192007
HGB current-second (no context),2,1,51,0.7403618924053565
HGB current-second (no context),2,1,52,0.7404631442373412
HGB current-second (no context),2,1,53,0.7405412293505711
HGB current-second (no context),2,1,54,0.7407235782717995
HGB current-second (no context),2,1,55,0.7406626506024097
HGB current-second (no context),2,1,56,0.7409145147649996
HGB current-second (no context),2,1,57,0.7410968743483398
HGB current-second (no context),2,1,58,0.7412792381570259
HGB current-second (no context),2,1,59,0.7414152648408174
HGB current-second (no context),2,1,60,0.7415512946764757
HGB current-second (no context),3,1,-60,0.7089961188669408
HGB current-second (no context),3,1,-59,0.7096250984753696
HGB current-second (no context),3,1,-58,0.7102540635100849
HGB current-second (no context),3,1,-57,0.710998864663222
HGB current-second (no context),3,1,-56,0.7117899882992157
HGB current-second (no context),3,1,-55,0.7122335495829472
HGB current-second (no context),3,1,-54,0.7126191772569826
HGB current-second (no context),3,1,-53,0.7128773661407289
HGB current-second (no context),3,1,-52,0.7133556526070688
HGB current-second (no context),3,1,-51,0.7137875909364719
HGB current-second (no context),3,1,-50,0.7141268462206777
HGB current-second (no context),3,1,-49,0.7143386696939509
HGB current-second (no context),3,1,-48,0.7145620721211209
HGB current-second (no context),3,1,-47,0.7148897229172458
HGB current-second (no context),3,1,-46,0.7150436122276408
HGB current-second (no context),3,1,-45,0.7155102513610564
HGB current-second (no context),3,1,-44,0.7158494631129027
HGB current-second (no context),3,1,-43,0.7164319140063939
HGB current-second (no context),3,1,-42,0.7169332700126255
HGB current-second (no context),3,1,-41,0.7175041119373595
HGB current-second (no context),3,1,-40,0.7178896160305785
HGB current-second (no context),3,1,-39,0.7182866938472943
HGB current-second (no context),3,1,-38,0.7185331897100895
HGB current-second (no context),3,1,-37,0.7189765804165026
HGB current-second (no context),3,1,-36,0.7194778721087806
HGB current-second (no context),3,1,-35,0.7197706740792217
HGB current-second (no context),3,1,-34,0.7201908710809465
HGB current-second (no context),3,1,-33,0.7204141669176067
HGB current-second (no context),3,1,-32,0.7206837844411244
HGB current-second (no context),3,1,-31,0.7211155378486056
HGB current-second (no context),3,1,-30,0.7214777925762927
HGB current-second (no context),3,1,-29,0.7219790146619415
HGB current-second (no context),3,1,-28,0.7228276604861779
HGB current-second (no context),3,1,-27,0.7233867605503312
HGB current-second (no context),3,1,-26,0.7235984203638722
HGB current-second (no context),3,1,-25,0.7240532715691952
HGB current-second (no context),3,1,-24,0.7243807251797895
HGB current-second (no context),3,1,-23,0.7249282008523253
HGB current-second (no context),3,1,-22,0.7254177619770014
HGB current-second (no context),3,1,-21,0.7258609908052899
HGB current-second (no context),3,1,-20,0.7265937120027792
HGB current-second (no context),3,1,-19,0.727245356431516
HGB current-second (no context),3,1,-18,0.7276422293502554
HGB current-second (no context),3,1,-17,0.7280622524838463
HGB current-second (no context),3,1,-16,0.7283548906309707
HGB current-second (no context),3,1,-15,0.7287633163501621
HGB current-second (no context),3,1,-14,0.7293338428225704
HGB current-second (no context),3,1,-13,0.7298001435816679
HGB current-second (no context),3,1,-12,0.7303706448363304
HGB current-second (no context),3,1,-11,0.7309874484739012
HGB current-second (no context),3,1,-10,0.7316158165923696
HGB current-second (no context),3,1,-9,0.7319662830280435
HGB current-second (no context),3,1,-8,0.7323862123264673
HGB current-second (no context),3,1,-7,0.732644034827714
HGB current-second (no context),3,1,-6,0.7332839328925888
HGB current-second (no context),3,1,-5,0.7338311913858979
HGB current-second (no context),3,1,-4,0.7344942168088826
HGB current-second (no context),3,1,-3,0.7352266938359654
HGB current-second (no context),3,1,-2,0.7355655123707641
HGB current-second (no context),3,1,-1,0.7362169171278394
HGB current-second (no context),3,1,0,0.7367293777134588
HGB current-second (no context),3,1,1,0.7369926135179568
HGB current-second (no context),3,1,2,0.7375452977203524
HGB current-second (no context),3,1,3,0.7381790395035428
HGB current-second (no context),3,1,4,0.7386854383994628
HGB current-second (no context),3,1,5,0.7392728956813709
HGB current-second (no context),3,1,6,0.739952992393104
HGB current-second (no context),3,1,7,0.740644683216006
HGB current-second (no context),3,1,8,0.7414869105098012
HGB current-second (no context),3,1,9,0.7419702197624065
HGB current-second (no context),3,1,10,0.7424998552654432
HGB current-second (no context),3,1,11,0.7435968690658145
HGB current-second (no context),3,1,12,0.7441265356692102
HGB current-second (no context),3,1,13,0.7446214770385123
HGB current-second (no context),3,1,14,0.7451627470733317
HGB current-second (no context),3,1,15,0.7456461324687356
HGB current-second (no context),3,1,16,0.7463263817320719
HGB current-second (no context),3,1,17,0.7466013571412029
HGB current-second (no context),3,1,18,0.7470384566392997
HGB current-second (no context),3,1,19,0.7477419056000741
HGB current-second (no context),3,1,20,0.7481906085345377
HGB current-second (no context),3,1,21,0.7486856428190934
HGB current-second (no context),3,1,22,0.7495049390293331
HGB current-second (no context),3,1,23,0.75
HGB current-second (no context),3,1,24,0.7508424916908895
HGB current-second (no context),3,1,25,0.7515228720324262
HGB current-second (no context),3,1,26,0.7521685254027262
HGB current-second (no context),3,1,27,0.7525478297123268
HGB current-second (no context),3,1,28,0.7531008604815453
HGB current-second (no context),3,1,29,0.7537002293099854
HGB current-second (no context),3,1,30,0.7543575192541548
HGB current-second (no context),3,1,31,0.7551422218104327
HGB current-second (no context),3,1,32,0.7557068899621278
HGB current-second (no context),3,1,33,0.7561441708554354
HGB current-second (no context),3,1,34,0.7566741177424399
HGB current-second (no context),3,1,35,0.7572156590224693
HGB current-second (no context),3,1,36,0.7574444920603667
HGB current-second (no context),3,1,37,0.7577312423266696
HGB current-second (no context),3,1,38,0.7580411642748763
HGB current-second (no context),3,1,39,0.7580962750185323
HGB current-second (no context),3,1,40,0.7580471419470667
HGB current-second (no context),3,1,41,0.7579864248152524
HGB current-second (no context),3,1,42,0.7578446248827215
HGB current-second (no context),3,1,43,0.7578765695223092
HGB current-second (no context),3,1,44,0.757989598174468
HGB current-second (no context),3,1,45,0.7581373798216148
HGB current-second (no context),3,1,46,0.7582388305204508
HGB current-second (no context),3,1,47,0.7587225465665832
HGB current-second (no context),3,1,48,0.7591483545124932
HGB current-second (no context),3,1,49,0.7594815003591039
HGB current-second (no context),3,1,50,0.7596061395887634
HGB current-second (no context),3,1,51,0.7596496918585793
HGB current-second (no context),3,1,52,0.7593804663878688
HGB current-second (no context),3,1,53,0.759192326405783
HGB current-second (no context),3,1,54,0.758841996733124
HGB current-second (no context),3,1,55,0.7586306765523633
HGB current-second (no context),3,1,56,0.7583382569306873
HGB current-second (no context),3,1,57,0.7583702124701684
HGB current-second (no context),3,1,58,0.7582283906993987
HGB current-second (no context),3,1,59,0.7579591269289587
HGB current-second (no context),3,1,60,0.7576087586166946
HGB current-second (no context),4,1,-60,0.7042344899496032
HGB current-second (no context),4,1,-59,0.7046781593215626
HGB current-second (no context),4,1,-58,0.7048669439392009
HGB current-second (no context),4,1,-57,0.7053105957042564
HGB current-second (no context),4,1,-56,0.7058353317346123
HGB current-second (no context),4,1,-55,0.7065106580166821
HGB current-second (no context),4,1,-54,0.7069774446542556
HGB current-second (no context),4,1,-53,0.7075832348648085
HGB current-second (no context),4,1,-52,0.7079225698828817
HGB current-second (no context),4,1,-51,0.7080186274964089
HGB current-second (no context),4,1,-50,0.7080915146249638
HGB current-second (no context),4,1,-49,0.7086509278780437
HGB current-second (no context),4,1,-48,0.7092566636162498
HGB current-second (no context),4,1,-47,0.7099666388657214
HGB current-second (no context),4,1,-46,0.7104101750280902
HGB current-second (no context),4,1,-45,0.7103903625622611
HGB current-second (no context),4,1,-44,0.710544300425108
HGB current-second (no context),4,1,-43,0.7108024834360376
HGB current-second (no context),4,1,-42,0.7111880740852281
HGB current-second (no context),4,1,-41,0.7117126508675609
HGB current-second (no context),4,1,-40,0.7118665662825042
HGB current-second (no context),4,1,-39,0.7121131393624908
HGB current-second (no context),4,1,-38,0.7123017941322956
HGB current-second (no context),4,1,-37,0.7124209502189071
HGB current-second (no context),4,1,-36,0.712459027785821
HGB current-second (no context),4,1,-35,0.7129372249247162
HGB current-second (no context),4,1,-34,0.7133575010713334
HGB current-second (no context),4,1,-33,0.7139051678209909
HGB current-second (no context),4,1,-32,0.714047461867204
HGB current-second (no context),4,1,-31,0.7142476605207079
HGB current-second (no context),4,1,-30,0.714471017430077
HGB current-second (no context),4,1,-29,0.7144743242304218
HGB current-second (no context),4,1,-28,0.7147092545195548
HGB current-second (no context),4,1,-27,0.7149905035437996
HGB current-second (no context),4,1,-26,0.7153991360641119
HGB current-second (no context),4,1,-25,0.7156572090330052
HGB current-second (no context),4,1,-24,0.7158689534574006
HGB current-second (no context),4,1,-23,0.7161849175467853
HGB current-second (no context),4,1,-22,0.716304007967297
HGB current-second (no context),4,1,-21,0.716469416587535
HGB current-second (no context),4,1,-20,0.7169243240113485
HGB current-second (no context),4,1,-19,0.7171360415026171
HGB current-second (no context),4,1,-18,0.7176488298574522
HGB current-second (no context),4,1,-17,0.7181268672271243
HGB current-second (no context),4,1,-16,0.7185469956808208
HGB current-second (no context),4,1,-15,0.7187702640111162
HGB current-second (no context),4,1,-14,0.719086161577564
HGB current-second (no context),4,1,-13,0.7190894143257451
HGB current-second (no context),4,1,-12,0.7194747750772901
HGB current-second (no context),4,1,-11,0.7198832847019592
HGB current-second (no context),4,1,-10,0.7201065246338215
HGB current-second (no context),4,1,-9,0.7206539610494871
HGB current-second (no context),4,1,-8,0.7210161288455081
HGB current-second (no context),4,1,-7,0.7215288069655428
HGB current-second (no context),4,1,-6,0.7217520175062812
HGB current-second (no context),4,1,-5,0.7219289105013315
HGB current-second (no context),4,1,-4,0.722395248405136
HGB current-second (no context),4,1,-3,0.7228036863798453
HGB current-second (no context),4,1,-2,0.7229342502865479
HGB current-second (no context),4,1,-1,0.7234816032602404
HGB current-second (no context),4,1,0,0.724040520984081
HGB current-second (no context),4,1,1,0.7245814712760784
HGB current-second (no context),4,1,2,0.7251687448623991
HGB current-second (no context),4,1,3,0.7255128976983282
HGB current-second (no context),4,1,4,0.7260307279063575
HGB current-second (no context),4,1,5,0.726351742503184
HGB current-second (no context),4,1,6,0.7268695944146627
HGB current-second (no context),4,1,7,0.7271674694331234
HGB current-second (no context),4,1,8,0.7278821772204661
HGB current-second (no context),4,1,9,0.7284232221012898
HGB current-second (no context),4,1,10,0.7291379609795635
HGB current-second (no context),4,1,11,0.7298874531054607
HGB current-second (no context),4,1,12,0.7305906464573949
HGB current-second (no context),4,1,13,0.7313517519279312
HGB current-second (no context),4,1,14,0.7318465511052442
HGB current-second (no context),4,1,15,0.7325150532654007
HGB current-second (no context),4,1,16,0.7332183096145162
HGB current-second (no context),4,1,17,0.7340257995784988
HGB current-second (no context),4,1,18,0.7347754090577486
HGB current-second (no context),4,1,19,0.735594515725601
HGB current-second (no context),4,1,20,0.7361472989404203
HGB current-second (no context),4,1,21,0.7371401440581791
HGB current-second (no context),4,1,22,0.7377740205899043
HGB current-second (no context),4,1,23,0.738546877895127
HGB current-second (no context),4,1,24,0.7392502692499219
HGB current-second (no context),4,1,25,0.7399652576722641
HGB current-second (no context),4,1,26,0.7406571008349836
HGB current-second (no context),4,1,27,0.7411636633158846
HGB current-second (no context),4,1,28,0.741925023451886
HGB current-second (no context),4,1,29,0.7427211451601695
HGB current-second (no context),4,1,30,0.7432161676993456
HGB current-second (no context),4,1,31,0.7436301306402298
HGB current-second (no context),4,1,32,0.744020939740338
HGB current-second (no context),4,1,33,0.7444812489865882
HGB current-second (no context),4,1,34,0.7451500445906348
HGB current-second (no context),4,1,35,0.7458536020384526
HGB current-second (no context),4,1,36,0.7460475567240761
HGB current-second (no context),4,1,37,0.7461720215895666
HGB current-second (no context),4,1,38,0.7465628872905011
HGB current-second (no context),4,1,39,0.7466526130467013
HGB current-second (no context),4,1,40,0.746719175305496
HGB current-second (no context),4,1,41,0.7467509903398429
HGB current-second (no context),4,1,42,0.7468291383364415
HGB current-second (no context),4,1,43,0.7468262058101284
HGB current-second (no context),4,1,44,0.7469738564362743
HGB current-second (no context),4,1,45,0.7472605119888799
HGB current-second (no context),4,1,46,0.7475935085544835
HGB current-second (no context),4,1,47,0.7478454267445093
HGB current-second (no context),4,1,48,0.7479467605731694
HGB current-second (no context),4,1,49,0.7480365127539791
HGB current-second (no context),4,1,50,0.7484390385172314
HGB current-second (no context),4,1,51,0.7484824614244011
HGB current-second (no context),4,1,52,0.7485838073282902
HGB current-second (no context),4,1,53,0.7487083246449341
HGB current-second (no context),4,1,54,0.7488212601800257
HGB current-second (no context),4,1,55,0.7487140871177016
HGB current-second (no context),4,1,56,0.7485258170275374
HGB current-second (no context),4,1,57,0.7485808290275493
HGB current-second (no context),4,1,58,0.7484388938447815
HGB current-second (no context),4,1,59,0.7480768339589415
HGB current-second (no context),4,1,60,0.7479928170074727
HGB current-second (no context),5,1,-60,0.7175693680125123
HGB current-second (no context),5,1,-59,0.7175262987163445
HGB current-second (no context),5,1,-58,0.7175527416383795
HGB current-second (no context),5,1,-57,0.7177877151926597
HGB current-second (no context),5,1,-56,0.7183007217414474
HGB current-second (no context),5,1,-55,0.7185009267840593
HGB current-second (no context),5,1,-54,0.7188748971860845
HGB current-second (no context),5,1,-53,0.7190635064062464
HGB current-second (no context),5,1,-52,0.7194953836173441
HGB current-second (no context),5,1,-51,0.7198924980306751
HGB current-second (no context),5,1,-50,0.7205907906168549
HGB current-second (no context),5,1,-49,0.7208372911984802
HGB current-second (no context),5,1,-48,0.7212575439897135
HGB current-second (no context),5,1,-47,0.7216314521360393
HGB current-second (no context),5,1,-46,0.7217389289809913
HGB current-second (no context),5,1,-45,0.7221359898065562
HGB current-second (no context),5,1,-44,0.7225446247581981
HGB current-second (no context),5,1,-43,0.7230574989575128
HGB current-second (no context),5,1,-42,0.7235587782192209
HGB current-second (no context),5,1,-41,0.7240137141798133
HGB current-second (no context),5,1,-40,0.7244223084496438
HGB current-second (no context),5,1,-39,0.7250741289844329
HGB current-second (no context),5,1,-38,0.7254363714282405
HGB current-second (no context),5,1,-37,0.7258333526373092
HGB current-second (no context),5,1,-36,0.7262650714045796
HGB current-second (no context),5,1,-35,0.7263261524206625
HGB current-second (no context),5,1,-34,0.7265030518525382
HGB current-second (no context),5,1,-33,0.7267726019781798
HGB current-second (no context),5,1,-32,0.7267294395608214
HGB current-second (no context),5,1,-31,0.7269526544982859
HGB current-second (no context),5,1,-30,0.726851583762812
HGB current-second (no context),5,1,-29,0.7271790239269914
HGB current-second (no context),5,1,-28,0.7274138070807324
HGB current-second (no context),5,1,-27,0.7276022606198175
HGB current-second (no context),5,1,-26,0.7280339089045618
HGB current-second (no context),5,1,-25,0.728349739432542
HGB current-second (no context),5,1,-24,0.7284339498094985
HGB current-second (no context),5,1,-23,0.7288076709282935
HGB current-second (no context),5,1,-22,0.729042418908434
HGB current-second (no context),5,1,-21,0.7294508650438891
HGB current-second (no context),5,1,-20,0.7298014011927508
HGB current-second (no context),5,1,-19,0.7303603687062856
HGB current-second (no context),5,1,-18,0.73075720555369
HGB current-second (no context),5,1,-17,0.731223511429167
HGB current-second (no context),5,1,-16,0.7314234764182077
HGB current-second (no context),5,1,-15,0.7318202871699862
HGB current-second (no context),5,1,-14,0.7322170887321824
HGB current-second (no context),5,1,-13,0.7326254602718788
HGB current-second (no context),5,1,-12,0.7328601368641664
HGB current-second (no context),5,1,-11,0.7331990181093975
HGB current-second (no context),5,1,-10,0.7335494702715221
HGB current-second (no context),5,1,-9,0.7340041219924507
HGB current-second (no context),5,1,-8,0.7344703416814292
HGB current-second (no context),5,1,-7,0.7348091885883661
HGB current-second (no context),5,1,-6,0.7350206671375146
HGB current-second (no context),5,1,-5,0.7355331712400139
HGB current-second (no context),5,1,-4,0.7359298838730592
HGB current-second (no context),5,1,-3,0.7363150094938175
HGB current-second (no context),5,1,-2,0.7367117038889468
HGB current-second (no context),5,1,-1,0.7374094056081691
HGB current-second (no context),5,1,0,0.7381997105643994
HGB current-second (no context),5,1,1,0.738682936994929
HGB current-second (no context),5,1,2,0.7392124853831638
HGB current-second (no context),5,1,3,0.7397304682072894
HGB current-second (no context),5,1,4,0.7403526646675389
HGB current-second (no context),5,1,5,0.7410675002894523
HGB current-second (no context),5,1,6,0.7418402436059234
HGB current-second (no context),5,1,7,0.7426593182660245
HGB current-second (no context),5,1,8,0.7435247258790973
HGB current-second (no context),5,1,9,0.7440196373572934
HGB current-second (no context),5,1,10,0.744665084235512
HGB current-second (no context),5,1,11,0.7454263350470103
HGB current-second (no context),5,1,12,0.7463149728471683
HGB current-second (no context),5,1,13,0.7470762603923021
HGB current-second (no context),5,1,14,0.747710193258531
HGB current-second (no context),5,1,15,0.7485294117647059
HGB current-second (no context),5,1,16,0.7492791718292245
HGB current-second (no context),5,1,17,0.7499942101484518
HGB current-second (no context),5,1,18,0.7507092650277337
HGB current-second (no context),5,1,19,0.7514011765250822
HGB current-second (no context),5,1,20,0.7519888830988362
HGB current-second (no context),5,1,21,0.7524839613683211
HGB current-second (no context),5,1,22,0.752793765126863
HGB current-second (no context),5,1,23,0.7533236057068742
HGB current-second (no context),5,1,24,0.7540734907528576
HGB current-second (no context),5,1,25,0.7546612623045744
HGB current-second (no context),5,1,26,0.7551679810999549
HGB current-second (no context),5,1,27,0.7554894149256497
HGB current-second (no context),5,1,28,0.7559035056226621
HGB current-second (no context),5,1,29,0.7559470039144836
HGB current-second (no context),5,1,30,0.7561178991256008
HGB current-second (no context),5,1,31,0.7565204299082738
HGB current-second (no context),5,1,32,0.7567608260078987
HGB current-second (no context),5,1,33,0.7568159180931644
HGB current-second (no context),5,1,34,0.7570563231836555
HGB current-second (no context),5,1,35,0.7570419272643039
HGB current-second (no context),5,1,36,0.7571549357764162
HGB current-second (no context),5,1,37,0.7572679469063448
HGB current-second (no context),5,1,38,0.757531533409778
HGB current-second (no context),5,1,39,0.7573202372127502
HGB current-second (no context),5,1,40,0.7573174263045115
HGB current-second (no context),5,1,41,0.7570945398105033
HGB current-second (no context),5,1,42,0.7569179803783026
HGB current-second (no context),5,1,43,0.756614001760645
HGB current-second (no context),5,1,44,0.7563910993733421
HGB current-second (no context),5,1,45,0.7562956098691069
HGB current-second (no context),5,1,46,0.756350704861634
HGB current-second (no context),5,1,47,0.7560003706792697
HGB current-second (no context),5,1,48,0.7558006185781968
HGB current-second (no context),5,1,49,0.755647197831476
HGB current-second (no context),5,1,50,0.7552041702867072
HGB current-second (no context),5,1,51,0.7549812334924239
HGB current-second (no context),5,1,52,0.7546308631535048
HGB current-second (no context),5,1,53,0.7541414703088436
HGB current-second (no context),5,1,54,0.7539416827886609
HGB current-second (no context),5,1,55,0.7537534754402224
HGB current-second (no context),5,1,56,0.7537274528203524
HGB current-second (no context),5,1,57,0.7536203341133947
HGB current-second (no context),5,1,58,0.753049804789323
HGB current-second (no context),5,1,59,0.7531627971639093
HGB current-second (no context),5,1,60,0.7528355442275386
HGB current-second (no context),6,1,-60,0.7161906968661299
HGB current-second (no context),6,1,-59,0.7164836183326382
HGB current-second (no context),6,1,-58,0.7165679993512286
HGB current-second (no context),6,1,-57,0.7169304200746078
HGB current-second (no context),6,1,-56,0.7174666064250049
HGB current-second (no context),6,1,-55,0.7182576459684893
HGB current-second (no context),6,1,-54,0.7186200345223063
HGB current-second (no context),6,1,-53,0.7190635064062464
HGB current-second (no context),6,1,-52,0.7194953836173441
HGB current-second (no context),6,1,-51,0.7197419025995089
HGB current-second (no context),6,1,-50,0.7202896032435563
HGB current-second (no context),6,1,-49,0.7206519472696522
HGB current-second (no context),6,1,-48,0.7210606183465196
HGB current-second (no context),6,1,-47,0.7215040311370586
HGB current-second (no context),6,1,-46,0.7218315977249823
HGB current-second (no context),6,1,-45,0.7223792424417931
HGB current-second (no context),6,1,-44,0.722834207874344
HGB current-second (no context),6,1,-43,0.722964833433721
HGB current-second (no context),6,1,-42,0.7230143745728748
HGB current-second (no context),6,1,-41,0.7235156485278106
HGB current-second (no context),6,1,-40,0.7238084206868594
HGB current-second (no context),6,1,-39,0.7239506115641215
HGB current-second (no context),6,1,-38,0.724463439776689
HGB current-second (no context),6,1,-37,0.724941508953184
HGB current-second (no context),6,1,-36,0.7251415930228517
HGB current-second (no context),6,1,-35,0.7257123002084781
HGB current-second (no context),6,1,-34,0.7262482482250611
HGB current-second (no context),6,1,-33,0.7265409649996526
HGB current-second (no context),6,1,-32,0.7271695447227916
HGB current-second (no context),6,1,-31,0.7275085703696841
HGB current-second (no context),6,1,-30,0.7278475881637616
HGB current-second (no context),6,1,-29,0.7283718991036064
HGB current-second (no context),6,1,-28,0.7285719249076401
HGB current-second (no context),6,1,-27,0.7290151480057442
HGB current-second (no context),6,1,-26,0.7294699417480226
HGB current-second (no context),6,1,-25,0.7294035900405327
HGB current-second (no context),6,1,-24,0.7295920139894153
HGB current-second (no context),6,1,-23,0.7298730776357235
HGB current-second (no context),6,1,-22,0.7298762058063993
HGB current-second (no context),6,1,-21,0.7299951362994187
HGB current-second (no context),6,1,-20,0.7304498870939725
HGB current-second (no context),6,1,-19,0.7309509472416509
HGB current-second (no context),6,1,-18,0.7310582813205646
HGB current-second (no context),6,1,-17,0.7314551054910952
HGB current-second (no context),6,1,-16,0.7316898065054018
HGB current-second (no context),6,1,-15,0.7318550254747568
HGB current-second (no context),6,1,-14,0.7320086613170297
HGB current-second (no context),6,1,-13,0.7324054561033788
HGB current-second (no context),6,1,-12,0.7327327675046027
HGB current-second (no context),6,1,-11,0.7334190171830856
HGB current-second (no context),6,1,-10,0.7337578880333469
HGB current-second (no context),6,1,-9,0.7337957066438182
HGB current-second (no context),6,1,-8,0.7342040362638508
HGB current-second (no context),6,1,-7,0.7345891997035939
HGB current-second (no context),6,1,-6,0.7348585719413215
HGB current-second (no context),6,1,-5,0.7350932036586778
HGB current-second (no context),6,1,-4,0.7353972977040905
HGB current-second (no context),6,1,-3,0.7357708516648914
HGB current-second (no context),6,1,-2,0.7365727715837125
HGB current-second (no context),6,1,-1,0.7370736564243869
HGB current-second (no context),6,1,0,0.7376903039073807
HGB current-second (no context),6,1,1,0.7385671614143144
HGB current-second (no context),6,1,2,0.7393745730726037
HGB current-second (no context),6,1,3,0.7400199138609734
HGB current-second (no context),6,1,4,0.7409199847170925
HGB current-second (no context),6,1,5,0.7416464050017367
HGB current-second (no context),6,1,6,0.7422339033681066
HGB current-second (no context),6,1,7,0.7429950907743609
HGB current-second (no context),6,1,8,0.7436289323468455
HGB current-second (no context),6,1,9,0.7444712039459973
HGB current-second (no context),6,1,10,0.7453598101082615
HGB current-second (no context),6,1,11,0.7462947524431476
HGB current-second (no context),6,1,12,0.7473686648217408
HGB current-second (no context),6,1,13,0.7481994395683287
HGB current-second (no context),6,1,14,0.7492386609696506
HGB current-second (no context),6,1,15,0.7504863362667902
HGB current-second (no context),6,1,16,0.7516761426139719
HGB current-second (no context),6,1,17,0.7524722666110841
HGB current-second (no context),6,1,18,0.7535579049758561
HGB current-second (no context),6,1,19,0.7543772291444717
HGB current-second (no context),6,1,20,0.7550923513403972
HGB current-second (no context),6,1,21,0.7558306505778539
HGB current-second (no context),6,1,22,0.7563721005639642
HGB current-second (no context),6,1,23,0.7571799147674634
HGB current-second (no context),6,1,24,0.758022489606374
HGB current-second (no context),6,1,25,0.7586913723219456
HGB current-second (no context),6,1,26,0.7594760796303374
HGB current-second (no context),6,1,27,0.7603881965998054
HGB current-second (no context),6,1,28,0.7610108052393251
HGB current-second (no context),6,1,29,0.7615060338637575
HGB current-second (no context),6,1,30,0.7621402513173895
HGB current-second (no context),6,1,31,0.762786065042157
HGB current-second (no context),6,1,32,0.7636403645923815
HGB current-second (no context),6,1,33,0.7641588103124782
HGB current-second (no context),6,1,34,0.7646888500249013
HGB current-second (no context),6,1,35,0.765045170257123
HGB current-second (no context),6,1,36,0.7654594100001159
HGB current-second (no context),6,1,37,0.7660126479649748
HGB current-second (no context),6,1,38,0.7665079861473065
HGB current-second (no context),6,1,39,0.7669685878428466
HGB current-second (no context),6,1,40,0.7673597034806278
HGB current-second (no context),6,1,41,0.7677624111010726
HGB current-second (no context),6,1,42,0.7678523855304461
HGB current-second (no context),6,1,43,0.7681856090441551
HGB current-second (no context),6,1,44,0.768553590251474
HGB current-second (no context),6,1,45,0.7689215799837832
HGB current-second (no context),6,1,46,0.7691042407533969
HGB current-second (no context),6,1,47,0.7689509776665739
HGB current-second (no context),6,1,48,0.76905255597901
HGB current-second (no context),6,1,49,0.7694205685425016
HGB current-second (no context),6,1,50,0.7694410657399363
HGB current-second (no context),6,1,51,0.7697511700106575
HGB current-second (no context),6,1,52,0.7699338530866628
HGB current-second (no context),6,1,53,0.7699080188132805
HGB current-second (no context),6,1,54,0.7699285226074768
HGB current-second (no context),6,1,55,0.7698795180722892
HGB current-second (no context),6,1,56,0.7698420973366235
HGB current-second (no context),6,1,57,0.7698046757339141
HGB current-second (no context),6,1,58,0.7696514012303486
HGB current-second (no context),6,1,59,0.769335928448955
HGB current-second (no context),6,1,60,0.7691942304350344
HGB current-second (no context),7,2,-60,0.6904130220703238
HGB current-second (no context),7,2,-59,0.6903007553640113
HGB current-second (no context),7,2,-58,0.6897830091407254
HGB current-second (no context),7,2,-57,0.6892189346370398
HGB current-second (no context),7,2,-56,0.6885274389184305
HGB current-second (no context),7,2,-55,0.6881024096385542
HGB current-second (no context),7,2,-54,0.6875615435409692
HGB current-second (no context),7,2,-53,0.6869048446514214
HGB current-second (no context),7,2,-52,0.6864450957450505
HGB current-second (no context),7,2,-51,0.6857884250034753
HGB current-second (no context),7,2,-50,0.6851665218650449
HGB current-second (no context),7,2,-49,0.6846604730903784
HGB current-second (no context),7,2,-48,0.6840038458419729
HGB current-second (no context),7,2,-47,0.6836368269854508
HGB current-second (no context),7,2,-46,0.6833856525617116
HGB current-second (no context),7,2,-45,0.6831924012510135
HGB current-second (no context),7,2,-44,0.68291807114478
HGB current-second (no context),7,2,-43,0.6826900801556781
HGB current-second (no context),7,2,-42,0.6822767655473573
HGB current-second (no context),7,2,-41,0.6818750434359581
HGB current-second (no context),7,2,-40,0.6813575027509121
HGB current-second (no context),7,2,-39,0.680921052631579
HGB current-second (no context),7,2,-38,0.680206632150758
HGB current-second (no context),7,2,-37,0.6796427992309296
HGB current-second (no context),7,2,-36,0.6790673971206523
HGB current-second (no context),7,2,-35,0.6788510539726662
HGB current-second (no context),7,2,-34,0.6784725680731055
HGB current-second (no context),7,2,-33,0.6782562368256468
HGB current-second (no context),7,2,-32,0.6779009300116975
HGB current-second (no context),7,2,-31,0.6774877235245066
HGB current-second (no context),7,2,-30,0.6771671781805547
HGB current-second (no context),7,2,-29,0.6766497579505709
HGB current-second (no context),7,2,-28,0.676271323844488
HGB current-second (no context),7,2,-27,0.6758118311947006
HGB current-second (no context),7,2,-26,0.6753870919176829
HGB current-second (no context),7,2,-25,0.6748002316155183
HGB current-second (no context),7,2,-24,0.674178642980394
HGB current-second (no context),7,2,-23,0.6738350009264407
HGB current-second (no context),7,2,-22,0.6734218845899969
HGB current-second (no context),7,2,-21,0.6730435185399634
HGB current-second (no context),7,2,-20,0.6726535811475884
HGB current-second (no context),7,2,-19,0.6725184121543378
HGB current-second (no context),7,2,-18,0.6724411454774946
HGB current-second (no context),7,2,-17,0.6722249241529448
HGB current-second (no context),7,2,-16,0.6720087078358944
HGB current-second (no context),7,2,-15,0.6717461787864752
HGB current-second (no context),7,2,-14,0.6716341867278054
HGB current-second (no context),7,2,-13,0.6715337764294481
HGB current-second (no context),7,2,-12,0.6712944200641479
HGB current-second (no context),7,2,-11,0.671356120605808
HGB current-second (no context),7,2,-10,0.6715104498350026
HGB current-second (no context),7,2,-9,0.671132158488294
HGB current-second (no context),7,2,-8,0.6707886113909248
HGB current-second (no context),7,2,-7,0.6705955909596146
HGB current-second (no context),7,2,-6,0.6703099491715777
HGB current-second (no context),7,2,-5,0.669873798772722
HGB current-second (no context),7,2,-4,0.6697155295180095
HGB current-second (no context),7,2,-3,0.6695109526235354
HGB current-second (no context),7,2,-2,0.6693758466187351
HGB current-second (no context),7,2,-1,0.6688586843263019
HGB current-second (no context),7,2,0,0.6687235890014471
HGB current-second (no context),7,2,1,0.6683955820038437
HGB current-second (no context),7,2,2,0.6684612089426094
HGB current-second (no context),7,2,3,0.6679247904413468
HGB current-second (no context),7,2,4,0.6676199187227194
HGB current-second (no context),7,2,5,0.6670140094940373
HGB current-second (no context),7,2,6,0.6664659773761419
HGB current-second (no context),7,2,7,0.665709522045202
HGB current-second (no context),7,2,8,0.6651383051396945
HGB current-second (no context),7,2,9,0.6645554963758886
HGB current-second (no context),7,2,10,0.6641810918774966
HGB current-second (no context),7,2,11,0.6638993098976426
HGB current-second (no context),7,2,12,0.6633396246077603
HGB current-second (no context),7,2,13,0.6629304555244204
HGB current-second (no context),7,2,14,0.6623707460543532
HGB current-second (no context),7,2,15,0.6616025937934229
HGB current-second (no context),7,2,16,0.6608575828807651
HGB current-second (no context),7,2,17,0.6603788878853146
HGB current-second (no context),7,2,18,0.6596106858737566
HGB current-second (no context),7,2,19,0.6588424660706842
HGB current-second (no context),7,2,20,0.6579931677378265
HGB current-second (no context),7,2,21,0.6573407138059615
HGB current-second (no context),7,2,22,0.6568272092457703
HGB current-second (no context),7,2,23,0.6561747267000185
HGB current-second (no context),7,2,24,0.6556611967435235
HGB current-second (no context),7,2,25,0.6555761436016213
HGB current-second (no context),7,2,26,0.6550625948187009
HGB current-second (no context),7,2,27,0.6544448047435957
HGB current-second (no context),7,2,28,0.6539312309634382
HGB current-second (no context),7,2,29,0.6535218770991129
HGB current-second (no context),7,2,30,0.6531704209855811
HGB current-second (no context),7,2,31,0.652853701473177
HGB current-second (no context),7,2,32,0.6523632489026325
HGB current-second (no context),7,2,33,0.6520465127052882
HGB current-second (no context),7,2,34,0.651695023221876
HGB current-second (no context),7,2,35,0.6512392865415798
HGB current-second (no context),7,2,36,0.6510962600910365
HGB current-second (no context),7,2,37,0.6509648127128264
HGB current-second (no context),7,2,38,0.6508101972503099
HGB current-second (no context),7,2,39,0.6507482394366197
HGB current-second (no context),7,2,40,0.6506052006718017
HGB current-second (no context),7,2,41,0.6503926610605324
HGB current-second (no context),7,2,42,0.6500642859624941
HGB current-second (no context),7,2,43,0.6501644813047306
HGB current-second (no context),7,2,44,0.6500214291505948
HGB current-second (no context),7,2,45,0.6499826248117688
HGB current-second (no context),7,2,46,0.6498974852019599
HGB current-second (no context),7,2,47,0.6497428412566028
HGB current-second (no context),7,2,48,0.6495534421444045
HGB current-second (no context),7,2,49,0.6492134467020365
HGB current-second (no context),7,2,50,0.6487807703446279
HGB current-second (no context),7,2,51,0.6483249154348733
HGB current-second (no context),7,2,52,0.6478806343616418
HGB current-second (no context),7,2,53,0.647320497671509
HGB current-second (no context),7,2,54,0.6469457026679487
HGB current-second (no context),7,2,55,0.6465708989805375
HGB current-second (no context),7,2,56,0.6461845016740231
HGB current-second (no context),7,2,57,0.6456474895155124
HGB current-second (no context),7,2,58,0.6451799761344811
HGB current-second (no context),7,2,59,0.6447356225960424
HGB current-second (no context),7,2,60,0.6443144297051497
HGB current-second (no context),8,2,-60,0.4358222788623067
HGB current-second (no context),8,2,-59,0.43550442559896196
HGB current-second (no context),8,2,-58,0.4352329205139196
HGB current-second (no context),8,2,-57,0.4351120276188049
HGB current-second (no context),8,2,-56,0.4344118907772333
HGB current-second (no context),8,2,-55,0.43390871177015755
HGB current-second (no context),8,2,-54,0.433347621088727
HGB current-second (no context),8,2,-53,0.43298348045689394
HGB current-second (no context),8,2,-52,0.43244558228977215
HGB current-second (no context),8,2,-51,0.43195403364070245
HGB current-second (no context),8,2,-50,0.4312308137851144
HGB current-second (no context),8,2,-49,0.4306582026272502
HGB current-second (no context),8,2,-48,0.43024777879458337
HGB current-second (no context),8,2,-47,0.4295014363821703
HGB current-second (no context),8,2,-46,0.42861610814442425
HGB current-second (no context),8,2,-45,0.4278466350052126
HGB current-second (no context),8,2,-44,0.42719301293857365
HGB current-second (no context),8,2,-43,0.4262266598711949
HGB current-second (no context),8,2,-42,0.42553832254178586
HGB current-second (no context),8,2,-41,0.42466467440405864
HGB current-second (no context),8,2,-40,0.4239647883245497
HGB current-second (no context),8,2,-39,0.4233112490733877
HGB current-second (no context),8,2,-38,0.42279671519742407
HGB current-second (no context),8,2,-37,0.4223285227825523
HGB current-second (no context),8,2,-36,0.4220572394862113
HGB current-second (no context),8,2,-35,0.4218207088255733
HGB current-second (no context),8,2,-34,0.421537855711655
HGB current-second (no context),8,2,-33,0.4212318454518079
HGB current-second (no context),8,2,-32,0.42085635199147586
HGB current-second (no context),8,2,-31,0.42055035671268415
HGB current-second (no context),8,2,-30,0.42033702009380974
HGB current-second (no context),8,2,-29,0.42018159497834295
HGB current-second (no context),8,2,-28,0.4199798487498118
HGB current-second (no context),8,2,-27,0.4195812294436466
HGB current-second (no context),8,2,-26,0.41932159029056504
HGB current-second (no context),8,2,-25,0.41888824551244935
HGB current-second (no context),8,2,-24,0.41855913654734744
HGB current-second (no context),8,2,-23,0.4183921623123958
HGB current-second (no context),8,2,-22,0.41824835269185784
HGB current-second (no context),8,2,-21,0.417954003288788
HGB current-second (no context),8,2,-20,0.4178333622835968
HGB current-second (no context),8,2,-19,0.4179211635555144
HGB current-second (no context),8,2,-18,0.41764998784117097
HGB current-second (no context),8,2,-17,0.4170777461265893
HGB current-second (no context),8,2,-16,0.416806586458852
HGB current-second (no context),8,2,-15,0.41662806855025475
HGB current-second (no context),8,2,-14,0.4163569203691481
HGB current-second (no context),8,2,-13,0.4160973576341446
HGB current-second (no context),8,2,-12,0.41582622187742435
HGB current-second (no context),8,2,-11,0.4157982492705294
HGB current-second (no context),8,2,-10,0.41551554449140277
HGB current-second (no context),8,2,-9,0.41517495310654656
HGB current-second (no context),8,2,-8,0.4147301631410145
HGB current-second (no context),8,2,-7,0.41419275657650984
HGB current-second (no context),8,2,-6,0.4134816890319443
HGB current-second (no context),8,2,-5,0.4133032302882945
HGB current-second (no context),8,2,-4,0.41292795035370666
HGB current-second (no context),8,2,-3,0.4125179456305284
HGB current-second (no context),8,2,-2,0.412594213469487
HGB current-second (no context),8,2,-1,0.4127167897747007
HGB current-second (no context),8,2,0,0.41276989869753977
HGB current-second (no context),8,2,1,0.4130409614004214
HGB current-second (no context),8,2,2,0.4128836557720584
HGB current-second (no context),8,2,3,0.4128189691103598
HGB current-second (no context),8,2,4,0.4127542809507821
HGB current-second (no context),8,2,5,0.41249276369109644
HGB current-second (no context),8,2,6,0.4123122879736943
HGB current-second (no context),8,2,7,0.4120970729899963
HGB current-second (no context),8,2,8,0.4117776465548184
HGB current-second (no context),8,2,9,0.41140031957020123
HGB current-second (no context),8,2,10,0.4112545591385399
HGB current-second (no context),8,2,11,0.41073827057570284
HGB current-second (no context),8,2,12,0.41052302490649933
HGB current-second (no context),8,2,13,0.410539357587828
HGB current-second (no context),8,2,14,0.41052095274487327
HGB current-second (no context),8,2,15,0.41038675312644746
HGB current-second (no context),8,2,16,0.4100788568649475
HGB current-second (no context),8,2,17,0.4098751708006207
HGB current-second (no context),8,2,18,0.40953252197274104
HGB current-second (no context),8,2,19,0.40892352586965586
HGB current-second (no context),8,2,20,0.4085461177696717
HGB current-second (no context),8,2,21,0.408029738054983
HGB current-second (no context),8,2,22,0.4080576239389483
HGB current-second (no context),8,2,23,0.4079118028534371
HGB current-second (no context),8,2,24,0.4078354622413174
HGB current-second (no context),8,2,25,0.4079096699478865
HGB current-second (no context),8,2,26,0.40800704119329695
HGB current-second (no context),8,2,27,0.4079538611201186
HGB current-second (no context),8,2,28,0.407842773923819
HGB current-second (no context),8,2,29,0.4078474972783916
HGB current-second (no context),8,2,30,0.40807226822630144
HGB current-second (no context),8,2,31,0.4078569443157602
HGB current-second (no context),8,2,32,0.40775743256546565
HGB current-second (no context),8,2,33,0.40787797363971184
HGB current-second (no context),8,2,34,0.407639476031086
HGB current-second (no context),8,2,35,0.4076557794764883
HGB current-second (no context),8,2,36,0.4077531590590579
HGB current-second (no context),8,2,37,0.4078389585118951
HGB current-second (no context),8,2,38,0.4079363424719413
HGB current-second (no context),8,2,39,0.4077789103039288
HGB current-second (no context),8,2,40,0.4076214744889095
HGB current-second (no context),8,2,41,0.40797368360089886
HGB current-second (no context),8,2,42,0.408024741408268
HGB current-second (no context),8,2,43,0.40792521892229994
HGB current-second (no context),8,2,44,0.40795311070183365
HGB current-second (no context),8,2,45,0.40813158809220434
HGB current-second (no context),8,2,46,0.4080783977574164
HGB current-second (no context),8,2,47,0.4078051153739227
HGB current-second (no context),8,2,48,0.40760132982728464
HGB current-second (no context),8,2,49,0.40745545953710355
HGB current-second (no context),8,2,50,0.4076107732406603
HGB current-second (no context),8,2,51,0.4077081692229276
HGB current-second (no context),8,2,52,0.40765497028601877
HGB current-second (no context),8,2,53,0.40772919997219714
HGB current-second (no context),8,2,54,0.40775709271208627
HGB current-second (no context),8,2,55,0.40762279888785913
HGB current-second (no context),8,2,56,0.40796348428503576
HGB current-second (no context),8,2,57,0.40777126439444844
HGB current-second (no context),8,2,58,0.40756745484666984
HGB current-second (no context),8,2,59,0.40721303118772884
HGB current-second (no context),8,2,60,0.4068354283728205
HGB current-second (no context),9,2,-60,0.5793546892197184
HGB current-second (no context),9,2,-59,0.5787455396450253
HGB current-second (no context),9,2,-58,0.578066892964306
HGB current-second (no context),9,2,-57,0.5773303366621099
HGB current-second (no context),9,2,-56,0.5766748919704816
HGB current-second (no context),9,2,-55,0.5757530120481927
HGB current-second (no context),9,2,-54,0.5748543228183177
HGB current-second (no context),9,2,-53,0.574349528509534
HGB current-second (no context),9,2,-52,0.5740069274700833
HGB current-second (no context),9,2,-51,0.5736990871600018
HGB current-second (no context),9,2,-50,0.5734955111497249
HGB current-second (no context),9,2,-49,0.5730718439404119
HGB current-second (no context),9,2,-48,0.5726134349624104
HGB current-second (no context),9,2,-47,0.5724446297840793
HGB current-second (no context),9,2,-46,0.5720209894705139
HGB current-second (no context),9,2,-45,0.5717247770184177
HGB current-second (no context),9,2,-44,0.5712548215588839
HGB current-second (no context),9,2,-43,0.5709702080341009
HGB current-second (no context),9,2,-42,0.5709751775103379
HGB current-second (no context),9,2,-41,0.5706094933629856
HGB current-second (no context),9,2,-40,0.5701743209590548
HGB current-second (no context),9,2,-39,0.5698781504818384
HGB current-second (no context),9,2,-38,0.5695588218261001
HGB current-second (no context),9,2,-37,0.568764622761704
HGB current-second (no context),9,2,-36,0.5683063273839168
HGB current-second (no context),9,2,-35,0.567674310864026
HGB current-second (no context),9,2,-34,0.5672160387301514
HGB current-second (no context),9,2,-33,0.5666187950244377
HGB current-second (no context),9,2,-32,0.5659868200085705
HGB current-second (no context),9,2,-31,0.5650769016955434
HGB current-second (no context),9,2,-30,0.5645955179801957
HGB current-second (no context),9,2,-29,0.5639751696662266
HGB current-second (no context),9,2,-28,0.5634938098602151
HGB current-second (no context),9,2,-27,0.5629429749386204
HGB current-second (no context),9,2,-26,0.5622995054951418
HGB current-second (no context),9,2,-25,0.5620382165605096
HGB current-second (no context),9,2,-24,0.5614295144236894
HGB current-second (no context),9,2,-23,0.5606702797850658
HGB current-second (no context),9,2,-22,0.5600268664667122
HGB current-second (no context),9,2,-21,0.5596498135581444
HGB current-second (no context),9,2,-20,0.5589022060100747
HGB current-second (no context),9,2,-19,0.5581661957478345
HGB current-second (no context),9,2,-18,0.5575923202519772
HGB current-second (no context),9,2,-17,0.557307950624146
HGB current-second (no context),9,2,-16,0.5568383144779351
HGB current-second (no context),9,2,-15,0.5564381658175082
HGB current-second (no context),9,2,-14,0.5561190815298572
HGB current-second (no context),9,2,-13,0.5558926379657719
HGB current-second (no context),9,2,-12,0.555504093188055
HGB current-second (no context),9,2,-11,0.5554976610624798
HGB current-second (no context),9,2,-10,0.5553870202049441
HGB current-second (no context),9,2,-9,0.5551374383437927
HGB current-second (no context),9,2,-8,0.5548647052693737
HGB current-second (no context),9,2,-7,0.5546498703223416
HGB current-second (no context),9,2,-6,0.5545855573180192
HGB current-second (no context),9,2,-5,0.5542317934467986
HGB current-second (no context),9,2,-4,0.5538433038867212
HGB current-second (no context),9,2,-3,0.5536169128884361
HGB current-second (no context),9,2,-2,0.5531937063665728
HGB current-second (no context),9,2,-1,0.5527010442957372
HGB current-second (no context),9,2,0,0.5526483357452967
HGB current-second (no context),9,2,1,0.5523884502280779
HGB current-second (no context),9,2,2,0.5520938256168015
HGB current-second (no context),9,2,3,0.5519381280970685
HGB current-second (no context),9,2,4,0.5515161338875317
HGB current-second (no context),9,2,5,0.5513951603566053
HGB current-second (no context),9,2,6,0.5513089187092591
HGB current-second (no context),9,2,7,0.5507363838458689
HGB current-second (no context),9,2,8,0.5505806615952852
HGB current-second (no context),9,2,9,0.5504133571081212
HGB current-second (no context),9,2,10,0.5502113124529613
HGB current-second (no context),9,2,11,0.549928210828586
HGB current-second (no context),9,2,12,0.5497956300730636
HGB current-second (no context),9,2,13,0.5495356754127972
HGB current-second (no context),9,2,14,0.5492872940331863
HGB current-second (no context),9,2,15,0.5488999536822603
HGB current-second (no context),9,2,16,0.5488484118621105
HGB current-second (no context),9,2,17,0.5487737094420899
HGB current-second (no context),9,2,18,0.5486990052919856
HGB current-second (no context),9,2,19,0.5484737597850757
HGB current-second (no context),9,2,20,0.5484222106421168
HGB current-second (no context),9,2,21,0.5481158950367093
HGB current-second (no context),9,2,22,0.548087501302792
HGB current-second (no context),9,2,23,0.5480012043727998
HGB current-second (no context),9,2,24,0.5478570022350638
HGB current-second (no context),9,2,25,0.5476433121019109
HGB current-second (no context),9,2,26,0.547614911579752
HGB current-second (no context),9,2,27,0.5474822810024552
HGB current-second (no context),9,2,28,0.5473612285313908
HGB current-second (no context),9,2,29,0.5466147823871401
HGB current-second (no context),9,2,30,0.5460072963113093
HGB current-second (no context),9,2,31,0.5456430093579172
HGB current-second (no context),9,2,32,0.5448154453748422
HGB current-second (no context),9,2,33,0.5444395543304533
HGB current-second (no context),9,2,34,0.5441678924265413
HGB current-second (no context),9,2,35,0.5440352096363216
HGB current-second (no context),9,2,36,0.5436245497399784
HGB current-second (no context),9,2,37,0.5431443860177442
HGB current-second (no context),9,2,38,0.5427684538494504
HGB current-second (no context),9,2,39,0.5425894180874722
HGB current-second (no context),9,2,40,0.5424682921179128
HGB current-second (no context),9,2,41,0.5423124145759493
HGB current-second (no context),9,2,42,0.5422376148170456
HGB current-second (no context),9,2,43,0.5419890654681926
HGB current-second (no context),9,2,44,0.5418215936338048
HGB current-second (no context),9,2,45,0.5417931194254605
HGB current-second (no context),9,2,46,0.5415445562904702
HGB current-second (no context),9,2,47,0.5416434992123066
HGB current-second (no context),9,2,48,0.5413833447241303
HGB current-second (no context),9,2,49,0.5412969441419735
HGB current-second (no context),9,2,50,0.5412800463365189
HGB current-second (no context),9,2,51,0.541286316667439
HGB current-second (no context),9,2,52,0.5412694183473697
HGB current-second (no context),9,2,53,0.5411598433771229
HGB current-second (no context),9,2,54,0.5412703745322691
HGB current-second (no context),9,2,55,0.541160797034291
HGB current-second (no context),9,2,56,0.5411438964770213
HGB current-second (no context),9,2,57,0.5411733358048147
HGB current-second (no context),9,2,58,0.540994242153921
HGB current-second (no context),9,2,59,0.5407919736781129
HGB current-second (no context),9,2,60,0.54033482013555
HGB current-second (no context),10,2,-60,0.7407055552337369
HGB current-second (no context),10,2,-59,0.7415195328791881
HGB current-second (no context),10,2,-58,0.7419627651563423
HGB current-second (no context),10,2,-57,0.7423712319562548
HGB current-second (no context),10,2,-56,0.7426175002027363
HGB current-second (no context),10,2,-55,0.7430027803521779
HGB current-second (no context),10,2,-54,0.7435154829068246
HGB current-second (no context),10,2,-53,0.7440165890503
HGB current-second (no context),10,2,-52,0.7444829303893516
HGB current-second (no context),10,2,-51,0.7447175756452435
HGB current-second (no context),10,2,-50,0.7448827106863597
HGB current-second (no context),10,2,-49,0.7451868498482497
HGB current-second (no context),10,2,-48,0.7455604851321139
HGB current-second (no context),10,2,-47,0.745748772124919
HGB current-second (no context),10,2,-46,0.7460644742786318
HGB current-second (no context),10,2,-45,0.7463454187420364
HGB current-second (no context),10,2,-44,0.7466842733201283
HGB current-second (no context),10,2,-43,0.7469883704767641
HGB current-second (no context),10,2,-42,0.7474777894895347
HGB current-second (no context),10,2,-41,0.7479324483980818
HGB current-second (no context),10,2,-40,0.748468176290033
HGB current-second (no context),10,2,-39,0.7487722386953298
HGB current-second (no context),10,2,-38,0.7491573716946385
HGB current-second (no context),10,2,-37,0.7495309133869211
HGB current-second (no context),10,2,-36,0.7498696996722223
HGB current-second (no context),10,2,-35,0.7501158211721103
HGB current-second (no context),10,2,-34,0.750269281106311
HGB current-second (no context),10,2,-33,0.7506312107664868
HGB current-second (no context),10,2,-32,0.7510973674762286
HGB current-second (no context),10,2,-31,0.7512392291299916
HGB current-second (no context),10,2,-30,0.7514158318373965
HGB current-second (no context),10,2,-29,0.7517429875153452
HGB current-second (no context),10,2,-28,0.7520701356155975
HGB current-second (no context),10,2,-27,0.7522698846528003
HGB current-second (no context),10,2,-26,0.7525854381637309
HGB current-second (no context),10,2,-25,0.7527735958309206
HGB current-second (no context),10,2,-24,0.7531007168417274
HGB current-second (no context),10,2,-23,0.7530456735223272
HGB current-second (no context),10,2,-22,0.7531990782022628
HGB current-second (no context),10,2,-21,0.7534219607661486
HGB current-second (no context),10,2,-20,0.7537837994325748
HGB current-second (no context),10,2,-19,0.7540414099773033
HGB current-second (no context),10,2,-18,0.7542063758583555
HGB current-second (no context),10,2,-17,0.7546029319808241
HGB current-second (no context),10,2,-16,0.7551963315925381
HGB current-second (no context),10,2,-15,0.7558244557665585
HGB current-second (no context),10,2,-14,0.7564062481907342
HGB current-second (no context),10,2,-13,0.7570922396424353
HGB current-second (no context),10,2,-12,0.7576624248810254
HGB current-second (no context),10,2,-11,0.7583947014959938
HGB current-second (no context),10,2,-10,0.759254327563249
HGB current-second (no context),10,2,-9,0.759893939744807
HGB current-second (no context),10,2,-8,0.7608114210288652
HGB current-second (no context),10,2,-7,0.7616015190811412
HGB current-second (no context),10,2,-6,0.7625421158054394
HGB current-second (no context),10,2,-5,0.7633205974296631
HGB current-second (no context),10,2,-4,0.7641569508284031
HGB current-second (no context),10,2,-3,0.7651437966007503
HGB current-second (no context),10,2,-2,0.766003264909173
HGB current-second (no context),10,2,-1,0.767059531803552
HGB current-second (no context),10,2,0,0.76778002894356
HGB current-second (no context),10,2,1,0.7683793734225577
HGB current-second (no context),10,2,2,0.7690366202401213
HGB current-second (no context),10,2,3,0.7700180614087899
HGB current-second (no context),10,2,4,0.7711616167463616
HGB current-second (no context),10,2,5,0.7719925900196828
HGB current-second (no context),10,2,6,0.7727772696222024
HGB current-second (no context),10,2,7,0.7735851241200444
HGB current-second (no context),10,2,8,0.7743466833397015
HGB current-second (no context),10,2,9,0.7750503670425862
HGB current-second (no context),10,2,10,0.7756614369246801
HGB current-second (no context),10,2,11,0.7765156778287249
HGB current-second (no context),10,2,12,0.7772194110903975
HGB current-second (no context),10,2,13,0.7776915773140964
HGB current-second (no context),10,2,14,0.7782448095783977
HGB current-second (no context),10,2,15,0.7789833256137101
HGB current-second (no context),10,2,16,0.7796871200453919
HGB current-second (no context),10,2,17,0.7801593367146067
HGB current-second (no context),10,2,18,0.7806084046458307
HGB current-second (no context),10,2,19,0.7808143035805272
HGB current-second (no context),10,2,20,0.7812749696022234
HGB current-second (no context),10,2,21,0.7818167079695209
HGB current-second (no context),10,2,22,0.7821268514122266
HGB current-second (no context),10,2,23,0.7823790994997221
HGB current-second (no context),10,2,24,0.782758740489398
HGB current-second (no context),10,2,25,0.7831036479444122
HGB current-second (no context),10,2,26,0.7832864306477203
HGB current-second (no context),10,2,27,0.7831912725251309
HGB current-second (no context),10,2,28,0.7830266251288406
HGB current-second (no context),10,2,29,0.7831399254163481
HGB current-second (no context),10,2,30,0.7828710405929701
HGB current-second (no context),10,2,31,0.7826600574446401
HGB current-second (no context),10,2,32,0.782286925402175
HGB current-second (no context),10,2,33,0.7820875124504876
HGB current-second (no context),10,2,34,0.7819807507441424
HGB current-second (no context),10,2,35,0.7818044938614779
HGB current-second (no context),10,2,36,0.7816166506445523
HGB current-second (no context),10,2,37,0.781475132618314
HGB current-second (no context),10,2,38,0.781009300763288
HGB current-second (no context),10,2,39,0.7805897887323944
HGB current-second (no context),10,2,40,0.7803092604389876
HGB current-second (no context),10,2,41,0.780005559802627
HGB current-second (no context),10,2,42,0.7797250182433136
HGB current-second (no context),10,2,43,0.779201223184914
HGB current-second (no context),10,2,44,0.7785847493947713
HGB current-second (no context),10,2,45,0.7780030116992934
HGB current-second (no context),10,2,46,0.7776065980145722
HGB current-second (no context),10,2,47,0.7768742470577333
HGB current-second (no context),10,2,48,0.7766747367567505
HGB current-second (no context),10,2,49,0.7759886940203415
HGB current-second (no context),10,2,50,0.7752331306110628
HGB current-second (no context),10,2,51,0.7747324035030814
HGB current-second (no context),10,2,52,0.7739188860442756
HGB current-second (no context),10,2,53,0.7730126734783717
HGB current-second (no context),10,2,54,0.7721527785822685
HGB current-second (no context),10,2,55,0.7713160333642262
HGB current-second (no context),10,2,56,0.770618287978313
HGB current-second (no context),10,2,57,0.7700595472554971
HGB current-second (no context),10,2,58,0.7695471343999444
HGB current-second (no context),10,2,59,0.7690810510218268
HGB current-second (no context),10,2,60,0.7684991021259341
HGB current-second (no context),11,3,-60,0.6987313908358918
HGB current-second (no context),11,3,-59,0.6989781732239677
HGB current-second (no context),11,3,-58,0.6995261651818298
HGB current-second (no context),11,3,-57,0.700016219096828
HGB current-second (no context),11,3,-56,0.7003556575029831
HGB current-second (no context),11,3,-55,0.7012164040778499
HGB current-second (no context),11,3,-54,0.7015905747153068
HGB current-second (no context),11,3,-53,0.7019647366835801
HGB current-second (no context),11,3,-52,0.7024547339642969
HGB current-second (no context),11,3,-51,0.702956304156434
HGB current-second (no context),11,3,-50,0.7032609325224443
HGB current-second (no context),11,3,-49,0.703901489701828
HGB current-second (no context),11,3,-48,0.704426193427317
HGB current-second (no context),11,3,-47,0.7049277175423965
HGB current-second (no context),11,3,-46,0.705371312073579
HGB current-second (no context),11,3,-45,0.7054442256457778
HGB current-second (no context),11,3,-44,0.7056329707752719
HGB current-second (no context),11,3,-43,0.7060533753417041
HGB current-second (no context),11,3,-42,0.7065085193379125
HGB current-second (no context),11,3,-41,0.7068014918803716
HGB current-second (no context),11,3,-40,0.7070481264840447
HGB current-second (no context),11,3,-39,0.7075727390659748
HGB current-second (no context),11,3,-38,0.7080162618576045
HGB current-second (no context),11,3,-37,0.7085640158447034
HGB current-second (no context),11,3,-36,0.7091001748919955
HGB current-second (no context),11,3,-35,0.70970581422284
HGB current-second (no context),11,3,-34,0.7103346034908097
HGB current-second (no context),11,3,-33,0.7106622501216094
HGB current-second (no context),11,3,-32,0.7110362160221443
HGB current-second (no context),11,3,-31,0.711352265357176
HGB current-second (no context),11,3,-30,0.7116335630320227
HGB current-second (no context),11,3,-29,0.7120306673152201
HGB current-second (no context),11,3,-28,0.7124740871136229
HGB current-second (no context),11,3,-27,0.712570065317089
HGB current-second (no context),11,3,-26,0.7128281740379159
HGB current-second (no context),11,3,-25,0.713329473074696
HGB current-second (no context),11,3,-24,0.7141318571875254
HGB current-second (no context),11,3,-23,0.7146678710394664
HGB current-second (no context),11,3,-22,0.7151807117297604
HGB current-second (no context),11,3,-21,0.715809342937212
HGB current-second (no context),11,3,-20,0.7165190203230849
HGB current-second (no context),11,3,-19,0.7172286812728704
HGB current-second (no context),11,3,-18,0.7180888636705768
HGB current-second (no context),11,3,-17,0.718821649412909
HGB current-second (no context),11,3,-16,0.719681793443648
HGB current-second (no context),11,3,-15,0.7203566465956461
HGB current-second (no context),11,3,-14,0.7206609464920508
HGB current-second (no context),11,3,-13,0.7213820893448507
HGB current-second (no context),11,3,-12,0.7222537429223163
HGB current-second (no context),11,3,-11,0.7228937983419017
HGB current-second (no context),11,3,-10,0.723348578706652
HGB current-second (no context),11,3,-9,0.7236644049741796
HGB current-second (no context),11,3,-8,0.7239107529496219
HGB current-second (no context),11,3,-7,0.7243655057428677
HGB current-second (no context),11,3,-6,0.7248434044622492
HGB current-second (no context),11,3,-5,0.7251707768901239
HGB current-second (no context),11,3,-4,0.725776012782068
HGB current-second (no context),11,3,-3,0.7258718103088964
HGB current-second (no context),11,3,-2,0.7263033586884791
HGB current-second (no context),11,3,-1,0.726966448236738
HGB current-second (no context),11,3,0,0.727178002894356
HGB current-second (no context),11,3,1,0.7275337485817491
HGB current-second (no context),11,3,2,0.7277389925092332
HGB current-second (no context),11,3,3,0.7285810216273793
HGB current-second (no context),11,3,4,0.7289367959152956
HGB current-second (no context),11,3,5,0.7291767974991317
HGB current-second (no context),11,3,6,0.729625212749945
HGB current-second (no context),11,3,7,0.7301199518340126
HGB current-second (no context),11,3,8,0.7302210334965902
HGB current-second (no context),11,3,9,0.7305189542180951
HGB current-second (no context),11,3,10,0.7312800324205407
HGB current-second (no context),11,3,11,0.7315895512018897
HGB current-second (no context),11,3,12,0.7319453932818453
HGB current-second (no context),11,3,13,0.7321043977675367
HGB current-second (no context),11,3,14,0.7324023575456514
HGB current-second (no context),11,3,15,0.7324571560907828
HGB current-second (no context),11,3,16,0.7326161720260772
HGB current-second (no context),11,3,17,0.7332036406586535
HGB current-second (no context),11,3,18,0.7333279294093125
HGB current-second (no context),11,3,19,0.7332437815554217
HGB current-second (no context),11,3,20,0.7332638527010595
HGB current-second (no context),11,3,21,0.7335039488616625
HGB current-second (no context),11,3,22,0.7334661216170834
HGB current-second (no context),11,3,23,0.732976653696498
HGB current-second (no context),11,3,24,0.7328114324095841
HGB current-second (no context),11,3,25,0.7328662420382166
HGB current-second (no context),11,3,26,0.7325736256355024
HGB current-second (no context),11,3,27,0.732350488720063
HGB current-second (no context),11,3,28,0.732301064310283
HGB current-second (no context),11,3,29,0.7319968498830287
HGB current-second (no context),11,3,30,0.7317852799814697
HGB current-second (no context),11,3,31,0.7315042156953581
HGB current-second (no context),11,3,32,0.7310378374622146
HGB current-second (no context),11,3,33,0.7307451761599222
HGB current-second (no context),11,3,34,0.7302208684170903
HGB current-second (no context),11,3,35,0.7298007875839704
HGB current-second (no context),11,3,36,0.7290100649764302
HGB current-second (no context),11,3,37,0.7283583126780792
HGB current-second (no context),11,3,38,0.7278571180374579
HGB current-second (no context),11,3,39,0.727274833209785
HGB current-second (no context),11,3,40,0.7267157004691029
HGB current-second (no context),11,3,41,0.7259828109435449
HGB current-second (no context),11,3,42,0.7251919891582593
HGB current-second (no context),11,3,43,0.7245748969096047
HGB current-second (no context),11,3,44,0.7243168734290116
HGB current-second (no context),11,3,45,0.7241515116413761
HGB current-second (no context),11,3,46,0.724009313208771
HGB current-second (no context),11,3,47,0.7237628579371699
HGB current-second (no context),11,3,48,0.7235627324012186
HGB current-second (no context),11,3,49,0.723443690197623
HGB current-second (no context),11,3,50,0.7229887054735014
HGB current-second (no context),11,3,51,0.7224989574162458
HGB current-second (no context),11,3,52,0.7222293015766366
HGB current-second (no context),11,3,53,0.7215773499223836
HGB current-second (no context),11,3,54,0.7210412298281994
HGB current-second (no context),11,3,55,0.7204355885078777
HGB current-second (no context),11,3,56,0.7197488386102712
HGB current-second (no context),11,3,57,0.7191663384230403
HGB current-second (no context),11,3,58,0.7183637058748567
HGB current-second (no context),11,3,59,0.7175842254043283
HGB current-second (no context),11,3,60,0.716943752534322
HGB current-second (no context),12,3,-60,0.6997393268840874
HGB current-second (no context),12,3,-59,0.7000324389452709
HGB current-second (no context),12,3,-58,0.7003023738081722
HGB current-second (no context),12,3,-57,0.7006997381774369
HGB current-second (no context),12,3,-56,0.7010855084048703
HGB current-second (no context),12,3,-55,0.7014596848934198
HGB current-second (no context),12,3,-54,0.7019844533775095
HGB current-second (no context),12,3,-53,0.7026018859618637
HGB current-second (no context),12,3,-52,0.7029528630839985
HGB current-second (no context),12,3,-51,0.703384921922061
HGB current-second (no context),12,3,-50,0.7039443961772371
HGB current-second (no context),12,3,-49,0.7048050413548641
HGB current-second (no context),12,3,-48,0.70552666025693
HGB current-second (no context),12,3,-47,0.7058775831711611
HGB current-second (no context),12,3,-46,0.7061589963975026
HGB current-second (no context),12,3,-45,0.706845824163095
HGB current-second (no context),12,3,-44,0.7073125528489187
HGB current-second (no context),12,3,-43,0.7078951026270676
HGB current-second (no context),12,3,-42,0.7083965575156661
HGB current-second (no context),12,3,-41,0.7090138300090347
HGB current-second (no context),12,3,-40,0.7096426709909075
HGB current-second (no context),12,3,-39,0.7101556708673091
HGB current-second (no context),12,3,-38,0.7107149889386937
HGB current-second (no context),12,3,-37,0.7113090412101276
HGB current-second (no context),12,3,-36,0.7118220039611299
HGB current-second (no context),12,3,-35,0.7126129256428075
HGB current-second (no context),12,3,-34,0.7131721893422592
HGB current-second (no context),12,3,-33,0.7134418938639364
HGB current-second (no context),12,3,-32,0.7140822070115701
HGB current-second (no context),12,3,-31,0.7145140368757528
HGB current-second (no context),12,3,-30,0.7150269268631652
HGB current-second (no context),12,3,-29,0.7153892479095731
HGB current-second (no context),12,3,-28,0.7159252782378079
HGB current-second (no context),12,3,-27,0.7163802288414324
HGB current-second (no context),12,3,-26,0.716927816187796
HGB current-second (no context),12,3,-25,0.7172206137811233
HGB current-second (no context),12,3,-24,0.7176292110108742
HGB current-second (no context),12,3,-23,0.7181072818232351
HGB current-second (no context),12,3,-22,0.7191527798686785
HGB current-second (no context),12,3,-21,0.7193760566968525
HGB current-second (no context),12,3,-20,0.7200625325690464
HGB current-second (no context),12,3,-19,0.7205868729445551
HGB current-second (no context),12,3,-18,0.7211343608508864
HGB current-second (no context),12,3,-17,0.7216239375622409
HGB current-second (no context),12,3,-16,0.7221829803494714
HGB current-second (no context),12,3,-15,0.7228809634089857
HGB current-second (no context),12,3,-14,0.7236368268083974
HGB current-second (no context),12,3,-13,0.7245779393714828
HGB current-second (no context),12,3,-12,0.725345344649908
HGB current-second (no context),12,3,-11,0.725881154184614
HGB current-second (no context),12,3,-10,0.7261622184912869
HGB current-second (no context),12,3,-9,0.7267790565731885
HGB current-second (no context),12,3,-8,0.7275000868387231
HGB current-second (no context),12,3,-7,0.7283600407558355
HGB current-second (no context),12,3,-6,0.7288494714538781
HGB current-second (no context),12,3,-5,0.729350468912817
HGB current-second (no context),12,3,-4,0.729631473526994
HGB current-second (no context),12,3,-3,0.7300629833742417
HGB current-second (no context),12,3,-2,0.7303555509244787
HGB current-second (no context),12,3,-1,0.7310417486743696
HGB current-second (no context),12,3,0,0.7315774240231548
HGB current-second (no context),12,3,1,0.7321416166902077
HGB current-second (no context),12,3,2,0.73242795781089
HGB current-second (no context),12,3,3,0.7327374612142824
HGB current-second (no context),12,3,4,0.7331511734262658
HGB current-second (no context),12,3,5,0.7336112075952298
HGB current-second (no context),12,3,6,0.7340712524169551
HGB current-second (no context),12,3,7,0.7342071137458318
HGB current-second (no context),12,3,8,0.7344819201778457
HGB current-second (no context),12,3,9,0.7350114628441748
HGB current-second (no context),12,3,10,0.7356799629479535
HGB current-second (no context),12,3,11,0.7359316381825761
HGB current-second (no context),12,3,12,0.7361717402128226
HGB current-second (no context),12,3,13,0.7364350061369583
HGB current-second (no context),12,3,14,0.7367909125646993
HGB current-second (no context),12,3,15,0.7370194534506717
HGB current-second (no context),12,3,16,0.7372479996294538
HGB current-second (no context),12,3,17,0.7372912758516872
HGB current-second (no context),12,3,18,0.7371608555183714
HGB current-second (no context),12,3,19,0.7373662513316966
HGB current-second (no context),12,3,20,0.7375716519020323
HGB current-second (no context),12,3,21,0.7377654769900641
HGB current-second (no context),12,3,22,0.7377624402163214
HGB current-second (no context),12,3,23,0.7376551788030388
HGB current-second (no context),12,3,24,0.7374089472038541
HGB current-second (no context),12,3,25,0.7370584829183555
HGB current-second (no context),12,3,26,0.7368122387057175
HGB current-second (no context),12,3,27,0.7364965025246676
HGB current-second (no context),12,3,28,0.7365629379133033
HGB current-second (no context),12,3,29,0.7361197970954069
HGB current-second (no context),12,3,30,0.735850367710927
HGB current-second (no context),12,3,31,0.7355230241823404
HGB current-second (no context),12,3,32,0.7352188365009323
HGB current-second (no context),12,3,33,0.7348683143777073
HGB current-second (no context),12,3,34,0.7344135462873953
HGB current-second (no context),12,3,35,0.7339471855455177
HGB current-second (no context),12,3,36,0.7336082187655637
HGB current-second (no context),12,3,37,0.7331765850494568
HGB current-second (no context),12,3,38,0.732640698657586
HGB current-second (no context),12,3,39,0.7321858784284655
HGB current-second (no context),12,3,40,0.7315225574795854
HGB current-second (no context),12,3,41,0.730812889475757
HGB current-second (no context),12,3,42,0.7301147880879849
HGB current-second (no context),12,3,43,0.7296020015753139
HGB current-second (no context),12,3,44,0.7286953701451391
HGB current-second (no context),12,3,45,0.7281014710992703
HGB current-second (no context),12,3,46,0.7273106372134509
HGB current-second (no context),12,3,47,0.7268209619127051
HGB current-second (no context),12,3,48,0.7260648464559176
HGB current-second (no context),12,3,49,0.7252739614947988
HGB current-second (no context),12,3,50,0.7244830582102519
HGB current-second (no context),12,3,51,0.7237500579213196
HGB current-second (no context),12,3,52,0.7232371442141724
HGB current-second (no context),12,3,53,0.7226315423646348
HGB current-second (no context),12,3,54,0.7220259264837061
HGB current-second (no context),12,3,55,0.7214898053753476
HGB current-second (no context),12,3,56,0.7209884266499844
HGB current-second (no context),12,3,57,0.7206955675525383
HGB current-second (no context),12,3,58,0.7202868496356454
HGB current-second (no context),12,3,59,0.719669586171741
HGB current-second (no context),12,3,60,0.7192260904825349
HGB current-second (no context),13,3,-60,0.6809708625383769
HGB current-second (no context),13,3,-59,0.6812062653505723
HGB current-second (no context),13,3,-58,0.6812331290475804
HGB current-second (no context),13,3,-57,0.6813758428137816
HGB current-second (no context),13,3,-56,0.6815069683383728
HGB current-second (no context),13,3,-55,0.6816844300278035
HGB current-second (no context),13,3,-54,0.6820819962697374
HGB current-second (no context),13,3,-53,0.6825490604944279
HGB current-second (no context),13,3,-52,0.6829002699164765
HGB current-second (no context),13,3,-51,0.6831240442982253
HGB current-second (no context),13,3,-50,0.6834289024037069
HGB current-second (no context),13,3,-49,0.6840001853439288
HGB current-second (no context),13,3,-48,0.6844672002965468
HGB current-second (no context),13,3,-47,0.6849921230655176
HGB current-second (no context),13,3,-46,0.6851000243255453
HGB current-second (no context),13,3,-45,0.6853237576740415
HGB current-second (no context),13,3,-44,0.6855590691640314
HGB current-second (no context),13,3,-43,0.6860144558217115
HGB current-second (no context),13,3,-42,0.686516164155074
HGB current-second (no context),13,3,-41,0.6873190168415688
HGB current-second (no context),13,3,-40,0.6878438640180692
HGB current-second (no context),13,3,-39,0.6882065418828762
HGB current-second (no context),13,3,-38,0.6885923763855589
HGB current-second (no context),13,3,-37,0.6890592786490306
HGB current-second (no context),13,3,-36,0.6896999038673137
HGB current-second (no context),13,3,-35,0.6901783646050498
HGB current-second (no context),13,3,-34,0.6903788466661261
HGB current-second (no context),13,3,-33,0.690753051817192
HGB current-second (no context),13,3,-32,0.6911735751595381
HGB current-second (no context),13,3,-31,0.6916172519225424
HGB current-second (no context),13,3,-30,0.6919798482830506
HGB current-second (no context),13,3,-29,0.6922034604961435
HGB current-second (no context),13,3,-28,0.6924618110646578
HGB current-second (no context),13,3,-27,0.6926159262519108
HGB current-second (no context),13,3,-26,0.6926889714993805
HGB current-second (no context),13,3,-25,0.6929588882455124
HGB current-second (no context),13,3,-24,0.6935067341432062
HGB current-second (no context),13,3,-23,0.6940429868445432
HGB current-second (no context),13,3,-22,0.6942897177862958
HGB current-second (no context),13,3,-21,0.6945132825346828
HGB current-second (no context),13,3,-20,0.6947947426321579
HGB current-second (no context),13,3,-19,0.6949603964982167
HGB current-second (no context),13,3,-18,0.6952534247368481
HGB current-second (no context),13,3,-17,0.6956738229231803
HGB current-second (no context),13,3,-16,0.6961173705114696
HGB current-second (no context),13,3,-15,0.696398795738768
HGB current-second (no context),13,3,-14,0.6966917937494934
HGB current-second (no context),13,3,-13,0.6970195224751626
HGB current-second (no context),13,3,-12,0.6973125065132059
HGB current-second (no context),13,3,-11,0.6976170626649993
HGB current-second (no context),13,3,-10,0.6977595090603833
HGB current-second (no context),13,3,-9,0.698121946136211
HGB current-second (no context),13,3,-8,0.6983917468477544
HGB current-second (no context),13,3,-7,0.6987425898480919
HGB current-second (no context),13,3,-6,0.6991513158656463
HGB current-second (no context),13,3,-5,0.6994210952877157
HGB current-second (no context),13,3,-4,0.6999224276666937
HGB current-second (no context),13,3,-3,0.7003427036539619
HGB current-second (no context),13,3,-2,0.7010292568279439
HGB current-second (no context),13,3,-1,0.7013568898048024
HGB current-second (no context),13,3,0,0.7020318379160637
HGB current-second (no context),13,3,1,0.702699886539931
HGB current-second (no context),13,3,2,0.7031711298669723
HGB current-second (no context),13,3,3,0.7039897188903811
HGB current-second (no context),13,3,4,0.7050051521922868
HGB current-second (no context),13,3,5,0.7057543128401065
HGB current-second (no context),13,3,6,0.7061793004434461
HGB current-second (no context),13,3,7,0.7067432382363839
HGB current-second (no context),13,3,8,0.7070524621672629
HGB current-second (no context),13,3,9,0.707651159020911
HGB current-second (no context),13,3,10,0.708180397151624
HGB current-second (no context),13,3,11,0.708489648464638
HGB current-second (no context),13,3,12,0.7092041730833806
HGB current-second (no context),13,3,13,0.7098376600819805
HGB current-second (no context),13,3,14,0.7106680098655643
HGB current-second (no context),13,3,15,0.7114057433997221
HGB current-second (no context),13,3,16,0.712074016605102
HGB current-second (no context),13,3,17,0.712533870631557
HGB current-second (no context),13,3,18,0.7130863740055815
HGB current-second (no context),13,3,19,0.7136273102042707
HGB current-second (no context),13,3,20,0.7140292976666087
HGB current-second (no context),13,3,21,0.714431294439169
HGB current-second (no context),13,3,22,0.7150417472467662
HGB current-second (no context),13,3,23,0.7154321845469706
HGB current-second (no context),13,3,24,0.7158573728156015
HGB current-second (no context),13,3,25,0.7163288940359004
HGB current-second (no context),13,3,26,0.7168467498176007
HGB current-second (no context),13,3,27,0.7173067123731875
HGB current-second (no context),13,3,28,0.7178709161870128
HGB current-second (no context),13,3,29,0.7181340189470271
HGB current-second (no context),13,3,30,0.7185129422664891
HGB current-second (no context),13,3,31,0.7189266191049755
HGB current-second (no context),13,3,32,0.7190970895150736
HGB current-second (no context),13,3,33,0.719302309420676
HGB current-second (no context),13,3,34,0.7196696818429251
HGB current-second (no context),13,3,35,0.7197243456103776
HGB current-second (no context),13,3,36,0.7196979348845829
HGB current-second (no context),13,3,37,0.7197989297875791
HGB current-second (no context),13,3,38,0.7197377717548675
HGB current-second (no context),13,3,39,0.7198966827279466
HGB current-second (no context),13,3,40,0.7201250941101524
HGB current-second (no context),13,3,41,0.7202608474065837
HGB current-second (no context),13,3,42,0.7199216985393766
HGB current-second (no context),13,3,43,0.7197562896724273
HGB current-second (no context),13,3,44,0.7193707938052379
HGB current-second (no context),13,3,45,0.7191822078072513
HGB current-second (no context),13,3,46,0.7186924440222868
HGB current-second (no context),13,3,47,0.7186080993420443
HGB current-second (no context),13,3,48,0.7182804916190763
HGB current-second (no context),13,3,49,0.7178254523550263
HGB current-second (no context),13,3,50,0.7173588184187663
HGB current-second (no context),13,3,51,0.7171006904221305
HGB current-second (no context),13,3,52,0.7164486869084716
HGB current-second (no context),13,3,53,0.7157619146915039
HGB current-second (no context),13,3,54,0.7153763278924016
HGB current-second (no context),13,3,55,0.7148517145505098
HGB current-second (no context),13,3,56,0.7143039191834938
HGB current-second (no context),13,3,57,0.7138372066081234
HGB current-second (no context),13,3,58,0.713277801591807
HGB current-second (no context),13,3,59,0.7129385050280365
HGB current-second (no context),13,3,60,0.7126455424897179
HGB current-second (no context),14,3,-60,0.6788854776110758
HGB current-second (no context),14,3,-59,0.679236757959127
HGB current-second (no context),14,3,-58,0.6796922969982738
HGB current-second (no context),14,3,-57,0.6801014852058667
HGB current-second (no context),14,3,-56,0.680371644713215
HGB current-second (no context),14,3,-55,0.6808155699721965
HGB current-second (no context),14,3,-54,0.6812826542787966
HGB current-second (no context),14,3,-53,0.6815875443108361
HGB current-second (no context),14,3,-52,0.6817765832976148
HGB current-second (no context),14,3,-51,0.6823594828784579
HGB current-second (no context),14,3,-50,0.6827686070083985
HGB current-second (no context),14,3,-49,0.6835599935129625
HGB current-second (no context),14,3,-48,0.6840965167328877
HGB current-second (no context),14,3,-47,0.6844361041608747
HGB current-second (no context),14,3,-46,0.6847061821635835
HGB current-second (no context),14,3,-45,0.6851731727093711
HGB current-second (no context),14,3,-44,0.685593819137969
HGB current-second (no context),14,3,-43,0.6858754575360237
HGB current-second (no context),14,3,-42,0.6863540013668007
HGB current-second (no context),14,3,-41,0.6866356244353325
HGB current-second (no context),14,3,-40,0.6869983204957433
HGB current-second (no context),14,3,-39,0.687337842846553
HGB current-second (no context),14,3,-38,0.6879205902452019
HGB current-second (no context),14,3,-37,0.6881790173504135
HGB current-second (no context),14,3,-36,0.6884837674747217
HGB current-second (no context),14,3,-35,0.6890433171183692
HGB current-second (no context),14,3,-34,0.6893133042239492
HGB current-second (no context),14,3,-33,0.6897338491116722
HGB current-second (no context),14,3,-32,0.6904091819834844
HGB current-second (no context),14,3,-31,0.6909107755026406
HGB current-second (no context),14,3,-30,0.6915513347617117
HGB current-second (no context),14,3,-29,0.6920760660598059
HGB current-second (no context),14,3,-28,0.6927397593431156
HGB current-second (no context),14,3,-27,0.693171816370964
HGB current-second (no context),14,3,-26,0.6938239006821156
HGB current-second (no context),14,3,-25,0.6941632889403591
HGB current-second (no context),14,3,-24,0.6945258306215331
HGB current-second (no context),14,3,-23,0.6950389105058365
HGB current-second (no context),14,3,-22,0.6953898532766667
HGB current-second (no context),14,3,-21,0.695868170553767
HGB current-second (no context),14,3,-20,0.6961959353830119
HGB current-second (no context),14,3,-19,0.6966626522766224
HGB current-second (no context),14,3,-18,0.6972567365702839
HGB current-second (no context),14,3,-17,0.6976539521526668
HGB current-second (no context),14,3,-16,0.6981322155189383
HGB current-second (no context),14,3,-15,0.6985409911996294
HGB current-second (no context),14,3,-14,0.6991234469262746
HGB current-second (no context),14,3,-13,0.6996595724971632
HGB current-second (no context),14,3,-12,0.700126211456295
HGB current-second (no context),14,3,-11,0.7004654717243296
HGB current-second (no context),14,3,-10,0.7011405083077635
HGB current-second (no context),14,3,-9,0.7014913276057708
HGB current-second (no context),14,3,-8,0.7020852872046036
HGB current-second (no context),14,3,-7,0.7026213412374954
HGB current-second (no context),14,3,-6,0.7030300223459807
HGB current-second (no context),14,3,-5,0.7034618501794605
HGB current-second (no context),14,3,-4,0.7039284018941543
HGB current-second (no context),14,3,-3,0.7043833649793915
HGB current-second (no context),14,3,-2,0.7046299190719322
HGB current-second (no context),14,3,-1,0.7048301572232385
HGB current-second (no context),14,3,0,0.705192474674385
HGB current-second (no context),14,3,1,0.7053164146618195
HGB current-second (no context),14,3,2,0.7056256005927778
HGB current-second (no context),14,3,3,0.7061084610753485
HGB current-second (no context),14,3,4,0.7068113139827026
HGB current-second (no context),14,3,5,0.7069352784531666
HGB current-second (no context),14,3,6,0.7074181708714933
HGB current-second (no context),14,3,7,0.7076579288625416
HGB current-second (no context),14,3,8,0.7079671633841629
HGB current-second (no context),14,3,9,0.7084616631544821
HGB current-second (no context),14,3,10,0.7087593353789151
HGB current-second (no context),14,3,11,0.7092075401787782
HGB current-second (no context),14,3,12,0.7096557553581974
HGB current-second (no context),14,3,13,0.7100692434172436
HGB current-second (no context),14,3,14,0.710309051539468
HGB current-second (no context),14,3,15,0.7106646595646132
HGB current-second (no context),14,3,16,0.7111129123774013
HGB current-second (no context),14,3,17,0.7113759003219158
HGB current-second (no context),14,3,18,0.7116620540315203
HGB current-second (no context),14,3,19,0.7119018944833017
HGB current-second (no context),14,3,20,0.7121533205952174
HGB current-second (no context),14,3,21,0.7125437154040346
HGB current-second (no context),14,3,22,0.7127372529037787
HGB current-second (no context),14,3,23,0.7131855660552159
HGB current-second (no context),14,3,24,0.7136223089483619
HGB current-second (no context),14,3,25,0.7137695425593514
HGB current-second (no context),14,3,26,0.7144031778017117
HGB current-second (no context),14,3,27,0.7150715708528281
HGB current-second (no context),14,3,28,0.7158557911681934
HGB current-second (no context),14,3,29,0.7164778912746392
HGB current-second (no context),14,3,30,0.7170768428976779
HGB current-second (no context),14,3,31,0.717791624200871
HGB current-second (no context),14,3,32,0.7183790231981747
HGB current-second (no context),14,3,33,0.7190706724421486
HGB current-second (no context),14,3,34,0.7197507557243952
HGB current-second (no context),14,3,35,0.7204656011118833
HGB current-second (no context),14,3,36,0.7208329955176688
HGB current-second (no context),14,3,37,0.7213741342166833
HGB current-second (no context),14,3,38,0.7216488874989865
HGB current-second (no context),14,3,39,0.7220047257227576
HGB current-second (no context),14,3,40,0.7224300689175884
HGB current-second (no context),14,3,41,0.7228670048879932
HGB current-second (no context),14,3,42,0.7234313645998633
HGB current-second (no context),14,3,43,0.7238683222906918
HGB current-second (no context),14,3,44,0.7243747900522408
HGB current-second (no context),14,3,45,0.7249507703000115
HGB current-second (no context),14,3,46,0.7255730982636194
HGB current-second (no context),14,3,47,0.7260564359188212
HGB current-second (no context),14,3,48,0.7267251265536854
HGB current-second (no context),14,3,49,0.7275560086184927
HGB current-second (no context),14,3,50,0.728375325803649
HGB current-second (no context),14,3,51,0.7288471340531023
HGB current-second (no context),14,3,52,0.7293189532337847
HGB current-second (no context),14,3,53,0.7295706772317602
HGB current-second (no context),14,3,54,0.7297297297297297
HGB current-second (no context),14,3,55,0.730340593141798
HGB current-second (no context),14,3,56,0.7305575829191719
HGB current-second (no context),14,3,57,0.7309135985541834
HGB current-second (no context),14,3,58,0.7312696224382219
HGB current-second (no context),14,3,59,0.731637239909171
HGB current-second (no context),14,3,60,0.731367664948155
HGB current-second (no context),15,3,-60,0.6552395296298442
HGB current-second (no context),15,3,-59,0.6557764493257333
HGB current-second (no context),15,3,-58,0.6564871346316484
HGB current-second (no context),15,3,-57,0.6571630482633981
HGB current-second (no context),15,3,-56,0.6573523789663921
HGB current-second (no context),15,3,-55,0.6580861909175162
HGB current-second (no context),15,3,-54,0.6587504778674946
HGB current-second (no context),15,3,-53,0.6592873195709089
HGB current-second (no context),15,3,-52,0.6599284084195406
HGB current-second (no context),15,3,-51,0.6604536397757287
HGB current-second (no context),15,3,-50,0.6607819287576021
HGB current-second (no context),15,3,-49,0.6610986261381275
HGB current-second (no context),15,3,-48,0.6614732354883177
HGB current-second (no context),15,3,-47,0.6618478361597627
HGB current-second (no context),15,3,-46,0.6621760937807689
HGB current-second (no context),15,3,-45,0.6625390941735202
HGB current-second (no context),15,3,-44,0.6629368361307062
HGB current-second (no context),15,3,-43,0.6634735671593384
HGB current-second (no context),15,3,-42,0.66381337379681
HGB current-second (no context),15,3,-41,0.6637130215210694
HGB current-second (no context),15,3,-40,0.6637400822377947
HGB current-second (no context),15,3,-39,0.6639061341734618
HGB current-second (no context),15,3,-38,0.6640490172232068
HGB current-second (no context),15,3,-37,0.664041325951493
HGB current-second (no context),15,3,-36,0.6642652798851041
HGB current-second (no context),15,3,-35,0.664188093583507
HGB current-second (no context),15,3,-34,0.6647131721893422
HGB current-second (no context),15,3,-33,0.6652150749345626
HGB current-second (no context),15,3,-32,0.6655200769025862
HGB current-second (no context),15,3,-31,0.6659756323543037
HGB current-second (no context),15,3,-30,0.6662227112166309
HGB current-second (no context),15,3,-29,0.6664697843559633
HGB current-second (no context),15,3,-28,0.6665894588115395
HGB current-second (no context),15,3,-27,0.6667207115393524
HGB current-second (no context),15,3,-26,0.6673151976282297
HGB current-second (no context),15,3,-25,0.6679096699478865
HGB current-second (no context),15,3,-24,0.6683188382300147
HGB current-second (no context),15,3,-23,0.6685427089123587
HGB current-second (no context),15,3,-22,0.6691834678586731
HGB current-second (no context),15,3,-21,0.6694652245408435
HGB current-second (no context),15,3,-20,0.6699438364889121
HGB current-second (no context),15,3,-19,0.6706424568067071
HGB current-second (no context),15,3,-18,0.671387380293433
HGB current-second (no context),15,3,-17,0.6720164894972093
HGB current-second (no context),15,3,-16,0.6724950497342489
HGB current-second (no context),15,3,-15,0.6730546549328392
HGB current-second (no context),15,3,-14,0.673787936684383
HGB current-second (no context),15,3,-13,0.6744054097867117
HGB current-second (no context),15,3,-12,0.674698655674305
HGB current-second (no context),15,3,-11,0.6753508406280394
HGB current-second (no context),15,3,-10,0.6760030104787819
HGB current-second (no context),15,3,-9,0.6761572841164347
HGB current-second (no context),15,3,-8,0.6766589090740677
HGB current-second (no context),15,3,-7,0.677172100778066
HGB current-second (no context),15,3,-6,0.67798631453415
HGB current-second (no context),15,3,-5,0.6786731503994442
HGB current-second (no context),15,3,-4,0.6794641720021767
HGB current-second (no context),15,3,-3,0.6801509748529616
HGB current-second (no context),15,3,-2,0.6808030287242541
HGB current-second (no context),15,3,-1,0.6816634635422697
HGB current-second (no context),15,3,0,0.6822460202604921
HGB current-second (no context),15,3,1,0.682821219348415
HGB current-second (no context),15,3,2,0.6833964317552939
HGB current-second (no context),15,3,3,0.6843537257444542
HGB current-second (no context),15,3,4,0.6849637030947887
HGB current-second (no context),15,3,5,0.6854231793446799
HGB current-second (no context),15,3,6,0.6854542717873311
HGB current-second (no context),15,3,7,0.6857864023712487
HGB current-second (no context),15,3,8,0.6861880116248104
HGB current-second (no context),15,3,9,0.6864970011347058
HGB current-second (no context),15,3,10,0.6868291553291264
HGB current-second (no context),15,3,11,0.6871034227224306
HGB current-second (no context),15,3,12,0.6875050658268008
HGB current-second (no context),15,3,13,0.6873856557282138
HGB current-second (no context),15,3,14,0.687567304686143
HGB current-second (no context),15,3,15,0.6876563223714682
HGB current-second (no context),15,3,16,0.687814819532417
HGB current-second (no context),15,3,17,0.6884133490817296
HGB current-second (no context),15,3,18,0.6892898085852913
HGB current-second (no context),15,3,19,0.6895641298809579
HGB current-second (no context),15,3,20,0.6897342365815529
HGB current-second (no context),15,3,21,0.6900201496166941
HGB current-second (no context),15,3,22,0.6904102926360405
HGB current-second (no context),15,3,23,0.6907078006299796
HGB current-second (no context),15,3,24,0.690681057544209
HGB current-second (no context),15,3,25,0.6906311522872033
HGB current-second (no context),15,3,26,0.6906275695144124
HGB current-second (no context),15,3,27,0.6903576226432575
HGB current-second (no context),15,3,28,0.6897633965279627
HGB current-second (no context),15,3,29,0.6896903157065759
HGB current-second (no context),15,3,30,0.6896751404250391
HGB current-second (no context),15,3,31,0.6893820068562957
HGB current-second (no context),15,3,32,0.6890309579236302
HGB current-second (no context),15,3,33,0.6886683190104468
HGB current-second (no context),15,3,34,0.6882245978156379
HGB current-second (no context),15,3,35,0.6879893444521659
HGB current-second (no context),15,3,36,0.6875108583606482
HGB current-second (no context),15,3,37,0.6868586254024879
HGB current-second (no context),15,3,38,0.6861600472566802
HGB current-second (no context),15,3,39,0.6857278539659006
HGB current-second (no context),15,3,40,0.6852609022991835
HGB current-second (no context),15,3,41,0.6850719299464869
HGB current-second (no context),15,3,42,0.6846397090336256
HGB current-second (no context),15,3,43,0.684219061298244
HGB current-second (no context),15,3,44,0.6838794870903847
HGB current-second (no context),15,3,45,0.6834240704274296
HGB current-second (no context),15,3,46,0.6831771478877318
HGB current-second (no context),15,3,47,0.6827796311741265
HGB current-second (no context),15,3,48,0.6828686274282669
HGB current-second (no context),15,3,49,0.683038713713134
HGB current-second (no context),15,3,50,0.682791775267883
HGB current-second (no context),15,3,51,0.6824984940456883
HGB current-second (no context),15,3,52,0.6820198556583993
HGB current-second (no context),15,3,53,0.6817613122958226
HGB current-second (no context),15,3,54,0.6813058236118673
HGB current-second (no context),15,3,55,0.6808850787766451
HGB current-second (no context),15,3,56,0.6804643241928197
HGB current-second (no context),15,3,57,0.6796844227160036
HGB current-second (no context),15,3,58,0.67866121389761
HGB current-second (no context),15,3,59,0.6776148106955837
HGB current-second (no context),15,3,60,0.6771129004228698
HGB current-second (no context),16,3,-60,0.6760006951283091
HGB current-second (no context),16,3,-59,0.6762824968719588
HGB current-second (no context),16,3,-58,0.6765758772895258
HGB current-second (no context),16,3,-57,0.6769155911860794
HGB current-second (no context),16,3,-56,0.677429071235765
HGB current-second (no context),16,3,-55,0.6779657089898053
HGB current-second (no context),16,3,-54,0.6785486729764484
HGB current-second (no context),16,3,-53,0.6784133824517504
HGB current-second (no context),16,3,-52,0.6787298865887423
HGB current-second (no context),16,3,-51,0.678895787961633
HGB current-second (no context),16,3,-50,0.679223863307269
HGB current-second (no context),16,3,-49,0.679436091096541
HGB current-second (no context),16,3,-48,0.6796830655530715
HGB current-second (no context),16,3,-47,0.6802196274673339
HGB current-second (no context),16,3,-46,0.6807214261719701
HGB current-second (no context),16,3,-45,0.6810610448279857
HGB current-second (no context),16,3,-44,0.6813311556682999
HGB current-second (no context),16,3,-43,0.6819487559653431
HGB current-second (no context),16,3,-42,0.6824505113919359
HGB current-second (no context),16,3,-41,0.6830217527277782
HGB current-second (no context),16,3,-40,0.6832223316152198
HGB current-second (no context),16,3,-39,0.6834924017790956
HGB current-second (no context),16,3,-38,0.6838087957654309
HGB current-second (no context),16,3,-37,0.6839398642544419
HGB current-second (no context),16,3,-36,0.6840825119586745
HGB current-second (no context),16,3,-35,0.6842599027102154
HGB current-second (no context),16,3,-34,0.6845183632341529
HGB current-second (no context),16,3,-33,0.6849621273540107
HGB current-second (no context),16,3,-32,0.6852784823320941
HGB current-second (no context),16,3,-31,0.6855485036597795
HGB current-second (no context),16,3,-30,0.6859690775377845
HGB current-second (no context),16,3,-29,0.6862854098626456
HGB current-second (no context),16,3,-28,0.6867638713562718
HGB current-second (no context),16,3,-27,0.686964376708204
HGB current-second (no context),16,3,-26,0.6872806865163464
HGB current-second (no context),16,3,-25,0.6877707006369427
HGB current-second (no context),16,3,-24,0.6883765098261746
HGB current-second (no context),16,3,-23,0.688588567722809
HGB current-second (no context),16,3,-22,0.6889859066853496
HGB current-second (no context),16,3,-21,0.6893369154874123
HGB current-second (no context),16,3,-20,0.6897458166869318
HGB current-second (no context),16,3,-19,0.6903631478993932
HGB current-second (no context),16,3,-18,0.6908762462799773
HGB current-second (no context),16,3,-17,0.6915861877301466
HGB current-second (no context),16,3,-16,0.6923076923076923
HGB current-second (no context),16,3,-15,0.6928902269569245
HGB current-second (no context),16,3,-14,0.6933801137087343
HGB current-second (no context),16,3,-13,0.6938005141150043
HGB current-second (no context),16,3,-12,0.6941166934914257
HGB current-second (no context),16,3,-11,0.6947107591125932
HGB current-second (no context),16,3,-10,0.6951195507439356
HGB current-second (no context),16,3,-9,0.695516754278304
HGB current-second (no context),16,3,-8,0.6959949980895481
HGB current-second (no context),16,3,-7,0.6965195442756577
HGB current-second (no context),16,3,-6,0.6969514524887401
HGB current-second (no context),16,3,-5,0.6974643973601945
HGB current-second (no context),16,3,-4,0.6981973115976428
HGB current-second (no context),16,3,-3,0.6986754966887417
HGB current-second (no context),16,3,-2,0.6994199576256469
HGB current-second (no context),16,3,-1,0.699944427721305
HGB current-second (no context),16,3,0,0.7004341534008683
HGB current-second (no context),16,3,1,0.7007548567856068
HGB current-second (no context),16,3,2,0.7013302768226182
HGB current-second (no context),16,3,3,0.701847821053119
HGB current-second (no context),16,3,4,0.7024927348299776
HGB current-second (no context),16,3,5,0.7034502720852148
HGB current-second (no context),16,3,6,0.7040257499797381
HGB current-second (no context),16,3,7,0.7045549277510189
HGB current-second (no context),16,3,8,0.7051767457477972
HGB current-second (no context),16,3,9,0.7056827918393812
HGB current-second (no context),16,3,10,0.7064435824697505
HGB current-second (no context),16,3,11,0.7073433375017368
HGB current-second (no context),16,3,12,0.7079652165858065
HGB current-second (no context),16,3,13,0.7089113267409277
HGB current-second (no context),16,3,14,0.7096258727898009
HGB current-second (no context),16,3,15,0.710317276516906
HGB current-second (no context),16,3,16,0.7111013328083928
HGB current-second (no context),16,3,17,0.7118390884457723
HGB current-second (no context),16,3,18,0.7127273990527693
HGB current-second (no context),16,3,19,0.7136620501181157
HGB current-second (no context),16,3,20,0.7145967228301777
HGB current-second (no context),16,3,21,0.71548509623179
HGB current-second (no context),16,3,22,0.716535615438954
HGB current-second (no context),16,3,23,0.7173892903464888
HGB current-second (no context),16,3,24,0.7180113721902468
HGB current-second (no context),16,3,25,0.7188303416328894
HGB current-second (no context),16,3,26,0.7197998818747177
HGB current-second (no context),16,3,27,0.7206304720433594
HGB current-second (no context),16,3,28,0.7212989449546597
HGB current-second (no context),16,3,29,0.7220716651610961
HGB current-second (no context),16,3,30,0.7226243557820372
HGB current-second (no context),16,3,31,0.723698230334476
HGB current-second (no context),16,3,32,0.7246099857544908
HGB current-second (no context),16,3,33,0.7256723263301753
HGB current-second (no context),16,3,34,0.7262829941742626
HGB current-second (no context),16,3,35,0.727403289321288
HGB current-second (no context),16,3,36,0.7283382943976651
HGB current-second (no context),16,3,37,0.7292501563622044
HGB current-second (no context),16,3,38,0.730127291891078
HGB current-second (no context),16,3,39,0.7306685507783544
HGB current-second (no context),16,3,40,0.7314067295998147
HGB current-second (no context),16,3,41,0.7320638450668334
HGB current-second (no context),16,3,42,0.7326283113062213
HGB current-second (no context),16,3,43,0.7331812074317751
HGB current-second (no context),16,3,44,0.733757283015371
HGB current-second (no context),16,3,45,0.7342986215684003
HGB current-second (no context),16,3,46,0.7344577140937576
HGB current-second (no context),16,3,47,0.7347789824854045
HGB current-second (no context),16,3,48,0.7353782709928528
HGB current-second (no context),16,3,49,0.7358269814424391
HGB current-second (no context),16,3,50,0.7361830292499276
HGB current-second (no context),16,3,51,0.7360872990130207
HGB current-second (no context),16,3,52,0.7357946317899053
HGB current-second (no context),16,3,53,0.7354324505919696
HGB current-second (no context),16,3,54,0.7354525549982044
HGB current-second (no context),16,3,55,0.7352873030583874
HGB current-second (no context),16,3,56,0.7351799719644574
HGB current-second (no context),16,3,57,0.735084223452814
HGB current-second (no context),16,3,58,0.735150665569934
HGB current-second (no context),16,3,59,0.7350549145002085
HGB current-second (no context),16,3,60,0.7350981868736605
HGB current-second (no context),17,3,-60,0.7063546312923594
HGB current-second (no context),17,3,-59,0.7066129107002178
HGB current-second (no context),17,3,-58,0.7073461774621453
HGB current-second (no context),17,3,-57,0.7077782154359461
HGB current-second (no context),17,3,-56,0.7082913379441375
HGB current-second (no context),17,3,-55,0.7087233549582947
HGB current-second (no context),17,3,-54,0.7091321926298352
HGB current-second (no context),17,3,-53,0.7096336970876486
HGB current-second (no context),17,3,-52,0.7099035019635554
HGB current-second (no context),17,3,-51,0.710045873685186
HGB current-second (no context),17,3,-50,0.7103156675354764
HGB current-second (no context),17,3,-49,0.7107128790862545
HGB current-second (no context),17,3,-48,0.7111564168800028
HGB current-second (no context),17,3,-47,0.7113798535816884
HGB current-second (no context),17,3,-46,0.7119044585249452
HGB current-second (no context),17,3,-45,0.7123595505617978
HGB current-second (no context),17,3,-44,0.7123165490959215
HGB current-second (no context),17,3,-43,0.712748459435667
HGB current-second (no context),17,3,-42,0.7132035258823393
HGB current-second (no context),17,3,-41,0.7136006671763152
HGB current-second (no context),17,3,-40,0.7138240574506284
HGB current-second (no context),17,3,-39,0.7141053558191253
HGB current-second (no context),17,3,-38,0.7143055700337051
HGB current-second (no context),17,3,-37,0.7148300864045959
HGB current-second (no context),17,3,-36,0.7152850971171776
HGB current-second (no context),17,3,-35,0.7156011118832523
HGB current-second (no context),17,3,-34,0.7161024310582458
HGB current-second (no context),17,3,-33,0.7162910286998216
HGB current-second (no context),17,3,-32,0.7167228379833919
HGB current-second (no context),17,3,-31,0.7169577503937737
HGB current-second (no context),17,3,-30,0.7174358677398807
HGB current-second (no context),17,3,-29,0.7177518356380145
HGB current-second (no context),17,3,-28,0.7180793773958563
HGB current-second (no context),17,3,-27,0.7183490063464122
HGB current-second (no context),17,3,-26,0.7187460190621779
HGB current-second (no context),17,3,-25,0.7192125072379849
HGB current-second (no context),17,3,-24,0.7195515975495362
HGB current-second (no context),17,3,-23,0.7202612562534741
HGB current-second (no context),17,3,-22,0.7208550947853578
HGB current-second (no context),17,3,-21,0.7217152650716817
HGB current-second (no context),17,3,-20,0.7220890510103642
HGB current-second (no context),17,3,-19,0.7224859882347492
HGB current-second (no context),17,3,-18,0.7228829162661973
HGB current-second (no context),17,3,-17,0.7234766900576669
HGB current-second (no context),17,3,-16,0.7241167683738812
HGB current-second (no context),17,3,-15,0.7247568318666049
HGB current-second (no context),17,3,-14,0.7255010942439295
HGB current-second (no context),17,3,-13,0.725828489381904
HGB current-second (no context),17,3,-12,0.7262253511341662
HGB current-second (no context),17,3,-11,0.7266685192904451
HGB current-second (no context),17,3,-10,0.7271348347131361
HGB current-second (no context),17,3,-9,0.7276127179677188
HGB current-second (no context),17,3,-8,0.7280326976738801
HGB current-second (no context),17,3,-7,0.728267413856984
HGB current-second (no context),17,3,-6,0.7288494714538781
HGB current-second (no context),17,3,-5,0.7292694222530971
HGB current-second (no context),17,3,-4,0.7297588310891387
HGB current-second (no context),17,3,-3,0.7303755846802205
HGB current-second (no context),17,3,-2,0.73137438782953
HGB current-second (no context),17,3,-1,0.7325120985481742
HGB current-second (no context),17,3,0,0.7334876989869754
HGB current-second (no context),17,3,1,0.7341792669090236
HGB current-second (no context),17,3,2,0.7352876477602954
HGB current-second (no context),17,3,3,0.7361876534061964
HGB current-second (no context),17,3,4,0.7374465966586007
HGB current-second (no context),17,3,5,0.7384855852726642
HGB current-second (no context),17,3,6,0.7396288020007179
HGB current-second (no context),17,3,7,0.7405636346795109
HGB current-second (no context),17,3,8,0.7412206050922228
HGB current-second (no context),17,3,9,0.7419239052404881
HGB current-second (no context),17,3,10,0.7427661668499971
HGB current-second (no context),17,3,11,0.7434695011810477
HGB current-second (no context),17,3,12,0.744311800192212
HGB current-second (no context),17,3,13,0.7452699103772492
HGB current-second (no context),17,3,14,0.7459501395305751
HGB current-second (no context),17,3,15,0.7465840666975452
HGB current-second (no context),17,3,16,0.74700957630357
HGB current-second (no context),17,3,17,0.7473771972486626
HGB current-second (no context),17,3,18,0.7476985073589866
HGB current-second (no context),17,3,19,0.7480198249108342
HGB current-second (no context),17,3,20,0.7482832493775693
HGB current-second (no context),17,3,21,0.7485466799453413
HGB current-second (no context),17,3,22,0.7485669287691221
HGB current-second (no context),17,3,23,0.7491083009079118
HGB current-second (no context),17,3,24,0.7494412340331901
HGB current-second (no context),17,3,25,0.7501215981470759
HGB current-second (no context),17,3,26,0.7504313888985397
HGB current-second (no context),17,3,27,0.7509380645759022
HGB current-second (no context),17,3,28,0.7512478719584931
HGB current-second (no context),17,3,29,0.7517082435781622
HGB current-second (no context),17,3,30,0.751716949446986
HGB current-second (no context),17,3,31,0.751806726582044
HGB current-second (no context),17,3,32,0.7519080875114369
HGB current-second (no context),17,3,33,0.7521252692779875
HGB current-second (no context),17,3,34,0.7521339803801207
HGB current-second (no context),17,3,35,0.7521542738012509
HGB current-second (no context),17,3,36,0.7522672257033323
HGB current-second (no context),17,3,37,0.7527160694016539
HGB current-second (no context),17,3,38,0.7527942828682952
HGB current-second (no context),17,3,39,0.7529304114158636
HGB current-second (no context),17,3,40,0.7532287021486072
HGB current-second (no context),17,3,41,0.7532258438158779
HGB current-second (no context),17,3,42,0.7530029073471326
HGB current-second (no context),17,3,43,0.752177639809109
HGB current-second (no context),17,3,44,0.7516535195931936
HGB current-second (no context),17,3,45,0.7510367195644619
HGB current-second (no context),17,3,46,0.7505009903972014
HGB current-second (no context),17,3,47,0.7499420813640997
HGB current-second (no context),17,3,48,0.7497422590846433
HGB current-second (no context),17,3,49,0.7491485763269466
HGB current-second (no context),17,3,50,0.7486359687228497
HGB current-second (no context),17,3,51,0.7481233492423891
HGB current-second (no context),17,3,52,0.7475759646907545
HGB current-second (no context),17,3,53,0.7471675818447209
HGB current-second (no context),17,3,54,0.7463884802075972
HGB current-second (no context),17,3,55,0.745713623725672
HGB current-second (no context),17,3,56,0.7450735064122614
HGB current-second (no context),17,3,57,0.7440626520540328
HGB current-second (no context),17,3,58,0.743318233951597
HGB current-second (no context),17,3,59,0.7427359933268456
HGB current-second (no context),17,3,60,0.7420958118519376
HGB current-second (no context),18,3,-60,0.6681805016509297
HGB current-second (no context),18,3,-59,0.668416052643774
HGB current-second (no context),18,3,-58,0.6685936721619148
HGB current-second (no context),18,3,-57,0.6686206816654695
HGB current-second (no context),18,3,-56,0.6687751248276741
HGB current-second (no context),18,3,-55,0.6693697868396663
HGB current-second (no context),18,3,-54,0.6695242177453922
HGB current-second (no context),18,3,-53,0.6699682583814092
HGB current-second (no context),18,3,-52,0.670528132710865
HGB current-second (no context),18,3,-51,0.6710648255409851
HGB current-second (no context),18,3,-50,0.6714856646394439
HGB current-second (no context),18,3,-49,0.6719644139656651
HGB current-second (no context),18,3,-48,0.6724894876458118
HGB current-second (no context),18,3,-47,0.6727365397090168
HGB current-second (no context),18,3,-46,0.6730183368277172
HGB current-second (no context),18,3,-45,0.6733927950886135
HGB current-second (no context),18,3,-44,0.6737209113759831
HGB current-second (no context),18,3,-43,0.6738521058240282
HGB current-second (no context),18,3,-42,0.6740296294580288
HGB current-second (no context),18,3,-41,0.6741029026802882
HGB current-second (no context),18,3,-40,0.6742804192969247
HGB current-second (no context),18,3,-39,0.6744231838398814
HGB current-second (no context),18,3,-38,0.6745891101150144
HGB current-second (no context),18,3,-37,0.6745581319928653
HGB current-second (no context),18,3,-36,0.6748977866317655
HGB current-second (no context),18,3,-35,0.6752953439888811
HGB current-second (no context),18,3,-34,0.6756928921369917
HGB current-second (no context),18,3,-33,0.6760441036807116
HGB current-second (no context),18,3,-32,0.6764879608074772
HGB current-second (no context),18,3,-31,0.6769202260724544
HGB current-second (no context),18,3,-30,0.6770745266083734
HGB current-second (no context),18,3,-29,0.6774951937553564
HGB current-second (no context),18,3,-28,0.6779621758717732
HGB current-second (no context),18,3,-27,0.678626024922407
HGB current-second (no context),18,3,-26,0.6791972113168653
HGB current-second (no context),18,3,-25,0.68
HGB current-second (no context),18,3,-24,0.6807448668805225
HGB current-second (no context),18,3,-23,0.6817792292014082
HGB current-second (no context),18,3,-22,0.6825240582261184
HGB current-second (no context),18,3,-21,0.6831414873659587
HGB current-second (no context),18,3,-20,0.6838515430490417
HGB current-second (no context),18,3,-19,0.6845500023159943
HGB current-second (no context),18,3,-18,0.6852137058952951
HGB current-second (no context),18,3,-17,0.6858079158850368
HGB current-second (no context),18,3,-16,0.6868073970286825
HGB current-second (no context),18,3,-15,0.687471051412691
HGB current-second (no context),18,3,-14,0.6882389041349684
HGB current-second (no context),18,3,-13,0.6889720015747667
HGB current-second (no context),18,3,-12,0.6897513981681971
HGB current-second (no context),18,3,-11,0.6905307767125191
HGB current-second (no context),18,3,-10,0.6915185549701847
HGB current-second (no context),18,3,-9,0.6922978950049788
HGB current-second (no context),18,3,-8,0.6928456470642722
HGB current-second (no context),18,3,-7,0.6934975917006299
HGB current-second (no context),18,3,-6,0.6944389769477475
HGB current-second (no context),18,3,-5,0.6947203890239666
HGB current-second (no context),18,3,-4,0.6951523080663649
HGB current-second (no context),18,3,-3,0.6956652618904274
HGB current-second (no context),18,3,-2,0.6963055584499785
HGB current-second (no context),18,3,-1,0.6967490216963438
HGB current-second (no context),18,3,0,0.6972387843704776
HGB current-second (no context),18,3,1,0.697571028318707
HGB current-second (no context),18,3,2,0.6979264353443785
HGB current-second (no context),18,3,3,0.6979345158153105
HGB current-second (no context),18,3,4,0.6979078625927684
HGB current-second (no context),18,3,5,0.6980201458839875
HGB current-second (no context),18,3,6,0.6982134793733863
HGB current-second (no context),18,3,7,0.6978857910337162
HGB current-second (no context),18,3,8,0.6982875403800063
HGB current-second (no context),18,3,9,0.6981451033971702
HGB current-second (no context),18,3,10,0.6979563480576623
HGB current-second (no context),18,3,11,0.6977444305497661
HGB current-second (no context),18,3,12,0.6979146162129616
HGB current-second (no context),18,3,13,0.6976795349806628
HGB current-second (no context),18,3,14,0.6973981311008441
HGB current-second (no context),18,3,15,0.697105141269106
HGB current-second (no context),18,3,16,0.6968468833590014
HGB current-second (no context),18,3,17,0.6969360105606892
HGB current-second (no context),18,3,18,0.6964577278043471
HGB current-second (no context),18,3,19,0.6963384130807355
HGB current-second (no context),18,3,20,0.6960801343292224
HGB current-second (no context),18,3,21,0.6955555040878245
HGB current-second (no context),18,3,22,0.6951466654314268
HGB current-second (no context),18,3,23,0.6948536223828052
HGB current-second (no context),18,3,24,0.6945721531887297
HGB current-second (no context),18,3,25,0.6942906774753909
HGB current-second (no context),18,3,26,0.6942408134431204
HGB current-second (no context),18,3,27,0.6937624496224579
HGB current-second (no context),18,3,28,0.6934462112175293
HGB current-second (no context),18,3,29,0.6931415468000833
HGB current-second (no context),18,3,30,0.6929990155770456
HGB current-second (no context),18,3,31,0.6928448994718799
HGB current-second (no context),18,3,32,0.692493890645449
HGB current-second (no context),18,3,33,0.6923860925158092
HGB current-second (no context),18,3,34,0.6917339386849817
HGB current-second (no context),18,3,35,0.691162844567987
HGB current-second (no context),18,3,36,0.6908697112544736
HGB current-second (no context),18,3,37,0.6908777131738053
HGB current-second (no context),18,3,38,0.6907003949639204
HGB current-second (no context),18,3,39,0.6905578206078576
HGB current-second (no context),18,3,40,0.6902530839172989
HGB current-second (no context),18,3,41,0.6899135914008386
HGB current-second (no context),18,3,42,0.6894466774002989
HGB current-second (no context),18,3,43,0.6891650836306352
HGB current-second (no context),18,3,44,0.6886749834937623
HGB current-second (no context),18,3,45,0.6883354569674505
HGB current-second (no context),18,3,46,0.6878337522732801
HGB current-second (no context),18,3,47,0.6874594569548698
HGB current-second (no context),18,3,48,0.6871662399944397
HGB current-second (no context),18,3,49,0.6866876723119338
HGB current-second (no context),18,3,50,0.6864871126556618
HGB current-second (no context),18,3,51,0.6861012001297437
HGB current-second (no context),18,3,52,0.6856921098664319
HGB current-second (no context),18,3,53,0.6856421306271866
HGB current-second (no context),18,3,54,0.6854763035646019
HGB current-second (no context),18,3,55,0.6853336422613531
HGB current-second (no context),18,3,56,0.6846580706449333
HGB current-second (no context),18,3,57,0.68387821775296
HGB current-second (no context),18,3,58,0.6832141988252604
HGB current-second (no context),18,3,59,0.6827239445757449
HGB current-second (no context),18,3,60,0.681932456699299
