model,animal,filter,window_s,acc_raw,acc_smoothed,ba_raw,ba_smoothed,f1_raw,f1_smoothed,d_acc_pp,d_ba_pp,d_f1_pp
XGBoost,1,median (centred),5,0.8510217076700434,0.853603473227207,0.8138794335747113,0.8177139718839737,0.8074246350464865,0.8108481896628218,0.25817655571636067,0.3834538309262392,0.3423554616335256
XGBoost,1,median (centred),11,0.8510217076700434,0.8548075253256151,0.8138794335747113,0.8192990433956554,0.8074246350464865,0.8122324926036084,0.37858176555717327,0.5419609820944138,0.4807857557121875
XGBoost,1,median (centred),31,0.8510217076700434,0.8606078147612156,0.8138794335747113,0.8283080022657826,0.8074246350464865,0.8204105772119682,0.9586107091172247,1.4428568691071342,1.2985942165481656
XGBoost,1,median (centred),61,0.8510217076700434,0.8658986975397974,0.8138794335747113,0.8360480890886887,0.8074246350464865,0.8276888426804225,1.4876989869754054,2.2168655513977398,2.0264207633935993
XGBoost,1,median (centred),121,0.8510217076700434,0.8757163531114327,0.8138794335747113,0.8501907719282448,0.8074246350464865,0.8403776172199507,2.469464544138933,3.6311338353533507,3.2952982173464207
XGBoost,1,majority (centred),5,0.8510217076700434,0.8534298118668596,0.8138794335747113,0.8175790152903711,0.8074246350464865,0.8106726644768885,0.2408104196816252,0.3699581715659872,0.3248029430401922
XGBoost,1,majority (centred),11,0.8510217076700434,0.8548654124457308,0.8138794335747113,0.8202611617747726,0.8074246350464865,0.8126484605803775,0.38437047756874065,0.6381728200061332,0.5223825533891002
XGBoost,1,majority (centred),31,0.8510217076700434,0.8607351664254703,0.8138794335747113,0.830426836685918,0.8074246350464865,0.8211637121871496,0.9713458755426951,1.6547403111206727,1.3739077140663025
XGBoost,1,majority (centred),61,0.8510217076700434,0.8666975397973951,0.8138794335747113,0.8403458585646382,0.8074246350464865,0.829359213487766,1.5675832127351685,2.6466424989926907,2.193457844127944
XGBoost,1,majority (centred),121,0.8510217076700434,0.8735745296671491,0.8138794335747113,0.8548189290774756,0.8074246350464865,0.8399161595452619,2.255282199710573,4.093949550276433,3.249152449877535
XGBoost,1,"majority (causal, trailing)",5,0.8510217076700434,0.8546801736613604,0.8138794335747113,0.8191413569900791,0.8074246350464865,0.8121664324004154,0.3658465991317028,0.5261923415367797,0.4741797353928878
XGBoost,1,"majority (causal, trailing)",11,0.8510217076700434,0.8582112879884226,0.8138794335747113,0.8242557240468495,0.8074246350464865,0.8164735444163927,0.7189580318379241,1.0376290472138283,0.9048909369906211
XGBoost,1,"majority (causal, trailing)",31,0.8510217076700434,0.8699160636758321,0.8138794335747113,0.8411443448892655,0.8074246350464865,0.8313809790667069,1.8894356005788704,2.726491131455422,2.39563440202204
XGBoost,1,"majority (causal, trailing)",61,0.8510217076700434,0.8797800289435601,0.8138794335747113,0.856883139969998,0.8074246350464865,0.8450080835506187,2.875832127351674,4.300370639528673,3.75834485041322
XGBoost,1,"majority (causal, trailing)",121,0.8510217076700434,0.8694876989869754,0.8138794335747113,0.8516910200861343,0.8074246350464865,0.8366756599106027,1.846599131693205,3.7811586511423023,2.9251024864116126
XGBoost,2,median (centred),5,0.8226222865412446,0.82421997105644,0.8091757213645292,0.8107794321789088,0.801521316532397,0.803171468249216,0.15976845151953745,0.16037108143795997,0.16501517168190372
XGBoost,2,median (centred),11,0.8226222865412446,0.826767004341534,0.8091757213645292,0.8135889414206363,0.801521316532397,0.8058932134710973,0.4144717800289466,0.44132200561071144,0.4371896938700326
XGBoost,2,median (centred),31,0.8226222865412446,0.8322894356005789,0.8091757213645292,0.8200845165294628,0.801521316532397,0.8118944885875918,0.9667149059334301,1.0908795164933593,1.0373172055194835
XGBoost,2,median (centred),61,0.8226222865412446,0.840370477568741,0.8091757213645292,0.8306947728762814,0.801521316532397,0.8216410216874315,1.7748191027496363,2.151905151175215,2.0119705155034473
XGBoost,2,median (centred),121,0.8226222865412446,0.8509522431259045,0.8091757213645292,0.8421807779941588,0.801521316532397,0.8328505840292225,2.8329956584659866,3.3005056629629603,3.132926749682552
XGBoost,2,majority (centred),5,0.8226222865412446,0.8243820549927641,0.8091757213645292,0.8109670347633795,0.801521316532397,0.8032925523697038,0.17597684515194834,0.17913133988503027,0.17712358373067616
XGBoost,2,majority (centred),11,0.8226222865412446,0.8265817655571636,0.8091757213645292,0.8137027858100243,0.801521316532397,0.8057416022850726,0.39594790159189763,0.45270644454951103,0.42202857526756343
XGBoost,2,majority (centred),31,0.8226222865412446,0.8326136034732272,0.8091757213645292,0.8212315966893634,0.801521316532397,0.8124026139432631,0.999131693198263,1.2055875324834209,1.0881297410866075
XGBoost,2,majority (centred),61,0.8226222865412446,0.8417713458755427,0.8091757213645292,0.8335181053857331,0.801521316532397,0.8233009054145826,1.9149059334298113,2.434238402120392,2.1779588882185563
XGBoost,2,majority (centred),121,0.8226222865412446,0.850465991316932,0.8091757213645292,0.8447216518328271,0.801521316532397,0.83325386860965,2.784370477568743,3.5545930468297904,3.1732552077253007
XGBoost,2,"majority (causal, trailing)",5,0.8226222865412446,0.8256208393632417,0.8091757213645292,0.8122610962992631,0.801521316532397,0.8045538360167558,0.29985528219971247,0.3085374934733931,0.30325194843587866
XGBoost,2,"majority (causal, trailing)",11,0.8226222865412446,0.8299160636758321,0.8091757213645292,0.8171729986389623,0.801521316532397,0.8091231731607488,0.7293777134587565,0.7997277274433112,0.7601856628351777
XGBoost,2,"majority (causal, trailing)",31,0.8226222865412446,0.8417134587554269,0.8091757213645292,0.8309174994243577,0.801521316532397,0.8218084259317818,1.9091172214182328,2.1741778059828465,2.028710939938483
XGBoost,2,"majority (causal, trailing)",61,0.8226222865412446,0.8537076700434153,0.8091757213645292,0.8457060061340013,0.801521316532397,0.8352099469730258,3.1085383502170716,3.6530284769472066,3.3688630440628753
XGBoost,2,"majority (causal, trailing)",121,0.8226222865412446,0.8524688856729378,0.8091757213645292,0.8457690761207428,0.801521316532397,0.8346395384894781,2.9846599131693186,3.6593354756213614,3.311822195708114
XGBoost,3,median (centred),5,0.8210477568740955,0.821904486251809,0.7758500438876826,0.7767180600257507,0.7807003907835446,0.7816067414180189,0.08567293777135276,0.0868016138068084,0.09063506344743066
XGBoost,3,median (centred),11,0.8210477568740955,0.823479015918958,0.7758500438876826,0.7786146939381492,0.7807003907835446,0.7835197812719334,0.24312590448625215,0.2764650050466555,0.2819390488388862
XGBoost,3,median (centred),31,0.8210477568740955,0.8309232995658467,0.7758500438876826,0.7871556393035459,0.7807003907835446,0.7924739475654065,0.9875542691751171,1.130559541586329,1.1773556781861871
XGBoost,3,median (centred),61,0.8210477568740955,0.8364225759768451,0.7758500438876826,0.7936419582839725,0.7807003907835446,0.799399069043251,1.5374819102749626,1.779191439628991,1.8698678259706392
XGBoost,3,median (centred),121,0.8210477568740955,0.8424312590448625,0.7758500438876826,0.7996274912915652,0.7807003907835446,0.8057618485349306,2.138350217076701,2.3777447403882546,2.506145775138602
XGBoost,3,majority (centred),5,0.8210477568740955,0.8224370477568741,0.7758500438876826,0.7770880655508097,0.7807003907835446,0.7820037742128219,0.13892908827786155,0.12380216631270313,0.13033834292772717
XGBoost,3,majority (centred),11,0.8210477568740955,0.824520984081042,0.7758500438876826,0.7798207061752341,0.7807003907835446,0.7845588795110511,0.34732272069465386,0.39706622875514963,0.3858488727506493
XGBoost,3,majority (centred),31,0.8210477568740955,0.8314442836468886,0.7758500438876826,0.7887957227961556,0.7807003907835446,0.7933852937450964,1.0396526772793124,1.294567890847298,1.268490296155178
XGBoost,3,majority (centred),61,0.8210477568740955,0.8403473227206947,0.7758500438876826,0.8005289475621219,0.7807003907835446,0.8045359254922239,1.9299565846599198,2.4678903674439256,2.3835534708679273
XGBoost,3,majority (centred),121,0.8210477568740955,0.8469117221418234,0.7758500438876826,0.8083223148601664,0.7807003907835446,0.8120720065672852,2.586396526772794,3.247227097248373,3.137161578374059
XGBoost,3,"majority (causal, trailing)",5,0.8210477568740955,0.8238958031837916,0.7758500438876826,0.7785999047287807,0.7807003907835446,0.7835223908570038,0.28480463096961506,0.2749860841098073,0.282200007345923
XGBoost,3,"majority (causal, trailing)",11,0.8210477568740955,0.8281215629522432,0.7758500438876826,0.7837710533715421,0.7807003907835446,0.7885511631080835,0.7073806078147671,0.7921009483859431,0.7850772324538902
XGBoost,3,"majority (causal, trailing)",31,0.8210477568740955,0.8430101302460202,0.7758500438876826,0.8018780627162844,0.7807003907835446,0.8066132886475158,2.196237337192475,2.602801882860173,2.591289786397122
XGBoost,3,"majority (causal, trailing)",61,0.8210477568740955,0.8547727930535456,0.7758500438876826,0.8166812797532418,0.7807003907835446,0.8207786769344166,3.3725036179450107,4.083123586555915,4.007828615087206
XGBoost,3,"majority (causal, trailing)",121,0.8210477568740955,0.8506280752532561,0.7758500438876826,0.814270268799505,0.7807003907835446,0.8181855092448664,2.958031837916064,3.84202249118224,3.7485118461321854
XGBoost,4,median (centred),5,0.8287698986975398,0.8295224312590449,0.7675415196876608,0.7685602824282826,0.7747033880542228,0.7757401767134745,0.07525325615050926,0.1018762740621737,0.10367886592517195
XGBoost,4,median (centred),11,0.8287698986975398,0.8308422575976845,0.7675415196876608,0.7703055687696413,0.7747033880542228,0.777609595820668,0.20723589001446774,0.27640490819804686,0.29062077664452346
XGBoost,4,median (centred),31,0.8287698986975398,0.8362373371924747,0.7675415196876608,0.7785423887124908,0.7747033880542228,0.7858971439485836,0.7467438494934919,1.1000869024829996,1.119375589436078
XGBoost,4,median (centred),61,0.8287698986975398,0.8424081041968162,0.7675415196876608,0.7878525211439745,0.7747033880542228,0.7948970413317945,1.3638205499276412,2.0311001456313704,2.019365327757172
XGBoost,4,median (centred),121,0.8287698986975398,0.8538697539797395,0.7675415196876608,0.7983724749979869,0.7747033880542228,0.8069497463124434,2.5099855282199712,3.083095531032609,3.224635825822064
XGBoost,4,majority (centred),5,0.8287698986975398,0.8294645441389291,0.7675415196876608,0.7684358461410835,0.7747033880542228,0.7756875377126677,0.06946454413893077,0.08943264534226891,0.0984149658444955
XGBoost,4,majority (centred),11,0.8287698986975398,0.8307380607814762,0.7675415196876608,0.7703127475422905,0.7747033880542228,0.7776067467298483,0.19681620839363534,0.27712278546296876,0.29033586756255225
XGBoost,4,majority (centred),31,0.8287698986975398,0.8366657018813314,0.7675415196876608,0.7801510128866517,0.7747033880542228,0.7871323678231997,0.7895803183791572,1.260949319899085,1.2428979768976944
XGBoost,4,majority (centred),61,0.8287698986975398,0.8434616497829233,0.7675415196876608,0.7905369239285346,0.7747033880542228,0.7970562758730807,1.4691751085383453,2.2995404240873762,2.2352887818857914
XGBoost,4,majority (centred),121,0.8287698986975398,0.8544602026049204,0.7675415196876608,0.8036884492527806,0.7747033880542228,0.8102362874489946,2.5690303907380585,3.614692956511978,3.5532899394771778
XGBoost,4,"majority (causal, trailing)",5,0.8287698986975398,0.8311201157742403,0.7675415196876608,0.7700969515498554,0.7747033880542228,0.777378869904218,0.2350217076700467,0.2555431862194535,0.26754818499952204
XGBoost,4,"majority (causal, trailing)",11,0.8287698986975398,0.8347785817655572,0.7675415196876608,0.7741534397059713,0.7747033880542228,0.7814906599619519,0.6008683068017384,0.6611920018310458,0.6787271907729098
XGBoost,4,"majority (causal, trailing)",31,0.8287698986975398,0.8505701881331403,0.7675415196876608,0.7938274141915237,0.7747033880542228,0.8009744873211563,2.180028943560053,2.628589450386287,2.6271099266933495
XGBoost,4,"majority (causal, trailing)",61,0.8287698986975398,0.8682952243125904,0.7675415196876608,0.815584791555719,0.7747033880542228,0.822443782437201,3.952532561505062,4.804327186805812,4.774039438297817
XGBoost,4,"majority (causal, trailing)",121,0.8287698986975398,0.871259044862518,0.7675415196876608,0.8203784413671635,0.7747033880542228,0.827186542216586,4.248914616497823,5.283692167950271,5.248315416236327
XGBoost,5,median (centred),5,0.8327872648335746,0.8337597684515196,0.7876681284498926,0.7888767508089783,0.7900097726385179,0.7911409576996192,0.09725036179449864,0.12086223590856982,0.11311850611013252
XGBoost,5,median (centred),11,0.8327872648335746,0.8355658465991317,0.7876681284498926,0.7910450073219479,0.7900097726385179,0.7933555860019007,0.277858176555712,0.3376878872055289,0.3345813363382799
XGBoost,5,median (centred),31,0.8327872648335746,0.8390622286541245,0.7876681284498926,0.7939071154699988,0.7900097726385179,0.7968847556437381,0.6274963820549928,0.6238987020106168,0.6874983005220159
XGBoost,5,median (centred),61,0.8327872648335746,0.8463444283646888,0.7876681284498926,0.7988498273445724,0.7900097726385179,0.8031605263864384,1.3557163531114247,1.1181698894679792,1.3150753747920518
XGBoost,5,median (centred),121,0.8327872648335746,0.8487062228654124,0.7876681284498926,0.7986258741737974,0.7900097726385179,0.8043314623989805,1.5918958031837849,1.0957745723904733,1.4321689760462553
XGBoost,5,majority (centred),5,0.8327872648335746,0.8336555716353111,0.7876681284498926,0.7887436749292477,0.7900097726385179,0.7910653406494613,0.08683068017365514,0.10755464793550384,0.10555680109434196
XGBoost,5,majority (centred),11,0.8327872648335746,0.8353806078147612,0.7876681284498926,0.7910619848677544,0.7900097726385179,0.7932780779462565,0.25933429811866304,0.3393856417861718,0.3268305307738584
XGBoost,5,majority (centred),31,0.8327872648335746,0.8397800289435601,0.7876681284498926,0.7958117991839755,0.7900097726385179,0.7982761766894025,0.6992764109985505,0.8143670734082842,0.8266404050884635
XGBoost,5,majority (centred),61,0.8327872648335746,0.8450477568740955,0.7876681284498926,0.7999786951774887,0.7900097726385179,0.8031056008085424,1.2260492040520932,1.2310566727596006,1.3095828170024526
XGBoost,5,majority (centred),121,0.8327872648335746,0.8502112879884226,0.7876681284498926,0.8048919748996859,0.7900097726385179,0.8086257700724393,1.7424023154848034,1.7223846449793245,1.8615997433921394
XGBoost,5,"majority (causal, trailing)",5,0.8327872648335746,0.8354037626628076,0.7876681284498926,0.7903863981394436,0.7900097726385179,0.7926780820791842,0.2616497829233011,0.2718269689550912,0.26683094406663166
XGBoost,5,"majority (causal, trailing)",11,0.8327872648335746,0.8396063675832127,0.7876681284498926,0.7950145216173697,0.7900097726385179,0.7971544450288226,0.6819102749638151,0.7346393167477094,0.7144672390304696
XGBoost,5,"majority (causal, trailing)",31,0.8327872648335746,0.8507091172214183,0.7876681284498926,0.8058153989417763,0.7900097726385179,0.808164185282433,1.7921852387843717,1.8147270491883694,1.815441264391504
XGBoost,5,"majority (causal, trailing)",61,0.8327872648335746,0.8560231548480464,0.7876681284498926,0.8094401100720976,0.7900097726385179,0.8123579223987507,2.3235890014471794,2.177198162220495,2.2348149760232805
XGBoost,5,"majority (causal, trailing)",121,0.8327872648335746,0.8567293777134588,0.7876681284498926,0.8114437652629558,0.7900097726385179,0.8150584975048115,2.3942112879884236,2.377563681306316,2.5048724866293615
XGBoost,6,median (centred),5,0.8147033285094066,0.81578002894356,0.7889667419825944,0.7901694245121117,0.7905861757226896,0.7917023319114224,0.10767004341534214,0.12026825295172738,0.11161561887327309
XGBoost,6,median (centred),11,0.8147033285094066,0.8167293777134588,0.7889667419825944,0.7912123470512595,0.7905861757226896,0.7926897764055013,0.20260492040521383,0.2245605068665113,0.21036006828116793
XGBoost,6,median (centred),31,0.8147033285094066,0.8206078147612156,0.7889667419825944,0.7948346941355341,0.7905861757226896,0.7964814571625817,0.5904486251808949,0.586795215293967,0.5895281439892042
XGBoost,6,median (centred),61,0.8147033285094066,0.8248798842257598,0.7889667419825944,0.7985341763479017,0.7905861757226896,0.8002345298352376,1.017655571635312,0.956743436530727,0.9648354112547941
XGBoost,6,median (centred),121,0.8147033285094066,0.8296960926193921,0.7889667419825944,0.804303091061831,0.7905861757226896,0.8052349076772716,1.4992764109985512,1.5336349079236533,1.464873195458194
XGBoost,6,majority (centred),5,0.8147033285094066,0.8157568740955138,0.7889667419825944,0.7900866958088949,0.7905861757226896,0.7917101700851559,0.10535455861071519,0.11199538263004793,0.11239943624662407
XGBoost,6,majority (centred),11,0.8147033285094066,0.8170303907380608,0.7889667419825944,0.7917205406029616,0.7905861757226896,0.7931837240505356,0.23270622286541975,0.2753798620367176,0.25975483278459777
XGBoost,6,majority (centred),31,0.8147033285094066,0.8212793053545586,0.7889667419825944,0.7962360652199055,0.7905861757226896,0.7975629972335808,0.6575976845151987,0.7269323237311109,0.6976821510891185
XGBoost,6,majority (centred),61,0.8147033285094066,0.8265933429811867,0.7889667419825944,0.8020703460866866,0.7905861757226896,0.8031743975957744,1.1890014471780064,1.310360410409217,1.2588221873084726
XGBoost,6,majority (centred),121,0.8147033285094066,0.8312821997105644,0.7889667419825944,0.8084526673795996,0.7905861757226896,0.8081260951993007,1.6578871201157752,1.9485925397005222,1.7539919476611043
XGBoost,6,"majority (causal, trailing)",5,0.8147033285094066,0.8179334298118669,0.7889667419825944,0.792344775290681,0.7905861757226896,0.7939577694266154,0.32301013024602643,0.33780333080866143,0.33715937039258126
XGBoost,6,"majority (causal, trailing)",11,0.8147033285094066,0.8226107091172215,0.7889667419825944,0.7975559769786303,0.7905861757226896,0.7989648797662996,0.7907380607814818,0.8589234996035922,0.8378704043609964
XGBoost,6,"majority (causal, trailing)",31,0.8147033285094066,0.835287988422576,0.7889667419825944,0.8105684820723034,0.7905861757226896,0.8117602315132757,2.058465991316938,2.1601740089708943,2.1174055790586066
XGBoost,6,"majority (causal, trailing)",61,0.8147033285094066,0.8432185238784371,0.7889667419825944,0.8189471388744473,0.7905861757226896,0.8195996957964059,2.8515195369030466,2.9980396891852834,2.901352007371627
XGBoost,6,"majority (causal, trailing)",121,0.8147033285094066,0.8435658465991317,0.7889667419825944,0.8221306199389775,0.7905861757226896,0.8215131369117293,2.8862518089725064,3.316387795638309,3.0926961189039703
XGBoost,7,median (centred),5,0.728451519536903,0.7293082489146165,0.7296713392954857,0.7309681705498813,0.7147367239086307,0.7157411936664319,0.08567293777135276,0.1296831254395614,0.10044697578011075
XGBoost,7,median (centred),11,0.728451519536903,0.7303965267727931,0.7296713392954857,0.7323412953721484,0.7147367239086307,0.7168924153529536,0.19450072358900838,0.26699560766627606,0.2155691444322816
XGBoost,7,median (centred),31,0.728451519536903,0.7319942112879885,0.7296713392954857,0.7341169230877161,0.7147367239086307,0.7186090612120485,0.35426917510854583,0.44455837922304786,0.3872337303417739
XGBoost,7,median (centred),61,0.728451519536903,0.7361620839363242,0.7296713392954857,0.7388287861549053,0.7147367239086307,0.7229874250544907,0.7710564399421194,0.915744685941966,0.8250701145859907
XGBoost,7,median (centred),121,0.728451519536903,0.7417424023154848,0.7296713392954857,0.7454952703454206,0.7147367239086307,0.7287955034211308,1.3290882778581814,1.5823931049934958,1.4058779512500008
XGBoost,7,majority (centred),5,0.728451519536903,0.7298060781476121,0.7296713392954857,0.7314677675132014,0.7147367239086307,0.7162636516528696,0.13545586107091,0.1796428217715751,0.1526927744238904
XGBoost,7,majority (centred),11,0.728451519536903,0.7310217076700434,0.7296713392954857,0.7332871846348037,0.7147367239086307,0.7176575216917644,0.2570188133140361,0.36158453393180245,0.29207977831336995
XGBoost,7,majority (centred),31,0.728451519536903,0.7332793053545587,0.7296713392954857,0.7363054836906177,0.7147367239086307,0.7201991382125815,0.4827785817655639,0.6634144395131991,0.546241430395078
XGBoost,7,majority (centred),61,0.728451519536903,0.7402720694645442,0.7296713392954857,0.7448999036658357,0.7147367239086307,0.7277066417179759,1.1820549927641144,1.5228564370350028,1.29699178093452
XGBoost,7,majority (centred),121,0.728451519536903,0.7451461649782923,0.7296713392954857,0.7514851658791303,0.7147367239086307,0.7329707131541238,1.6694645441389322,2.1813826583644613,1.823398924549302
XGBoost,7,"majority (causal, trailing)",5,0.728451519536903,0.7285672937771346,0.7296713392954857,0.7301027171353995,0.7147367239086307,0.714958017821891,0.01157742402315698,0.043137783991387124,0.022129391326020098
XGBoost,7,"majority (causal, trailing)",11,0.728451519536903,0.7277452966714906,0.7296713392954857,0.7296681632195358,0.7147367239086307,0.714221956674214,-0.07062228654124425,-0.0003176075949906654,-0.051476723441679084
XGBoost,7,"majority (causal, trailing)",31,0.728451519536903,0.7260781476121563,0.7296713392954857,0.7285038247514103,0.7147367239086307,0.7127200444168348,-0.23733719247467366,-0.11675145440753765,-0.20166794917959585
XGBoost,7,"majority (causal, trailing)",61,0.728451519536903,0.7267727930535456,0.7296713392954857,0.730437453235777,0.7147367239086307,0.7137939846310025,-0.1678726483357429,0.07661139402913575,-0.0942739277628224
XGBoost,7,"majority (causal, trailing)",121,0.728451519536903,0.7155426917510854,0.7296713392954857,0.7206495621356024,0.7147367239086307,0.7030045109458133,-1.290882778581759,-0.9021777159883282,-1.1732212962817457
XGBoost,8,median (centred),5,0.48947033285094066,0.48995658465991315,0.5349732437725822,0.5364390494252252,0.46104648424060324,0.46064720647335866,0.04862518089724932,0.1465805652643093,-0.039927776724457686
XGBoost,8,median (centred),11,0.48947033285094066,0.4880694645441389,0.5349732437725822,0.5351338570956807,0.46104648424060324,0.45769673480355494,-0.14008683068017502,0.016061332309857956,-0.33497494370482994
XGBoost,8,median (centred),31,0.48947033285094066,0.48984081041968164,0.5349732437725822,0.538796282494927,0.46104648424060324,0.4576210742872262,0.03704775687409789,0.3823038722344796,-0.34254099533770344
XGBoost,8,median (centred),61,0.48947033285094066,0.49229522431259043,0.5349732437725822,0.5440613980463856,0.46104648424060324,0.45763545197438676,0.282489146164977,0.9088154273803495,-0.3411032266216474
XGBoost,8,median (centred),121,0.48947033285094066,0.4989059334298119,0.5349732437725822,0.5531645552680771,0.46104648424060324,0.46084494465204034,0.9435600578871217,1.819131149549491,-0.020153958856289345
XGBoost,8,majority (centred),5,0.48947033285094066,0.4912301013024602,0.5349732437725822,0.5375789192449364,0.46104648424060324,0.46125944337241975,0.1759768451519539,0.2605675472354241,0.02129591318165147
XGBoost,8,majority (centred),11,0.48947033285094066,0.48988712011577423,0.5349732437725822,0.5369391396272177,0.46104648424060324,0.45835101073935625,0.04167872648335735,0.19658958546355798,-0.2695473501246992
XGBoost,8,majority (centred),31,0.48947033285094066,0.49244573082489146,0.5349732437725822,0.5418502786333991,0.46104648424060324,0.4570312771290654,0.29753979739507996,0.6877034860816922,-0.4015207111537855
XGBoost,8,majority (centred),61,0.48947033285094066,0.4958147612156295,0.5349732437725822,0.5487944681699305,0.46104648424060324,0.4546678477284664,0.6344428364688848,1.3821224397348342,-0.6378636512136826
XGBoost,8,majority (centred),121,0.48947033285094066,0.5051345875542692,0.5349732437725822,0.5615420516359164,0.46104648424060324,0.4583781982287027,1.566425470332855,2.6568807863334265,-0.2668286011900556
XGBoost,8,"majority (causal, trailing)",5,0.48947033285094066,0.4908017366136035,0.5349732437725822,0.5371547183624115,0.46104648424060324,0.46086905388152516,0.13314037626628306,0.2181474589829313,-0.017743035907807903
XGBoost,8,"majority (causal, trailing)",11,0.48947033285094066,0.48908827785817655,0.5349732437725822,0.5362243558501659,0.46104648424060324,0.4576828871203698,-0.03820549927641137,0.12511120775837714,-0.336359712023343
XGBoost,8,"majority (causal, trailing)",31,0.48947033285094066,0.48705065123010133,0.5349732437725822,0.5364415165595501,0.46104648424060324,0.45198012421879535,-0.24196816208393312,0.1468272786967928,-0.9066360021807884
XGBoost,8,"majority (causal, trailing)",61,0.48947033285094066,0.4869696092619392,0.5349732437725822,0.5401195791155661,0.46104648424060324,0.4466158073545586,-0.2500723589001441,0.5146335342983921,-1.4430676886044658
XGBoost,8,"majority (causal, trailing)",121,0.48947033285094066,0.4864023154848046,0.5349732437725822,0.5427155260774179,0.46104648424060324,0.4409496993748549,-0.30680173661360444,0.7742282304835757,-2.009678486574834
XGBoost,9,median (centred),5,0.7437105643994212,0.7450419681620839,0.7319830404236068,0.7337666159896564,0.727808519465155,0.7293607927168729,0.13314037626627195,0.17835755660495778,0.15522732517179172
XGBoost,9,median (centred),11,0.7437105643994212,0.7457481910274963,0.7319830404236068,0.7350441514910693,0.727808519465155,0.7303702477997062,0.2037626628075162,0.306111106746243,0.256172833455115
XGBoost,9,median (centred),31,0.7437105643994212,0.7491287988422576,0.7319830404236068,0.739582785538757,0.727808519465155,0.7344114347450875,0.54182344428364,0.7599745115150158,0.6602915279932509
XGBoost,9,median (centred),61,0.7437105643994212,0.7513748191027496,0.7319830404236068,0.7415943064331895,0.727808519465155,0.7366681209934199,0.7664254703328433,0.961126600958262,0.8859601528264927
XGBoost,9,median (centred),121,0.7437105643994212,0.75783502170767,0.7319830404236068,0.749388768786258,0.727808519465155,0.7445220332695403,1.412445730824885,1.7405728362651196,1.6713513804385238
XGBoost,9,majority (centred),5,0.7437105643994212,0.7452040520984081,0.7319830404236068,0.7339879054348047,0.727808519465155,0.7294960543743146,0.14934876989869394,0.20048650111978983,0.1687534909159627
XGBoost,9,majority (centred),11,0.7437105643994212,0.746095513748191,0.7319830404236068,0.7358475052807879,0.727808519465155,0.7308639175402475,0.23849493487698714,0.386446485718106,0.3055398075092475
XGBoost,9,majority (centred),31,0.7437105643994212,0.7504602026049204,0.7319830404236068,0.7423668214759963,0.727808519465155,0.7361101614544344,0.6749638205499231,1.0383781052389462,0.8301641989279407
XGBoost,9,majority (centred),61,0.7437105643994212,0.7550911722141823,0.7319830404236068,0.7487556229208688,0.727808519465155,0.7414441636908657,1.1380607814761134,1.677258249726199,1.363564422571073
XGBoost,9,majority (centred),121,0.7437105643994212,0.7631027496382055,0.7319830404236068,0.7599613899738129,0.727808519465155,0.7508449504325024,1.9392185238784276,2.797834955020606,2.303643096734742
XGBoost,9,"majority (causal, trailing)",5,0.7437105643994212,0.7443357452966715,0.7319830404236068,0.7331247166759794,0.727808519465155,0.7286551118780121,0.0625180897250277,0.11416762523726032,0.08465924128571167
XGBoost,9,"majority (causal, trailing)",11,0.7437105643994212,0.7436410998552822,0.7319830404236068,0.7334543738212252,0.727808519465155,0.7285289419306661,-0.006946454413903069,0.14713333976184018,0.07204224655110725
XGBoost,9,"majority (causal, trailing)",31,0.7437105643994212,0.7424023154848046,0.7319830404236068,0.7346540274043248,0.727808519465155,0.7285128418096131,-0.1308248914616561,0.2670986980717993,0.07043223444580526
XGBoost,9,"majority (causal, trailing)",61,0.7437105643994212,0.7417192474674384,0.7319830404236068,0.7362556928913623,0.727808519465155,0.7291776808908265,-0.1991316931982734,0.42726524677554334,0.13691614256714502
XGBoost,9,"majority (causal, trailing)",121,0.7437105643994212,0.7354558610709118,0.7319830404236068,0.7334543973008132,0.727808519465155,0.7247960007736111,-0.8254703328509416,0.14713568772063423,-0.3012518691543953
XGBoost,10,median (centred),5,0.8685267727930536,0.8696150506512301,0.8437893211942521,0.8451364497658075,0.829820801614294,0.8313401632565091,0.10882778581765562,0.13471285715553893,0.15193616422151113
XGBoost,10,median (centred),11,0.8685267727930536,0.8718031837916064,0.8437893211942521,0.8476824132970445,0.829820801614294,0.8340026465889171,0.32764109985528034,0.3893092102792428,0.418184497462315
XGBoost,10,median (centred),31,0.8685267727930536,0.8756121562952243,0.8437893211942521,0.8520682153379154,0.829820801614294,0.8392264148613213,0.7085383502170695,0.827889414366334,0.9405613247027378
XGBoost,10,median (centred),61,0.8685267727930536,0.8807756874095514,0.8437893211942521,0.8540691345365831,0.829820801614294,0.8432666124514693,1.2248914616497797,1.0279813342330968,1.3445810837175332
XGBoost,10,median (centred),121,0.8685267727930536,0.8800926193921852,0.8437893211942521,0.8504147513069983,0.829820801614294,0.8410698816988592,1.1565846599131624,0.6625430112746189,1.1249080084565266
XGBoost,10,majority (centred),5,0.8685267727930536,0.8702402315484805,0.8437893211942521,0.8455449714727591,0.829820801614294,0.8318265860648341,0.17134587554269443,0.17556502785069927,0.20057844505401157
XGBoost,10,majority (centred),11,0.8685267727930536,0.8718031837916064,0.8437893211942521,0.8478238012070083,0.829820801614294,0.8337871536196572,0.32764109985528034,0.4034480012756192,0.3966352005363216
XGBoost,10,majority (centred),31,0.8685267727930536,0.8763646888567294,0.8437893211942521,0.8537756507721608,0.829820801614294,0.8394879670870393,0.7837916063675787,0.9986329577908681,0.9667165472745376
XGBoost,10,majority (centred),61,0.8685267727930536,0.8807178002894356,0.8437893211942521,0.8579291268613926,0.829820801614294,0.8442729058877467,1.2191027496382012,1.413980566714046,1.4452104273452782
XGBoost,10,majority (centred),121,0.8685267727930536,0.8809146164978292,0.8437893211942521,0.8563120395398415,0.829820801614294,0.8435890064602001,1.2387843704775636,1.2522718345589379,1.376820484590613
XGBoost,10,"majority (causal, trailing)",5,0.8685267727930536,0.8717452966714906,0.8437893211942521,0.8470387288595678,0.829820801614294,0.8332597462820908,0.32185238784370185,0.32494076653156734,0.3438944667796817
XGBoost,10,"majority (causal, trailing)",11,0.8685267727930536,0.8753921852387844,0.8437893211942521,0.8513082281369537,0.829820801614294,0.8371532078257286,0.6865412445730801,0.7518906942701631,0.7332406211434606
XGBoost,10,"majority (causal, trailing)",31,0.8685267727930536,0.881794500723589,0.8437893211942521,0.8582203658275938,0.829820801614294,0.8438803662573493,1.3267727930535433,1.443104463334166,1.4059564643055356
XGBoost,10,"majority (causal, trailing)",61,0.8685267727930536,0.8796642547033285,0.8437893211942521,0.8550566900271667,0.829820801614294,0.8416078429899754,1.1137481910274971,1.126736883291457,1.1787041375681429
XGBoost,10,"majority (causal, trailing)",121,0.8685267727930536,0.872081041968162,0.8437893211942521,0.8490903931208523,0.829820801614294,0.8361121749014212,0.3554269175108482,0.5301071926600232,0.6291373287127255
XGBoost,11,median (centred),5,0.8142170767004342,0.8146917510853835,0.7454821513249472,0.7472371893634228,0.7147657583020476,0.7158780864945951,0.04746743849493029,0.17550380384755426,0.11123281925474737
XGBoost,11,median (centred),11,0.8142170767004342,0.8158726483357452,0.7454821513249472,0.750597412851891,0.7147657583020476,0.7183344564529012,0.16555716353110483,0.5115261526943748,0.35686981508535887
XGBoost,11,median (centred),31,0.8142170767004342,0.8221939218523878,0.7454821513249472,0.7550155210080519,0.7147657583020476,0.7242892229693368,0.7976845151953627,0.9533369683104698,0.9523464667289261
XGBoost,11,median (centred),61,0.8142170767004342,0.8308538350217076,0.7454821513249472,0.7731973952593115,0.7147657583020476,0.7386884129585848,1.6636758321273426,2.771524393436431,2.39226546565372
XGBoost,11,median (centred),121,0.8142170767004342,0.8287467438494935,0.7454821513249472,0.76753658904763,0.7147657583020476,0.7366740050600784,1.4529667149059344,2.2054437722682785,2.1908246758030825
XGBoost,11,majority (centred),5,0.8142170767004342,0.8158379160636758,0.7454821513249472,0.7478751691194789,0.7147657583020476,0.716748541230336,0.1620839363241644,0.23930177945317155,0.19827829282884624
XGBoost,11,majority (centred),11,0.8142170767004342,0.8175166425470333,0.7454821513249472,0.7519703590760769,0.7147657583020476,0.7196979781754029,0.3299565846599073,0.6488207751129682,0.4932219873355348
XGBoost,11,majority (centred),31,0.8142170767004342,0.8242778581765557,0.7454821513249472,0.7576819737123207,0.7147657583020476,0.7262014492473203,1.006078147612155,1.2199822387373493,1.1435690945272747
XGBoost,11,majority (centred),61,0.8142170767004342,0.8357279305354559,0.7454821513249472,0.7802481681988853,0.7147657583020476,0.7430407008497498,2.1510853835021715,3.47660168739381,2.827494254770224
XGBoost,11,majority (centred),121,0.8142170767004342,0.8410072358900145,0.7454821513249472,0.7871487656923776,0.7147657583020476,0.7497008386107186,2.6790159189580276,4.166661436743036,3.4935080308670985
XGBoost,11,"majority (causal, trailing)",5,0.8142170767004342,0.8166136034732272,0.7454821513249472,0.7488612344827335,0.7147657583020476,0.7176124711346642,0.23965267727930062,0.33790831577862335,0.2846712832616616
XGBoost,11,"majority (causal, trailing)",11,0.8142170767004342,0.8201447178002894,0.7454821513249472,0.755955101050157,0.7147657583020476,0.72304231438874,0.5927641099855219,1.0472949725209735,0.8276556086692421
XGBoost,11,"majority (causal, trailing)",31,0.8142170767004342,0.8255050651230101,0.7454821513249472,0.7619142650959166,0.7147657583020476,0.7293307755131729,1.1287988422575945,1.6432113770969425,1.4565017211125353
XGBoost,11,"majority (causal, trailing)",61,0.8142170767004342,0.8210246020260492,0.7454821513249472,0.7650379805720924,0.7147657583020476,0.7289141444686601,0.6807525325615016,1.9555829247145162,1.4148386166612514
XGBoost,11,"majority (causal, trailing)",121,0.8142170767004342,0.8085904486251809,0.7454821513249472,0.7471035573940745,0.7147657583020476,0.7144881425698038,-0.562662807525327,0.1621406069127307,-0.027761573224382996
XGBoost,12,median (centred),5,0.8606193921852388,0.8621823444283647,0.836383405770516,0.838040141796462,0.8276210737635977,0.8292897805283644,0.15629522431259701,0.16567360259460706,0.16687067647667142
XGBoost,12,median (centred),11,0.8606193921852388,0.8637337192474674,0.836383405770516,0.8395542273229585,0.8276210737635977,0.8310686255561853,0.31143270622286945,0.31708215524425265,0.34475517925876
XGBoost,12,median (centred),31,0.8606193921852388,0.8676584659913169,0.836383405770516,0.8425554472643203,0.8276210737635977,0.8351576220545067,0.7039073806078155,0.6172041493804348,0.7536548290908995
XGBoost,12,median (centred),61,0.8606193921852388,0.8686309696092619,0.836383405770516,0.8419018481082524,0.8276210737635977,0.8359029852923885,0.8011577424023142,0.5518442337736462,0.8281911528790764
XGBoost,12,median (centred),121,0.8606193921852388,0.867068017366136,0.836383405770516,0.8378204654885568,0.8276210737635977,0.8333775413060932,0.6448625180897283,0.14370597180408673,0.575646754249548
XGBoost,12,majority (centred),5,0.8606193921852388,0.8623444283646888,0.836383405770516,0.8381153098436868,0.8276210737635977,0.8294244143434663,0.1725036179450079,0.1731904073170809,0.18033405798685287
XGBoost,12,majority (centred),11,0.8606193921852388,0.8638379160636759,0.836383405770516,0.8397866072615212,0.8276210737635977,0.8311287142641349,0.32185238784371295,0.3403201491005259,0.35076405005372013
XGBoost,12,majority (centred),31,0.8606193921852388,0.8675542691751086,0.836383405770516,0.8435151994625656,0.8276210737635977,0.8352359817078255,0.6934876989869831,0.7131793692049637,0.7614907944227811
XGBoost,12,majority (centred),61,0.8606193921852388,0.8685151953690304,0.836383405770516,0.8436375847230645,0.8276210737635977,0.8362098419272774,0.7895803183791683,0.725417895254854,0.8588768163679705
XGBoost,12,majority (centred),121,0.8606193921852388,0.8681910274963821,0.836383405770516,0.84219322917212,0.8276210737635977,0.8356720708295486,0.7571635311143354,0.5809823401604075,0.8050997065950916
XGBoost,12,"majority (causal, trailing)",5,0.8606193921852388,0.8627033285094067,0.836383405770516,0.8386391065956168,0.8276210737635977,0.8299185424265879,0.20839363241679232,0.2255700825100848,0.22974686629901875
XGBoost,12,"majority (causal, trailing)",11,0.8606193921852388,0.8642315484804631,0.836383405770516,0.8405909333771936,0.8276210737635977,0.8318709099564982,0.3612156295224378,0.4207527606677641,0.42498361929004247
XGBoost,12,"majority (causal, trailing)",31,0.8606193921852388,0.8649609261939218,0.836383405770516,0.8416940820576763,0.8276210737635977,0.833459041969455,0.434153400868309,0.531067628716031,0.5837968205857247
XGBoost,12,"majority (causal, trailing)",61,0.8606193921852388,0.8569146164978292,0.836383405770516,0.8333220981781907,0.8276210737635977,0.826194817242991,-0.3704775687409567,-0.30613075923252575,-0.14262565206066835
XGBoost,12,"majority (causal, trailing)",121,0.8606193921852388,0.836862518089725,0.836383405770516,0.8121021971741224,0.8276210737635977,0.8063959321780027,-2.3756874095513747,-2.42812085963936,-2.1225141585595075
XGBoost,13,median (centred),5,0.8383791606367583,0.8394327062228654,0.7408213512031404,0.7419590675998046,0.7554682098913905,0.7569412927333344,0.10535455861070409,0.11377163966641568,0.1473082841943918
XGBoost,13,median (centred),11,0.8383791606367583,0.8405672937771346,0.7408213512031404,0.7419372835146761,0.7554682098913905,0.7572657229444122,0.21881331403762472,0.11159323115357278,0.1797513053021671
XGBoost,13,median (centred),31,0.8383791606367583,0.8442257597684515,0.7408213512031404,0.7445814413292563,0.7554682098913905,0.7613738518224743,0.5846599131693164,0.3760090126115889,0.5905641931083783
XGBoost,13,median (centred),61,0.8383791606367583,0.8497829232995658,0.7408213512031404,0.7441745586802287,0.7554682098913905,0.7622388211928328,1.1403762662807515,0.3353207477088338,0.6770611301442298
XGBoost,13,median (centred),121,0.8383791606367583,0.8567641099855282,0.7408213512031404,0.7458069362131616,0.7554682098913905,0.7661291428569195,1.8384949348769886,0.49855850100212207,1.0660932965528946
XGBoost,13,majority (centred),5,0.8383791606367583,0.8395600578871201,0.7408213512031404,0.7420238484041924,0.7554682098913905,0.7570413811869198,0.11808972503617454,0.1202497201052033,0.1573171295529252
XGBoost,13,majority (centred),11,0.8383791606367583,0.8404399421128799,0.7408213512031404,0.742320983436367,0.7554682098913905,0.7576197436527935,0.20607814761215426,0.14996322332265777,0.21515337614029795
XGBoost,13,majority (centred),31,0.8383791606367583,0.8446541244573083,0.7408213512031404,0.747335346667605,0.7554682098913905,0.7639295727279123,0.6274963820549928,0.6513995464464628,0.8461362836521769
XGBoost,13,majority (centred),61,0.8383791606367583,0.8495397973950796,0.7408213512031404,0.7495982247862147,0.7554682098913905,0.7676365158937825,1.116063675832124,0.8776873583074329,1.2168306002391938
XGBoost,13,majority (centred),121,0.8383791606367583,0.8538118668596237,0.7408213512031404,0.7526469740396079,0.7554682098913905,0.7724510728529449,1.543270622286541,1.1825622836467486,1.698286296155438
XGBoost,13,"majority (causal, trailing)",5,0.8383791606367583,0.8417597684515196,0.7408213512031404,0.7447146308214676,0.7554682098913905,0.7600314253079508,0.33806078147612384,0.38932796183271945,0.456321541656024
XGBoost,13,"majority (causal, trailing)",11,0.8383791606367583,0.8459623733719247,0.7408213512031404,0.7488378874533385,0.7554682098913905,0.7648195849998234,0.7583212735166378,0.8016536250198047,0.9351375108432869
XGBoost,13,"majority (causal, trailing)",31,0.8383791606367583,0.8569146164978292,0.7408213512031404,0.7610722563192814,0.7554682098913905,0.7789734800727673,1.853545586107086,2.0250905116141027,2.3505270181376825
XGBoost,13,"majority (causal, trailing)",61,0.8383791606367583,0.8611287988422576,0.7408213512031404,0.7633948865131268,0.7554682098913905,0.7831389898033735,2.2749638205499245,2.2573535309986403,2.767077991198297
XGBoost,13,"majority (causal, trailing)",121,0.8383791606367583,0.8477568740955137,0.7408213512031404,0.7480940192579029,0.7554682098913905,0.7680027939833937,0.9377713458755377,0.7272668054762454,1.2534584092003143
XGBoost,14,median (centred),5,0.8309811866859623,0.8321273516642547,0.742135927204135,0.7434009177443198,0.760603800398666,0.7621194666756849,0.11461649782923411,0.12649905401848072,0.15156662770188234
XGBoost,14,median (centred),11,0.8309811866859623,0.834465991316932,0.742135927204135,0.7466396387972739,0.760603800398666,0.7658629608483748,0.34848046309696734,0.45037115931388927,0.5259160449708755
XGBoost,14,median (centred),31,0.8309811866859623,0.839479015918958,0.742135927204135,0.7506749983675842,0.760603800398666,0.771071613304005,0.8497829232995691,0.8539071163449208,1.0467812905338936
XGBoost,14,median (centred),61,0.8309811866859623,0.8447235890014472,0.742135927204135,0.7563109552142206,0.760603800398666,0.7781256405235467,1.3742402315484847,1.4175028010085633,1.7521840124880672
XGBoost,14,median (centred),121,0.8309811866859623,0.8523531114327062,0.742135927204135,0.7676498750028138,0.760603800398666,0.7901211488414138,2.1371924746743876,2.551394779867877,2.951734844274778
XGBoost,14,majority (centred),5,0.8309811866859623,0.8323473227206947,0.742135927204135,0.7435044738188629,0.760603800398666,0.7623317512943091,0.1366136034732346,0.13685466147278502,0.17279508956430378
XGBoost,14,majority (centred),11,0.8309811866859623,0.8346859623733719,0.742135927204135,0.7469119866601929,0.760603800398666,0.7663261548369246,0.3704775687409567,0.47760594560578573,0.5722354438258526
XGBoost,14,majority (centred),31,0.8309811866859623,0.8393863965267728,0.742135927204135,0.7511316293682572,0.760603800398666,0.7718919757309267,0.8405209840810501,0.8995702164122155,1.1288175332260675
XGBoost,14,majority (centred),61,0.8309811866859623,0.8453256150506512,0.742135927204135,0.758489916222687,0.760603800398666,0.7809212000605606,1.4344428364688855,1.6353989018552006,2.031739966189461
XGBoost,14,majority (centred),121,0.8309811866859623,0.8539623733719247,0.742135927204135,0.7724976393803872,0.760603800398666,0.7959297563633211,2.2981186685962385,3.0361712176252165,3.5325955964655043
XGBoost,14,"majority (causal, trailing)",5,0.8309811866859623,0.8334471780028944,0.742135927204135,0.7448032264019623,0.760603800398666,0.7637539767300221,0.2465991316932037,0.26672991978272664,0.3150176331356058
XGBoost,14,"majority (causal, trailing)",11,0.8309811866859623,0.8376497829232996,0.742135927204135,0.7503599695697664,0.760603800398666,0.7700756907720998,0.6668596237337288,0.8224042365631345,0.9471890373433767
XGBoost,14,"majority (causal, trailing)",31,0.8309811866859623,0.8494008683068017,0.742135927204135,0.7630549303036234,0.760603800398666,0.7849555877942719,1.84196816208394,2.0919003099488354,2.435178739560584
XGBoost,14,"majority (causal, trailing)",61,0.8309811866859623,0.8655397973950796,0.742135927204135,0.7825242095186313,0.760603800398666,0.8073445503467461,3.4558610709117255,4.0388282314496315,4.6740749948080085
XGBoost,14,"majority (causal, trailing)",121,0.8309811866859623,0.8710622286541244,0.742135927204135,0.7890189378471822,0.760603800398666,0.8133802457432071,4.008104196816209,4.6883010643047225,5.277644534454106
XGBoost,15,median (centred),5,0.832590448625181,0.8341418234442837,0.817670793407841,0.8194397616854973,0.8009955563148607,0.8027439540522584,0.15513748191027243,0.17689682776562687,0.17483977373976556
XGBoost,15,median (centred),11,0.832590448625181,0.8358321273516642,0.817670793407841,0.8211850039361922,0.8009955563148607,0.8045397256364942,0.3241678726483288,0.3514210528351214,0.35441693216334835
XGBoost,15,median (centred),31,0.832590448625181,0.8415397973950796,0.817670793407841,0.8275622582747911,0.8009955563148607,0.8112699182666859,0.8949348769898613,0.9891464866950139,1.0274361951825184
XGBoost,15,median (centred),61,0.832590448625181,0.8510911722141823,0.817670793407841,0.8363209109740732,0.8009955563148607,0.8213687180703442,1.8500723589001344,1.865011756623225,2.0373161755483427
XGBoost,15,median (centred),121,0.832590448625181,0.8515426917510854,0.817670793407841,0.834235415940956,0.8009955563148607,0.8210411039034051,1.8952243125904489,1.656462253311497,2.0045547588544377
XGBoost,15,majority (centred),5,0.832590448625181,0.834986975397974,0.817670793407841,0.8200332898929653,0.8009955563148607,0.8034377376081392,0.23965267727930062,0.23624964851243213,0.24421812932784448
XGBoost,15,majority (centred),11,0.832590448625181,0.8370477568740955,0.817670793407841,0.8223573833200081,0.8009955563148607,0.8055301434738603,0.4457308248914549,0.4686589912167083,0.453458715899957
XGBoost,15,majority (centred),31,0.832590448625181,0.8433574529667149,0.817670793407841,0.8304503211058142,0.8009955563148607,0.8130994412217726,1.0767004341533992,1.2779527697973192,1.2103884906911833
XGBoost,15,majority (centred),61,0.832590448625181,0.8539276410998553,0.817670793407841,0.8416737174264584,0.8009955563148607,0.8244323099219226,2.133719247467436,2.4002924018617366,2.3436753607061878
XGBoost,15,majority (centred),121,0.832590448625181,0.8549001447178003,0.817670793407841,0.8402297384501126,0.8009955563148607,0.8244175155603998,2.2309696092619347,2.2558945042271628,2.3421959245539026
XGBoost,15,"majority (causal, trailing)",5,0.832590448625181,0.8360520984081042,0.817670793407841,0.8212107240891523,0.8009955563148607,0.8045544598129425,0.3461649782923293,0.35399306813113096,0.35589034980817447
XGBoost,15,"majority (causal, trailing)",11,0.832590448625181,0.8395600578871201,0.817670793407841,0.8253820546582428,0.8009955563148607,0.8083449013404483,0.6969609261939125,0.771126125040178,0.7349345025587595
XGBoost,15,"majority (causal, trailing)",31,0.832590448625181,0.8472127351664255,0.817670793407841,0.8350744041111943,0.8009955563148607,0.8174378625372353,1.4622286541244534,1.7403610703353278,1.6442306222374525
XGBoost,15,"majority (causal, trailing)",61,0.832590448625181,0.8503039073806078,0.817670793407841,0.8382747822150728,0.8009955563148607,0.821149696827975,1.7713458755426847,2.06039888072318,2.015414051311426
XGBoost,15,"majority (causal, trailing)",121,0.832590448625181,0.8357163531114327,0.817670793407841,0.8202503295485922,0.8009955563148607,0.8053167774736621,0.3125904486251718,0.25795361407512374,0.43212211588014027
XGBoost,16,median (centred),5,0.7927641099855283,0.7940260492040521,0.6637204008517341,0.6650917856660997,0.6810595481326217,0.682430424450352,0.12619392185238,0.1371384814365606,0.1370876317730252
XGBoost,16,median (centred),11,0.7927641099855283,0.7947091172214182,0.6637204008517341,0.6642810007096211,0.6810595481326217,0.6813370879222337,0.19450072358899728,0.056059985788703415,0.027753978961198023
XGBoost,16,median (centred),31,0.7927641099855283,0.7973603473227207,0.6637204008517341,0.6632899083062643,0.6810595481326217,0.6799944860482586,0.4596237337192388,-0.0430492545469785,-0.10650620843630776
XGBoost,16,median (centred),61,0.7927641099855283,0.8021418234442836,0.6637204008517341,0.6649603048947792,0.6810595481326217,0.6816328490302624,0.9377713458755377,0.12399040430450814,0.05733008976407383
XGBoost,16,median (centred),121,0.7927641099855283,0.8043531114327063,0.6637204008517341,0.6610206574376495,0.6810595481326217,0.6761456828419129,1.1589001447178005,-0.2699743414084632,-0.49138652907088076
XGBoost,16,majority (centred),5,0.7927641099855283,0.793863965267728,0.6637204008517341,0.6648386037696027,0.6810595481326217,0.6823995732141608,0.1099855282199691,0.11182029178685715,0.13400250815390757
XGBoost,16,majority (centred),11,0.7927641099855283,0.7948133140376267,0.6637204008517341,0.6650816536314178,0.6810595481326217,0.6826854403977829,0.20492040520984078,0.1361252779683686,0.16258922651611885
XGBoost,16,majority (centred),31,0.7927641099855283,0.7983096960926194,0.6637204008517341,0.6680561961725965,0.6810595481326217,0.6867967553851896,0.5545586107091105,0.4335795320862368,0.5737207252567877
XGBoost,16,majority (centred),61,0.7927641099855283,0.8027438494934876,0.6637204008517341,0.6719664127030379,0.6810595481326217,0.6922850370547226,0.9979739507959384,0.8246011851303803,1.1225488922100846
XGBoost,16,majority (centred),121,0.7927641099855283,0.8079536903039074,0.6637204008517341,0.6752927432609926,0.6810595481326217,0.6973857573978223,1.5189580318379137,1.157234240925853,1.6326209265200564
XGBoost,16,"majority (causal, trailing)",5,0.7927641099855283,0.7953458755426918,0.6637204008517341,0.6663332869454792,0.6810595481326217,0.6840413972551153,0.25817655571634957,0.26128860937451037,0.29818491224935517
XGBoost,16,"majority (causal, trailing)",11,0.7927641099855283,0.7980086830680174,0.6637204008517341,0.6680755798479309,0.6810595481326217,0.6858963500724053,0.5244573082489157,0.43551789961967513,0.48368019397836415
XGBoost,16,"majority (causal, trailing)",31,0.7927641099855283,0.809574529667149,0.6637204008517341,0.6803884949040652,0.6810595481326217,0.7007773586253278,1.681041968162078,1.666809405233105,1.9717810492706045
XGBoost,16,"majority (causal, trailing)",61,0.7927641099855283,0.8202836468885673,0.6637204008517341,0.6918850416419069,0.6810595481326217,0.7152582444302932,2.751953690303899,2.816464079017278,3.419869629767147
XGBoost,16,"majority (causal, trailing)",121,0.7927641099855283,0.8199015918958031,0.6637204008517341,0.6891892330033039,0.6810595481326217,0.7137506163507575,2.7137481910274874,2.546883215156981,3.2691068218135833
XGBoost,17,median (centred),5,0.8361331403762663,0.8377539797395079,0.7942817754676161,0.7966476495137131,0.7790327939761384,0.7810406018267452,0.1620839363241644,0.2365874046097005,0.20078078506067243
XGBoost,17,median (centred),11,0.8361331403762663,0.8383328509406657,0.7942817754676161,0.7971515571153679,0.7790327939761384,0.7816364932401507,0.2199710564399382,0.2869781647751757,0.26036992640122714
XGBoost,17,median (centred),31,0.8361331403762663,0.8440984081041968,0.7942817754676161,0.8019059117853545,0.7790327939761384,0.7876377920720676,0.7965267727930492,0.7624136317738395,0.8604998095929184
XGBoost,17,median (centred),61,0.8361331403762663,0.8481273516642547,0.7942817754676161,0.8051862656601804,0.7790327939761384,0.7924582748575161,1.1994211287988388,1.0904490192564231,1.3425480881377627
XGBoost,17,median (centred),121,0.8361331403762663,0.8457424023154848,0.7942817754676161,0.8009131999110405,0.7790327939761384,0.7882150209912039,0.9609261939218516,0.663142444342435,0.9182227015065436
XGBoost,17,majority (centred),5,0.8361331403762663,0.8378234442836469,0.7942817754676161,0.7966604057646968,0.7790327939761384,0.7811144376549781,0.16903039073805637,0.23786302970806306,0.2081643678839673
XGBoost,17,majority (centred),11,0.8361331403762663,0.8386917510853835,0.7942817754676161,0.7981368959833434,0.7790327939761384,0.78226290347538,0.2558610709117226,0.38551205157272284,0.3230109499241518
XGBoost,17,majority (centred),31,0.8361331403762663,0.8447467438494934,0.7942817754676161,0.8048451341645718,0.7790327939761384,0.7891900249641912,0.8613603473227149,1.0563358696955683,1.0157230988052768
XGBoost,17,majority (centred),61,0.8361331403762663,0.8497018813314038,0.7942817754676161,0.8097578694152876,0.7790327939761384,0.7950198962342577,1.3568740955137493,1.5476093947671465,1.598710225811928
XGBoost,17,majority (centred),121,0.8361331403762663,0.8503039073806078,0.7942817754676161,0.8111913628373801,0.7790327939761384,0.7947570674508296,1.41707670043415,1.6909587369764,1.5724273474691186
XGBoost,17,"majority (causal, trailing)",5,0.8361331403762663,0.8402778581765558,0.7942817754676161,0.799895953833036,0.7790327939761384,0.7841060534864432,0.4144717800289466,0.5614178365419886,0.5073259510304795
XGBoost,17,"majority (causal, trailing)",11,0.8361331403762663,0.8450940665701882,0.7942817754676161,0.8066755097023699,0.7790327939761384,0.790129325256265,0.8960926193921859,1.2393734234753762,1.1096531280126554
XGBoost,17,"majority (causal, trailing)",31,0.8361331403762663,0.8575282199710564,0.7942817754676161,0.8209670728469093,0.7790327939761384,0.8041616146790508,2.1395079594790145,2.668529737929315,2.5128820702912336
XGBoost,17,"majority (causal, trailing)",61,0.8361331403762663,0.8605267727930536,0.7942817754676161,0.8244301445809801,0.7790327939761384,0.8085197513437268,2.439363241678727,3.0148369113363938,2.948695736758833
XGBoost,17,"majority (causal, trailing)",121,0.8361331403762663,0.8402431259044862,0.7942817754676161,0.8038419135949587,0.7790327939761384,0.7870725001232968,0.41099855282199504,0.9560138127342577,0.8039706147158321
XGBoost,18,median (centred),5,0.789534008683068,0.7907380607814761,0.716835800967857,0.7186113257479564,0.6993372766302768,0.7008211843691239,0.1204052098408126,0.17755247800993468,0.14839077388471011
XGBoost,18,median (centred),11,0.789534008683068,0.7932272069464544,0.716835800967857,0.7218288120159938,0.6993372766302768,0.703902033242243,0.36931982633864324,0.4993011048136764,0.4564756611966203
XGBoost,18,median (centred),31,0.789534008683068,0.7991664254703329,0.716835800967857,0.728862050118155,0.6993372766302768,0.7112937351361396,0.9632416787264897,1.202624915029793,1.19564585058628
XGBoost,18,median (centred),61,0.789534008683068,0.80410998552822,0.716835800967857,0.7356943674495229,0.6993372766302768,0.7178908103288681,1.4575976845151994,1.885856648166584,1.8553533698591362
XGBoost,18,median (centred),121,0.789534008683068,0.8057887120115774,0.716835800967857,0.743691178305729,0.6993372766302768,0.7234845891440679,1.6254703328509423,2.685537733787191,2.4147312513791097
XGBoost,18,majority (centred),5,0.789534008683068,0.7917568740955138,0.716835800967857,0.7187692925498359,0.6993372766302768,0.7016861059898295,0.22228654124457625,0.19334915819788634,0.23488293595527177
XGBoost,18,majority (centred),11,0.789534008683068,0.7946975397973951,0.716835800967857,0.7226275877180003,0.6993372766302768,0.7055475955198713,0.5163531114327102,0.5791786750143246,0.6210318889594557
XGBoost,18,majority (centred),31,0.789534008683068,0.8021070911722142,0.716835800967857,0.7306750651081817,0.6993372766302768,0.7146824842243721,1.2573082489146237,1.3839264140324659,1.53452075940953
XGBoost,18,majority (centred),61,0.789534008683068,0.8108248914616498,0.716835800967857,0.7416696311218525,0.6993372766302768,0.7261375627794724,2.129088277858182,2.483383015399543,2.6800286149195607
XGBoost,18,majority (centred),121,0.789534008683068,0.8146338639652677,0.716835800967857,0.7531544163455521,0.6993372766302768,0.7353440529669496,2.5099855282199712,3.6318615377695096,3.600677633667282
XGBoost,18,"majority (causal, trailing)",5,0.789534008683068,0.7916410998552822,0.716835800967857,0.7185526791688117,0.6993372766302768,0.7014526662976119,0.21070911722141927,0.17168782009546746,0.21153896673351547
XGBoost,18,"majority (causal, trailing)",11,0.789534008683068,0.7933777134587554,0.716835800967857,0.7205086423145254,0.6993372766302768,0.7035534643661737,0.38437047756874065,0.3672841346668343,0.4216187735896937
XGBoost,18,"majority (causal, trailing)",31,0.789534008683068,0.7957163531114327,0.716835800967857,0.7230697564483709,0.6993372766302768,0.7070521535201933,0.6182344428364739,0.6233955480513864,0.7714876889916567
XGBoost,18,"majority (causal, trailing)",61,0.789534008683068,0.797383502170767,0.716835800967857,0.7289336336252253,0.6993372766302768,0.7127274427428903,0.7849493487699033,1.2097832657368301,1.3390166112613566
XGBoost,18,"majority (causal, trailing)",121,0.789534008683068,0.7879479015918958,0.716835800967857,0.7225912618020557,0.6993372766302768,0.7049031417269083,-0.15861070911722397,0.5755460834198645,0.5565865096631484
1D-CNN,1,median (centred),5,0.7601852387843705,0.7612503617945007,0.8009662971899115,0.8022097695936518,0.7379970975639059,0.739099494048116,0.10651230101301756,0.12434724037402312,0.11023964842101774
1D-CNN,1,median (centred),11,0.7601852387843705,0.7642141823444284,0.8009662971899115,0.8050113284005763,0.7379970975639059,0.7421034713998466,0.4028943560057896,0.40450312106647957,0.4106373835940702
1D-CNN,1,median (centred),31,0.7601852387843705,0.7674211287988423,0.8009662971899115,0.808437615528514,0.7379970975639059,0.7454795099567678,0.723589001447178,0.7471318338602484,0.7482412392861959
1D-CNN,1,median (centred),61,0.7601852387843705,0.7728162083936324,0.8009662971899115,0.8145458424560273,0.7379970975639059,0.7513309570556239,1.263096960926191,1.3579545266115822,1.3333859491718059
1D-CNN,1,median (centred),121,0.7601852387843705,0.773753979739508,0.8009662971899115,0.8166113729854505,0.7379970975639059,0.752763915174122,1.3568740955137493,1.5645075795538976,1.4766817610216143
1D-CNN,1,majority (centred),5,0.7601852387843705,0.7612850940665702,0.8009662971899115,0.8022372973278437,0.7379970975639059,0.7391282430438642,0.1099855282199691,0.12710001379321323,0.11311454799582954
1D-CNN,1,majority (centred),11,0.7601852387843705,0.764191027496382,0.8009662971899115,0.8049934852476254,0.7379970975639059,0.7420647054069054,0.40057887120115154,0.40271880577138486,0.4067607842999532
1D-CNN,1,majority (centred),31,0.7601852387843705,0.7670622286541244,0.8009662971899115,0.808186139115248,0.7379970975639059,0.7451112085099983,0.6876989869753936,0.7219841925336423,0.7114110946092489
1D-CNN,1,majority (centred),61,0.7601852387843705,0.7718437047756874,0.8009662971899115,0.8139346321869096,0.7379970975639059,0.7503928314256942,1.1658465991316924,1.296833499699812,1.2395733861788383
1D-CNN,1,majority (centred),121,0.7601852387843705,0.7733603473227207,0.8009662971899115,0.8166905389428017,0.7379970975639059,0.7523947394232121,1.3175108538350244,1.5724241752890222,1.4397641859306254
1D-CNN,1,"majority (causal, trailing)",5,0.7601852387843705,0.762315484804631,0.8009662971899115,0.803454675521497,0.7379970975639059,0.7401548886166024,0.21302460202604623,0.2488378331585439,0.21577910526965338
1D-CNN,1,"majority (causal, trailing)",11,0.7601852387843705,0.7667843704775688,0.8009662971899115,0.8080507408415677,0.7379970975639059,0.74464635945413,0.6599131693198257,0.7084443651656169,0.664926189022419
1D-CNN,1,"majority (causal, trailing)",31,0.7601852387843705,0.7743907380607815,0.8009662971899115,0.8166134301935951,0.7379970975639059,0.7523697690256185,1.4205499276411016,1.5647133003683589,1.4372671461712616
1D-CNN,1,"majority (causal, trailing)",61,0.7601852387843705,0.7780144717800289,0.8009662971899115,0.8209333471685527,0.7379970975639059,0.756552175545158,1.7829232995658417,1.9967049978641183,1.855507798125211
1D-CNN,1,"majority (causal, trailing)",121,0.7601852387843705,0.7693545586107091,0.8009662971899115,0.8132641594405515,0.7379970975639059,0.7490420424813796,0.9169319826338618,1.2297862250640001,1.1044944917473765
1D-CNN,2,median (centred),5,0.8175629522431259,0.8192532561505065,0.8185383726713841,0.8205964409878203,0.8014507741895288,0.8032591807624186,0.16903039073805637,0.2058068316436179,0.18084065728898313
1D-CNN,2,median (centred),11,0.8175629522431259,0.8209551374819103,0.8185383726713841,0.8226627842119845,0.8014507741895288,0.805091591016371,0.3392185238784373,0.41244115406003923,0.36408168268421415
1D-CNN,2,median (centred),31,0.8175629522431259,0.825493487698987,0.8185383726713841,0.8281103391019604,0.8014507741895288,0.8100322826560645,0.7930535455861087,0.957196643057634,0.8581508466535714
1D-CNN,2,median (centred),61,0.8175629522431259,0.8362026049204052,0.8185383726713841,0.841257136656515,0.8014507741895288,0.8218622198339967,1.8639652677279295,2.271876398513095,2.041144564446784
1D-CNN,2,median (centred),121,0.8175629522431259,0.8414819102749638,0.8185383726713841,0.8493950622499367,0.8014507741895288,0.8283668797659433,2.3918958031837856,3.0856689578552587,2.691610557641444
1D-CNN,2,majority (centred),5,0.8175629522431259,0.819369030390738,0.8185383726713841,0.8207420316198905,0.8014507741895288,0.8033579152971101,0.18060781476121335,0.22036589485063818,0.19071411075812783
1D-CNN,2,majority (centred),11,0.8175629522431259,0.8209088277858176,0.8185383726713841,0.8227470587738493,0.8014507741895288,0.8050267545712382,0.3345875542691723,0.42086861024652755,0.3575980381709365
1D-CNN,2,majority (centred),31,0.8175629522431259,0.8261418234442837,0.8185383726713841,0.8293546575841032,0.8014507741895288,0.8107404070448258,0.8578871201157745,1.0816284912719132,0.9289632855296936
1D-CNN,2,majority (centred),61,0.8175629522431259,0.8375455861070912,0.8185383726713841,0.8438130818804299,0.8014507741895288,0.8232840001433303,1.998263386396526,2.5274709209045843,2.183322595380144
1D-CNN,2,majority (centred),121,0.8175629522431259,0.8435774240231548,0.8185383726713841,0.8533148097017408,0.8014507741895288,0.8305343463833813,2.6014471780028914,3.477643703035671,2.908357219385249
1D-CNN,2,"majority (causal, trailing)",5,0.8175629522431259,0.8204573082489146,0.8185383726713841,0.8219070655606707,0.8014507741895288,0.8044721043666233,0.28943560057886897,0.3368692889286651,0.30213301770944945
1D-CNN,2,"majority (causal, trailing)",11,0.8175629522431259,0.8232358900144717,0.8185383726713841,0.8252217581487371,0.8014507741895288,0.8074022613583898,0.567293777134581,0.6683385477353032,0.5951487168860958
1D-CNN,2,"majority (causal, trailing)",31,0.8175629522431259,0.8337829232995658,0.8185383726713841,0.8372856912671182,0.8014507741895288,0.8184119917836415,1.6219971056439908,1.8747318595734086,1.6961217594112732
1D-CNN,2,"majority (causal, trailing)",61,0.8175629522431259,0.848451519536903,0.8185383726713841,0.855124223041504,0.8014507741895288,0.8342021448681917,3.088856729377709,3.6585850370119966,3.275137067866285
1D-CNN,2,"majority (causal, trailing)",121,0.8175629522431259,0.84238494934877,0.8185383726713841,0.8511267534970335,0.8014507741895288,0.82882773621674,2.4821997105644034,3.258838082564941,2.7376962027211182
1D-CNN,3,median (centred),5,0.8199479015918958,0.8210709117221419,0.8087769592385164,0.8105806700753416,0.79446947858959,0.7958874502852855,0.11230101302460715,0.18037108368251786,0.14179716956954636
1D-CNN,3,median (centred),11,0.8199479015918958,0.8232243125904486,0.8087769592385164,0.8135341304925934,0.79446947858959,0.7984681793047752,0.32764109985528034,0.47571712540769306,0.3998700715185155
1D-CNN,3,median (centred),31,0.8199479015918958,0.8287930535455861,0.8087769592385164,0.8215930528443462,0.79446947858959,0.8052305628828288,0.8845151953690289,1.2816093605829804,1.0761084293238743
1D-CNN,3,median (centred),61,0.8199479015918958,0.8365036179450073,0.8087769592385164,0.8313609511200303,0.79446947858959,0.8139744968581311,1.6555716353111483,2.258399188151383,1.9505018268541008
1D-CNN,3,median (centred),121,0.8199479015918958,0.8371751085383502,0.8087769592385164,0.8346761951899239,0.79446947858959,0.8157295698267731,1.722720694645441,2.5899235951407418,2.1260091237183087
1D-CNN,3,majority (centred),5,0.8199479015918958,0.8211519536903039,0.8087769592385164,0.8106315147255624,0.79446947858959,0.7959755297665735,0.1204052098408126,0.1854555487045939,0.15060511769834362
1D-CNN,3,majority (centred),11,0.8199479015918958,0.8233632416787264,0.8087769592385164,0.8139497484709484,0.79446947858959,0.7987483685754566,0.34153400868306427,0.5172789232431918,0.4278889985866563
1D-CNN,3,majority (centred),31,0.8199479015918958,0.8290940665701881,0.8087769592385164,0.8224474099363744,0.79446947858959,0.8057786391328888,0.9146164978292348,1.3670450697857994,1.130916054329878
1D-CNN,3,majority (centred),61,0.8199479015918958,0.8359826338639653,0.8087769592385164,0.8319569385494513,0.79446947858959,0.8138661067813802,1.603473227206953,2.317997931093485,1.939662819179011
1D-CNN,3,majority (centred),121,0.8199479015918958,0.8372908827785818,0.8087769592385164,0.8363431845147987,0.79446947858959,0.8164126467071938,1.734298118668598,2.7566225276282275,2.1943168117603773
1D-CNN,3,"majority (causal, trailing)",5,0.8199479015918958,0.8220781476121563,0.8087769592385164,0.8114376586698645,0.79446947858959,0.7967788751501065,0.21302460202604623,0.2660699431348057,0.23093965605164302
1D-CNN,3,"majority (causal, trailing)",11,0.8199479015918958,0.8258176555716353,0.8087769592385164,0.8163353667665206,0.79446947858959,0.8010389041260934,0.5869753979739545,0.7558407528004185,0.6569425536503304
1D-CNN,3,"majority (causal, trailing)",31,0.8199479015918958,0.8382402315484805,0.8087769592385164,0.8325044882410699,0.79446947858959,0.8150846929558663,1.8292329956584696,2.3727529002553482,2.0615214366276224
1D-CNN,3,"majority (causal, trailing)",61,0.8199479015918958,0.8467149059334298,0.8087769592385164,0.8432432725400352,0.79446947858959,0.8244571256737675,2.6767004341534006,3.4466313301518725,2.998764708417745
1D-CNN,3,"majority (causal, trailing)",121,0.8199479015918958,0.8384833574529668,0.8087769592385164,0.8378233708791997,0.79446947858959,0.817783231635279,1.853545586107097,2.9046411640683223,2.3313753045688945
1D-CNN,4,median (centred),5,0.8287351664254703,0.8299392185238784,0.8185407098759768,0.8203888039775401,0.7942892504431914,0.7958025814171986,0.1204052098408126,0.184809410156328,0.15133309740071876
1D-CNN,4,median (centred),11,0.8287351664254703,0.8318610709117221,0.8185407098759768,0.8228473685963354,0.7942892504431914,0.7980625198491609,0.3125904486251829,0.4306658720358625,0.3773269405969448
1D-CNN,4,median (centred),31,0.8287351664254703,0.8362141823444283,0.8185407098759768,0.8269928752602175,0.7942892504431914,0.8026861410121516,0.7479015918958054,0.8452165384240651,0.8396890568960202
1D-CNN,4,median (centred),61,0.8287351664254703,0.8417481910274964,0.8185407098759768,0.8354330711961305,0.7942892504431914,0.8091412568089694,1.3013024602026135,1.6892361320153704,1.4852006365777992
1D-CNN,4,median (centred),121,0.8287351664254703,0.8481041968162084,0.8185407098759768,0.8432365879326514,0.7942892504431914,0.8156282045397987,1.9369030390738118,2.4695878056674614,2.1338954096607243
1D-CNN,4,majority (centred),5,0.8287351664254703,0.829904486251809,0.8185407098759768,0.8203332431377524,0.7942892504431914,0.7957580867860804,0.11693198263387217,0.17925332617755307,0.14688363428889684
1D-CNN,4,majority (centred),11,0.8287351664254703,0.8317568740955138,0.8185407098759768,0.8228579536190012,0.7942892504431914,0.7980065180872816,0.3021707670043505,0.4317243743024335,0.3717267644090194
1D-CNN,4,majority (centred),31,0.8287351664254703,0.8358437047756874,0.8185407098759768,0.8267836355465982,0.7942892504431914,0.8022694818853071,0.7108538350217075,0.8242925670621348,0.7980231442115682
1D-CNN,4,majority (centred),61,0.8287351664254703,0.8405209840810419,0.8185407098759768,0.8349121175660551,0.7942892504431914,0.8081247116861355,1.1785817655571629,1.6371407690078277,1.3835461242944103
1D-CNN,4,majority (centred),121,0.8287351664254703,0.8468885672937772,0.8185407098759768,0.8423414068282007,0.7942892504431914,0.8143676962473201,1.8153400868306857,2.3800696952223865,2.0078445804128653
1D-CNN,4,"majority (causal, trailing)",5,0.8287351664254703,0.8318379160636759,0.8185407098759768,0.8224564828465688,0.7942892504431914,0.7977264587789129,0.31027496382055597,0.39157729705919797,0.34372083357214755
1D-CNN,4,"majority (causal, trailing)",11,0.8287351664254703,0.8365267727930535,0.8185407098759768,0.8279647495116649,0.7942892504431914,0.802766942214206,0.7791606367583248,0.9424039635688053,0.8477691771014539
1D-CNN,4,"majority (causal, trailing)",31,0.8287351664254703,0.849493487698987,0.8185407098759768,0.841310421174822,0.7942892504431914,0.815719226522465,2.0758321273516733,2.2769711298845197,2.142997607927355
1D-CNN,4,"majority (causal, trailing)",61,0.8287351664254703,0.8593227206946454,0.8185407098759768,0.8529950957716577,0.7942892504431914,0.825355640910014,3.0587554269175143,3.445438589568084,3.106639046682258
1D-CNN,4,"majority (causal, trailing)",121,0.8287351664254703,0.856972503617945,0.8185407098759768,0.8516650431720457,0.7942892504431914,0.8238150673309642,2.8237337192474676,3.3124333296068897,2.9525816887772782
1D-CNN,5,median (centred),5,0.8261186685962373,0.8273111432706223,0.806152167975862,0.8079483141915546,0.791114740824652,0.7925883629403524,0.11924746743849912,0.17961462156925734,0.1473622115700346
1D-CNN,5,median (centred),11,0.8261186685962373,0.8287004341534009,0.806152167975862,0.809578472823335,0.791114740824652,0.7940560579075138,0.25817655571636067,0.3426304847472972,0.29413170828617163
1D-CNN,5,median (centred),31,0.8261186685962373,0.8337134587554269,0.806152167975862,0.8139845414746215,0.791114740824652,0.7990916335334225,0.7594790159189624,0.7832373498759537,0.7976892708770444
1D-CNN,5,median (centred),61,0.8261186685962373,0.8424544138929089,0.806152167975862,0.8223706085514353,0.791114740824652,0.8081816928646096,1.6335745296671589,1.6218440575573312,1.7066952039957561
1D-CNN,5,median (centred),121,0.8261186685962373,0.8506396526772793,0.806152167975862,0.8327560426218633,0.791114740824652,0.8183723709394339,2.4520984081041974,2.6603874646001335,2.7257630114781883
1D-CNN,5,majority (centred),5,0.8261186685962373,0.8271490593342982,0.806152167975862,0.8077814127232115,0.791114740824652,0.7924364102713005,0.10303907380608823,0.16292447473494898,0.13216694466484658
1D-CNN,5,majority (centred),11,0.8261186685962373,0.8285383502170767,0.806152167975862,0.8095356443057948,0.791114740824652,0.7939319355293177,0.24196816208393868,0.3383476329932855,0.2817194704665682
1D-CNN,5,majority (centred),31,0.8261186685962373,0.8329261939218524,0.806152167975862,0.8138232702590065,0.791114740824652,0.7984650528336753,0.6807525325615127,0.7671102283144493,0.7350312009023252
1D-CNN,5,majority (centred),61,0.8261186685962373,0.8394095513748191,0.806152167975862,0.8209632879451778,0.791114740824652,0.8056012631680293,1.3290882778581814,1.4811119969315834,1.4486522343377217
1D-CNN,5,majority (centred),121,0.8261186685962373,0.8500028943560057,0.806152167975862,0.8338959465607712,0.791114740824652,0.8180042375439739,2.388422575976845,2.7743778584909173,2.6889496719321837
1D-CNN,5,"majority (causal, trailing)",5,0.8261186685962373,0.8291751085383502,0.806152167975862,0.8099042243753881,0.791114740824652,0.7944151369842937,0.30564399421129096,0.3752056399526138,0.33003961596416165
1D-CNN,5,"majority (causal, trailing)",11,0.8261186685962373,0.8333198263386397,0.806152167975862,0.8144561244602947,0.791114740824652,0.7985269822767055,0.7201157742402375,0.8303956484432717,0.7412241452053436
1D-CNN,5,"majority (causal, trailing)",31,0.8261186685962373,0.8455455861070912,0.806152167975862,0.8274756814404148,0.791114740824652,0.8111468769796014,1.9426917510853903,2.1323513464552857,2.0032136154949365
1D-CNN,5,"majority (causal, trailing)",61,0.8261186685962373,0.8573892908827786,0.806152167975862,0.8412813784266312,0.791114740824652,0.8244508005725389,3.1270622286541316,3.512921045076922,3.3336059747886893
1D-CNN,5,"majority (causal, trailing)",121,0.8261186685962373,0.8547149059334298,0.806152167975862,0.8392104403821395,0.791114740824652,0.8229925807644857,2.859623733719252,3.3058272406277567,3.187783993983362
1D-CNN,6,median (centred),5,0.8169030390738061,0.818547033285094,0.8048094352232904,0.8066621622647574,0.7972338244215099,0.7990214967599446,0.16439942112879136,0.1852727041466995,0.1787672338434687
1D-CNN,6,median (centred),11,0.8169030390738061,0.8206425470332851,0.8048094352232904,0.8088874688093174,0.7972338244215099,0.8012129146039607,0.37395079594789715,0.40780335860269856,0.3979090182450795
1D-CNN,6,median (centred),31,0.8169030390738061,0.8250303907380607,0.8048094352232904,0.8135141183466027,0.7972338244215099,0.8056870024143944,0.8127351664254601,0.8704683123312296,0.8453177992884475
1D-CNN,6,median (centred),61,0.8169030390738061,0.8302749638205499,0.8048094352232904,0.8197243009367794,0.7972338244215099,0.8111972868097771,1.3371924746743757,1.491486571348899,1.3963462388267178
1D-CNN,6,median (centred),121,0.8169030390738061,0.8357626628075253,0.8048094352232904,0.8263421304448193,0.7972338244215099,0.8166181928467718,1.8859623733719189,2.1532695221528897,1.9384368425261922
1D-CNN,6,majority (centred),5,0.8169030390738061,0.8183386396526773,0.8048094352232904,0.8064311181649121,0.7972338244215099,0.798816467010235,0.14356005788711546,0.16216829416216827,0.15826425887250917
1D-CNN,6,majority (centred),11,0.8169030390738061,0.820341534008683,0.8048094352232904,0.8088067272140668,0.7972338244215099,0.800981477368451,0.3438494934876912,0.3997291990776364,0.3747652946941127
1D-CNN,6,majority (centred),31,0.8169030390738061,0.824821997105644,0.8048094352232904,0.8140564544906402,0.7972338244215099,0.8057909703580521,0.7918958031837842,0.9247019267349832,0.8557145936542221
1D-CNN,6,majority (centred),61,0.8169030390738061,0.8304138929088278,0.8048094352232904,0.8205133642289422,0.7972338244215099,0.8115470094386986,1.3510853835021708,1.5703929005651762,1.43131850171887
1D-CNN,6,majority (centred),121,0.8169030390738061,0.8382286541244574,0.8048094352232904,0.8304717981665973,0.7972338244215099,0.8196061416115022,2.1325615050651225,2.5662362943306927,2.237231718999233
1D-CNN,6,"majority (causal, trailing)",5,0.8169030390738061,0.8200520984081042,0.8048094352232904,0.8080885017119264,0.7972338244215099,0.8004345010628392,0.3149059334298099,0.3279066488635962,0.3200676641329281
1D-CNN,6,"majority (causal, trailing)",11,0.8169030390738061,0.8249609261939218,0.8048094352232904,0.8132612268176338,0.7972338244215099,0.805362087783415,0.8057887120115681,0.8451791594343394,0.8128263361905086
1D-CNN,6,"majority (causal, trailing)",31,0.8169030390738061,0.8383791606367583,0.8048094352232904,0.8274569550661409,0.7972338244215099,0.8187349210610918,2.14761215629522,2.2647519842850516,2.1501096639581885
1D-CNN,6,"majority (causal, trailing)",61,0.8169030390738061,0.8486483357452966,0.8048094352232904,0.8387725782332125,0.7972338244215099,0.8289780420107369,3.174529667149051,3.396314300992209,3.1744217589226964
1D-CNN,6,"majority (causal, trailing)",121,0.8169030390738061,0.844260492040521,0.8048094352232904,0.8369362914670756,0.7972338244215099,0.8257574992473472,2.735745296671488,3.2126856243785196,2.8523674825837286
1D-CNN,7,median (centred),5,0.7164804630969609,0.7172561505065123,0.731211334414601,0.7320675647496668,0.7055306972224044,0.7062715666019018,0.07756874095513622,0.08562303350658773,0.07408693794974663
1D-CNN,7,median (centred),11,0.7164804630969609,0.7187149059334298,0.731211334414601,0.7336954015702591,0.7055306972224044,0.7076745545068809,0.22344428364688973,0.24840671556581873,0.21438572844765247
1D-CNN,7,median (centred),31,0.7164804630969609,0.7223617945007236,0.731211334414601,0.7377339477842085,0.7055306972224044,0.7112120039081615,0.588133140376268,0.6522613369607577,0.568130668575717
1D-CNN,7,median (centred),61,0.7164804630969609,0.7273863965267728,0.731211334414601,0.743015802554415,0.7055306972224044,0.7162577141119794,1.0905933429811943,1.1804468139814062,1.0727016889575003
1D-CNN,7,median (centred),121,0.7164804630969609,0.7306396526772793,0.731211334414601,0.7473231950000682,0.7055306972224044,0.719312773963772,1.4159189580318365,1.6111860585467208,1.3782076741367666
1D-CNN,7,majority (centred),5,0.7164804630969609,0.7174876989869754,0.731211334414601,0.7322943640891161,0.7055306972224044,0.7065307623343166,0.10072358900145018,0.10830296745151236,0.10000651119121962
1D-CNN,7,majority (centred),11,0.7164804630969609,0.7189811866859623,0.731211334414601,0.7340014993332539,0.7055306972224044,0.7079895250476982,0.2500723589001441,0.27901649186529154,0.245882782529383
1D-CNN,7,majority (centred),31,0.7164804630969609,0.7229753979739508,0.731211334414601,0.7385594067650053,0.7055306972224044,0.7119687671229525,0.6494934876989933,0.7348072350404355,0.6438069900548182
1D-CNN,7,majority (centred),61,0.7164804630969609,0.7276179450072359,0.731211334414601,0.7438388467837799,0.7055306972224044,0.7168117140405111,1.1137481910274971,1.2627512369178917,1.1281016818106782
1D-CNN,7,majority (centred),121,0.7164804630969609,0.7295166425470333,0.731211334414601,0.746722268342694,0.7055306972224044,0.7185490231785553,1.3036179450072405,1.5510933928092996,1.3018325956150933
1D-CNN,7,"majority (causal, trailing)",5,0.7164804630969609,0.7165499276410998,0.731211334414601,0.7313339178210905,0.7055306972224044,0.705594099453586,0.006946454413891967,0.012258340648951815,0.006340223118161958
1D-CNN,7,"majority (causal, trailing)",11,0.7164804630969609,0.7165499276410998,0.731211334414601,0.7315068705258806,0.7055306972224044,0.7055525925911774,0.006946454413891967,0.02955361112796373,0.002189536877306164
1D-CNN,7,"majority (causal, trailing)",31,0.7164804630969609,0.7166425470332851,0.731211334414601,0.7323800072998078,0.7055306972224044,0.7056952574413938,0.01620839363242199,0.1168672885206834,0.01645602189894735
1D-CNN,7,"majority (causal, trailing)",61,0.7164804630969609,0.7151259044862518,0.731211334414601,0.7312910261936111,0.7055306972224044,0.7042413033906744,-0.13545586107091,0.007969177901012703,-0.12893938317299902
1D-CNN,7,"majority (causal, trailing)",121,0.7164804630969609,0.7055166425470333,0.731211334414601,0.7232204738398865,0.7055306972224044,0.6945915471756883,-1.0963820549927616,-0.7990860574714431,-1.0939150046716084
1D-CNN,8,median (centred),5,0.4581070911722142,0.4583386396526773,0.5304836019721678,0.5308387140021877,0.3988685836263701,0.39883870196038335,0.023154848046308407,0.035511203001992175,-0.0029881665986775108
1D-CNN,8,median (centred),11,0.4581070911722142,0.45786396526772793,0.5304836019721678,0.5305617023128198,0.3988685836263701,0.39847406907013766,-0.024312590448627436,0.007810034065203197,-0.039451455623246146
1D-CNN,8,median (centred),31,0.4581070911722142,0.4600636758321274,0.5304836019721678,0.5331981365737132,0.3988685836263701,0.3999257240096726,0.1956584659913163,0.271453460154536,0.10571403833024573
1D-CNN,8,median (centred),61,0.4581070911722142,0.46380318379160634,0.5304836019721678,0.5371919514927196,0.3988685836263701,0.4029386359082112,0.5696092619392135,0.6708349520551771,0.40700522818410967
1D-CNN,8,median (centred),121,0.4581070911722142,0.4756931982633864,0.5304836019721678,0.5503068194634401,0.3988685836263701,0.41237298610141426,1.7586107091172198,1.982321749127225,1.3504402475044142
1D-CNN,8,majority (centred),5,0.4581070911722142,0.4583386396526773,0.5304836019721678,0.5308387140021877,0.3988685836263701,0.39883870196038335,0.023154848046308407,0.035511203001992175,-0.0029881665986775108
1D-CNN,8,majority (centred),11,0.4581070911722142,0.45786396526772793,0.5304836019721678,0.5305617023128198,0.3988685836263701,0.39847406907013766,-0.024312590448627436,0.007810034065203197,-0.039451455623246146
1D-CNN,8,majority (centred),31,0.4581070911722142,0.46009840810419683,0.5304836019721678,0.5332288434459111,0.3988685836263701,0.3999351726980769,0.1991316931982623,0.27452414737433317,0.10665890717067583
1D-CNN,8,majority (centred),61,0.4581070911722142,0.46405788712011575,0.5304836019721678,0.5374248448650415,0.3988685836263701,0.4030719872871442,0.5950795947901544,0.6941242892873678,0.42034036607740966
1D-CNN,8,majority (centred),121,0.4581070911722142,0.4758205499276411,0.5304836019721678,0.5504425402567756,0.3988685836263701,0.4124241722712046,1.7713458755426903,1.995893828460782,1.355558864483447
1D-CNN,8,"majority (causal, trailing)",5,0.4581070911722142,0.4578292329956585,0.5304836019721678,0.5303420886860647,0.3988685836263701,0.3983678965343899,-0.02778581765557342,-0.01415132861031232,-0.05006870919802009
1D-CNN,8,"majority (causal, trailing)",11,0.4581070911722142,0.4566483357452967,0.5304836019721678,0.5294021557143216,0.3988685836263701,0.39734632207153764,-0.1458755426917535,-0.10814462578462303,-0.15222615548324825
1D-CNN,8,"majority (causal, trailing)",31,0.4581070911722142,0.45531693198263384,0.5304836019721678,0.5282536953482784,0.3988685836263701,0.39563853516324426,-0.27901591895803657,-0.22299066238894438,-0.32300484631258564
1D-CNN,8,"majority (causal, trailing)",61,0.4581070911722142,0.4560231548480463,0.5304836019721678,0.5291771943579558,0.3988685836263701,0.3958762215410281,-0.20839363241679232,-0.13064076142119685,-0.29923620853420374
1D-CNN,8,"majority (causal, trailing)",121,0.4581070911722142,0.4559884225759768,0.5304836019721678,0.529624690386148,0.3988685836263701,0.39460055814762135,-0.2118668596237383,-0.0858911586019806,-0.42680254787487715
1D-CNN,9,median (centred),5,0.7423444283646888,0.7441273516642547,0.7460371830649493,0.7479553974425245,0.7326467055465969,0.7344804555802966,0.1782923299565864,0.19182143775752225,0.1833750033699677
1D-CNN,9,median (centred),11,0.7423444283646888,0.7466396526772793,0.7460371830649493,0.7507180320868553,0.7326467055465969,0.7370898518175775,0.429522431259044,0.46808490219060195,0.4443146270980525
1D-CNN,9,median (centred),31,0.7423444283646888,0.7536324167872648,0.7460371830649493,0.7583878612471585,0.7326467055465969,0.7443596261414259,1.1287988422575945,1.2350678182209252,1.171292059482898
1D-CNN,9,median (centred),61,0.7423444283646888,0.760972503617945,0.7460371830649493,0.7666352012681966,0.7326467055465969,0.7520660120871945,1.862807525325616,2.059801820324736,1.9419306540597536
1D-CNN,9,median (centred),121,0.7423444283646888,0.7674674384949349,0.7460371830649493,0.7746634193829919,0.7326467055465969,0.7592794938389896,2.5123010130246093,2.862623631804262,2.6632788292392684
1D-CNN,9,majority (centred),5,0.7423444283646888,0.7440694645441389,0.7460371830649493,0.747937213539378,0.7326467055465969,0.7344288813945724,0.1725036179450079,0.1900030474428771,0.17821758479754646
1D-CNN,9,majority (centred),11,0.7423444283646888,0.7465701881331404,0.7460371830649493,0.750752082705747,0.7326467055465969,0.7370272392289653,0.422575976845152,0.4714899640797743,0.43805336823683483
1D-CNN,9,majority (centred),31,0.7423444283646888,0.7537250361794501,0.7460371830649493,0.7588265908170718,0.7326467055465969,0.7444920538525364,1.1380607814761245,1.2789407752122561,1.1845348305939418
1D-CNN,9,majority (centred),61,0.7423444283646888,0.7630217076700434,0.7460371830649493,0.7692889987539484,0.7326467055465969,0.7542052617203762,2.067727930535457,2.3251815688999145,2.155855617377922
1D-CNN,9,majority (centred),121,0.7423444283646888,0.7696671490593343,0.7460371830649493,0.7775638261098804,0.7326467055465969,0.7614349382330219,2.7322720694645475,3.1526643044931135,2.878823268642494
1D-CNN,9,"majority (causal, trailing)",5,0.7423444283646888,0.7435137481910274,0.7460371830649493,0.7473678681393853,0.7326467055465969,0.7338921970367142,0.11693198263386106,0.1330685074436011,0.1245491490117212
1D-CNN,9,"majority (causal, trailing)",11,0.7423444283646888,0.7453082489146164,0.7460371830649493,0.749622142994121,0.7326467055465969,0.7358970454210919,0.29638205499276093,0.3584959929171738,0.32503398744949674
1D-CNN,9,"majority (causal, trailing)",31,0.7423444283646888,0.7482373371924746,0.7460371830649493,0.7537442225536205,0.7326467055465969,0.7393887547274481,0.5892908827785814,0.7707039488671241,0.6742049180851195
1D-CNN,9,"majority (causal, trailing)",61,0.7423444283646888,0.7487004341534008,0.7460371830649493,0.7554399197775795,0.7326467055465969,0.7404957589338349,0.6356005788711983,0.9402736712630255,0.7849053387237959
1D-CNN,9,"majority (causal, trailing)",121,0.7423444283646888,0.7366251808972504,0.7460371830649493,0.7448395768957469,0.7326467055465969,0.7293136495868143,-0.571924746743846,-0.1197606169202392,-0.3333055959782616
1D-CNN,10,median (centred),5,0.8411808972503618,0.8434153400868307,0.8457293501761676,0.8482875526838664,0.8049037876411296,0.807414965600851,0.22344428364688973,0.25582025076987813,0.25111779597214445
1D-CNN,10,median (centred),11,0.8411808972503618,0.8457308248914617,0.8457293501761676,0.8506853604176837,0.8049037876411296,0.8099186484774735,0.4549927641099849,0.4956010241516151,0.5014860836343948
1D-CNN,10,median (centred),31,0.8411808972503618,0.851068017366136,0.8457293501761676,0.8553486493035138,0.8049037876411296,0.8154078652653595,0.9887120115774195,0.961929912734627,1.050407762422989
1D-CNN,10,median (centred),61,0.8411808972503618,0.8587438494934877,0.8457293501761676,0.8645244630005903,0.8049037876411296,0.8240486445764122,1.7562952243125873,1.87951128244227,1.9144856935282673
1D-CNN,10,median (centred),121,0.8411808972503618,0.8635369030390738,0.8457293501761676,0.8675653917185014,0.8049037876411296,0.8295064350633273,2.2356005788711997,2.1836041542333873,2.4602647422197754
1D-CNN,10,majority (centred),5,0.8411808972503618,0.8434037626628075,0.8457293501761676,0.8482511712521609,0.8049037876411296,0.8073906086322502,0.22228654124456515,0.25218210759933024,0.24868209911206307
1D-CNN,10,majority (centred),11,0.8411808972503618,0.8457076700434153,0.8457293501761676,0.8506656593894678,0.8049037876411296,0.8098207300924912,0.45267727930534685,0.49363092133002384,0.491694245136165
1D-CNN,10,majority (centred),31,0.8411808972503618,0.851357452966715,0.8457293501761676,0.855828288299771,0.8049037876411296,0.8154841284361288,1.017655571635312,1.0098938123603407,1.0580340794999255
1D-CNN,10,majority (centred),61,0.8411808972503618,0.8591490593342981,0.8457293501761676,0.865483125054193,0.8049037876411296,0.824444321753671,1.7968162083936257,1.9753774878025432,1.954053411254142
1D-CNN,10,majority (centred),121,0.8411808972503618,0.8642083936324167,0.8457293501761676,0.8694344357141519,0.8049037876411296,0.8300341419828459,2.3027496382054924,2.370508553798434,2.513035434171629
1D-CNN,10,"majority (causal, trailing)",5,0.8411808972503618,0.8448856729377714,0.8457293501761676,0.8497389240893519,0.8049037876411296,0.8087894264412743,0.3704775687409567,0.400957391318435,0.38856388001446973
1D-CNN,10,"majority (causal, trailing)",11,0.8411808972503618,0.849123010130246,0.8457293501761676,0.854096817762538,0.8049037876411296,0.8130539073950468,0.7942112879884222,0.8367467586370414,0.8150119753917218
1D-CNN,10,"majority (causal, trailing)",31,0.8411808972503618,0.8570303907380608,0.8457293501761676,0.861461471429528,0.8049037876411296,0.8207904685249474,1.584949348769893,1.5732121253360432,1.5886680883817839
1D-CNN,10,"majority (causal, trailing)",61,0.8411808972503618,0.8576903039073807,0.8457293501761676,0.8634287356057992,0.8049037876411296,0.8227345492276652,1.6509406657018832,1.7699385429631675,1.7830761586535626
1D-CNN,10,"majority (causal, trailing)",121,0.8411808972503618,0.8498292329956585,0.8457293501761676,0.853465417440224,0.8049037876411296,0.8154819524137414,0.8648335745296665,0.7736067264056401,1.0578164772611864
1D-CNN,11,median (centred),5,0.7578465991316932,0.7579276410998553,0.7745975428781291,0.775406961692345,0.6929367166996503,0.6932396402478882,0.008104196816216547,0.08094188142159231,0.030292354823791
1D-CNN,11,median (centred),11,0.7578465991316932,0.7579160636758321,0.7745975428781291,0.778298546530095,0.6929367166996503,0.6941580279241385,0.006946454413891967,0.3701003651965906,0.12213112244882085
1D-CNN,11,median (centred),31,0.7578465991316932,0.7564920405209841,0.7745975428781291,0.7817037100482144,0.6929367166996503,0.6944282776027731,-0.13545586107091,0.7106167170085276,0.14915609031228572
1D-CNN,11,median (centred),61,0.7578465991316932,0.755507959479016,0.7745975428781291,0.7873320794965629,0.6929367166996503,0.6954827631700341,-0.23386396526772213,1.2734536618433823,0.25460464703838115
1D-CNN,11,median (centred),121,0.7578465991316932,0.7533545586107091,0.7745975428781291,0.7881458825548627,0.6929367166996503,0.6944572192366483,-0.4492040520984064,1.3548339676733634,0.15205025369979808
1D-CNN,11,majority (centred),5,0.7578465991316932,0.7579739507959479,0.7745975428781291,0.7754207935846621,0.6929367166996503,0.6932760216337647,0.012735166425470457,0.08232507065329964,0.03393049341143817
1D-CNN,11,majority (centred),11,0.7578465991316932,0.7580665701881332,0.7745975428781291,0.7784976155523674,0.6929367166996503,0.6943295015776699,0.02199710564400048,0.39000726742383085,0.13927848780196372
1D-CNN,11,majority (centred),31,0.7578465991316932,0.7559710564399421,0.7745975428781291,0.7819022292962812,0.6929367166996503,0.6942204328855327,-0.18755426917510531,0.7304686418152073,0.1283716185882411
1D-CNN,11,majority (centred),61,0.7578465991316932,0.7559942112879884,0.7745975428781291,0.7891091893851594,0.6929367166996503,0.6964598218278564,-0.18523878437047836,1.4511646507030296,0.3523105128206083
1D-CNN,11,majority (centred),121,0.7578465991316932,0.7530651230101303,0.7745975428781291,0.7878074296231566,0.6929367166996503,0.6943524197302559,-0.47814761215628776,1.3209886745027544,0.1415703030605564
1D-CNN,11,"majority (causal, trailing)",5,0.7578465991316932,0.7585643994211289,0.7745975428781291,0.7762034965105539,0.6929367166996503,0.6939097453499504,0.07178002894356883,0.16059536324247725,0.0973028650300134
1D-CNN,11,"majority (causal, trailing)",11,0.7578465991316932,0.7589117221418235,0.7745975428781291,0.7796439079848877,0.6929367166996503,0.6952602159946107,0.10651230101302867,0.5046365106758599,0.23234992949604516
1D-CNN,11,"majority (causal, trailing)",31,0.7578465991316932,0.7545586107091172,0.7745975428781291,0.7797771758211164,0.6929367166996503,0.692840310969475,-0.3287988422575938,0.5179632942987289,-0.009640573017533072
1D-CNN,11,"majority (causal, trailing)",61,0.7578465991316932,0.7474848046309696,0.7745975428781291,0.7789874991350669,0.6929367166996503,0.6884474588647728,-1.036179450072361,0.43899562569378325,-0.44892578348775247
1D-CNN,11,"majority (causal, trailing)",121,0.7578465991316932,0.7338581765557164,0.7745975428781291,0.7673804214342949,0.6929367166996503,0.6771660269989906,-2.3988422575976776,-0.721712144383424,-1.5770689700659646
1D-CNN,12,median (centred),5,0.8504544138929089,0.8522257597684515,0.8538640733942763,0.8563084300996234,0.8238279249597961,0.8258071470884666,0.1771345875542618,0.24443567053471504,0.19792221286705214
1D-CNN,12,median (centred),11,0.8504544138929089,0.8532098408104197,0.8538640733942763,0.8579902165592729,0.8238279249597961,0.8269838983275166,0.27554269175108503,0.41261431649965985,0.3155973367720555
1D-CNN,12,median (centred),31,0.8504544138929089,0.8567525325615051,0.8538640733942763,0.862172272408908,0.8238279249597961,0.8307287564056601,0.6298118668596198,0.8308199014631756,0.6900831445864064
1D-CNN,12,median (centred),61,0.8504544138929089,0.857123010130246,0.8538640733942763,0.8642838904511553,0.8238279249597961,0.8315958848437793,0.6668596237337177,1.0419817056879,0.7767959883983266
1D-CNN,12,median (centred),121,0.8504544138929089,0.8510795947901592,0.8538640733942763,0.858577920742325,0.8238279249597961,0.8259999133915311,0.0625180897250277,0.4713847348048694,0.21719884317350502
1D-CNN,12,majority (centred),5,0.8504544138929089,0.8522836468885673,0.8538640733942763,0.8563330321573533,0.8238279249597961,0.825845432597973,0.1829232995658403,0.2468958763077067,0.20175076381769852
1D-CNN,12,majority (centred),11,0.8504544138929089,0.8532098408104197,0.8538640733942763,0.8580139898174841,0.8238279249597961,0.8269746768703036,0.27554269175108503,0.41499164232078334,0.3146751910507506
1D-CNN,12,majority (centred),31,0.8504544138929089,0.8571345875542692,0.8538640733942763,0.8629943450915363,0.8238279249597961,0.8312279543320887,0.6680173661360311,0.9130271697259995,0.7400029372292671
1D-CNN,12,majority (centred),61,0.8504544138929089,0.8579102749638206,0.8538640733942763,0.8657487100791778,0.8238279249597961,0.8325497101139492,0.7455861070911673,1.1884636684901473,0.8721785154153117
1D-CNN,12,majority (centred),121,0.8504544138929089,0.8532445730824891,0.8538640733942763,0.8627367415605366,0.8238279249597961,0.8287784022983775,0.27901591895802547,0.8872668166260311,0.49504773385814493
1D-CNN,12,"majority (causal, trailing)",5,0.8504544138929089,0.8525036179450073,0.8538640733942763,0.8566132582534388,0.8238279249597961,0.8261078620897987,0.20492040520984078,0.27491848591625345,0.22799371300026294
1D-CNN,12,"majority (causal, trailing)",11,0.8504544138929089,0.8528046309696092,0.8538640733942763,0.8578775251857733,0.8238279249597961,0.8267900200221513,0.2350217076700356,0.4013451791497036,0.296209506235523
1D-CNN,12,"majority (causal, trailing)",31,0.8504544138929089,0.8505586107091172,0.8538640733942763,0.857000573627543,0.8238279249597961,0.8254964932820475,0.0104196816208324,0.3136500233266726,0.16685683222514847
1D-CNN,12,"majority (causal, trailing)",61,0.8504544138929089,0.8372561505065123,0.8538640733942763,0.8449281137953947,0.8238279249597961,0.81325597498437,-1.3198263386396625,-0.8935959598881604,-1.0571949975426098
1D-CNN,12,"majority (causal, trailing)",121,0.8504544138929089,0.8161736613603473,0.8538640733942763,0.8240430445994197,0.8238279249597961,0.7929781797958538,-3.4280752532561576,-2.9821028794856597,-3.0849745163942233
1D-CNN,13,median (centred),5,0.8117163531114328,0.8123183791606368,0.7419446707944912,0.7421441694251131,0.7404173222407188,0.7408429507637857,0.06020260492040075,0.01994986306218527,0.04256285230669343
1D-CNN,13,median (centred),11,0.8117163531114328,0.8134413892908828,0.7419446707944912,0.7434115350795844,0.7404173222407188,0.742184908107002,0.1725036179450079,0.1466864285093128,0.17675858662832278
1D-CNN,13,median (centred),31,0.8117163531114328,0.8166483357452967,0.7419446707944912,0.7443920501165153,0.7404173222407188,0.7443302917758298,0.4931982633863963,0.24473793220241014,0.39129695351109994
1D-CNN,13,median (centred),61,0.8117163531114328,0.8238263386396527,0.7419446707944912,0.7501221966878102,0.7404173222407188,0.7517598790676733,1.2109985528219958,0.8177525893318993,1.1342556826954509
1D-CNN,13,median (centred),121,0.8117163531114328,0.8311895803183792,0.7419446707944912,0.7529579520777249,0.7404173222407188,0.7569275141065246,1.9473227206946442,1.1013281283233645,1.6510191865805823
1D-CNN,13,majority (centred),5,0.8117163531114328,0.8120173661360347,0.7419446707944912,0.7418692479833494,0.7404173222407188,0.7405983974912421,0.030101302460194823,-0.007542281114181204,0.018107525052335482
1D-CNN,13,majority (centred),11,0.8117163531114328,0.8131982633863966,0.7419446707944912,0.7439171344420966,0.7404173222407188,0.7424466200059386,0.14819102749638047,0.19724636476053936,0.2029297765219873
1D-CNN,13,majority (centred),31,0.8117163531114328,0.8152243125904486,0.7419446707944912,0.7456914217869025,0.7404173222407188,0.7446973421775013,0.3507959479015832,0.3746750992411285,0.42800199367825087
1D-CNN,13,majority (centred),61,0.8117163531114328,0.8218118668596237,0.7419446707944912,0.7527108983745143,0.7404173222407188,0.7522669289560074,1.0095513748190954,1.0766227580023102,1.1849606715288674
1D-CNN,13,majority (centred),121,0.8117163531114328,0.8257713458755427,0.7419446707944912,0.7587298787045685,0.7404173222407188,0.7582736614092039,1.405499276410993,1.6785207910077315,1.785633916848517
1D-CNN,13,"majority (causal, trailing)",5,0.8117163531114328,0.814356005788712,0.7419446707944912,0.7447941054988453,0.7404173222407188,0.7434805825441941,0.26396526772792805,0.2849434704354059,0.3063260303475368
1D-CNN,13,"majority (causal, trailing)",11,0.8117163531114328,0.8187785817655572,0.7419446707944912,0.7506779315013893,0.7404173222407188,0.7491164677642516,0.7062228654124425,0.873326070689806,0.8699145523532792
1D-CNN,13,"majority (causal, trailing)",31,0.8117163531114328,0.8275311143270623,0.7419446707944912,0.7602201755287886,0.7404173222407188,0.7591002131550312,1.5814761215629525,1.8275504734297399,1.8682890914312411
1D-CNN,13,"majority (causal, trailing)",61,0.8117163531114328,0.8336787264833575,0.7419446707944912,0.7671116193259943,0.7404173222407188,0.7666837188025443,2.196237337192475,2.516694853150303,2.62663965618255
1D-CNN,13,"majority (causal, trailing)",121,0.8117163531114328,0.8220202604920405,0.7419446707944912,0.7562236018235661,0.7404173222407188,0.7558688767036715,1.0303907380607713,1.4278931029074848,1.5451554462952766
1D-CNN,14,median (centred),5,0.8257481910274964,0.8273458755426918,0.7659326244442659,0.7674255654846093,0.7742634237799776,0.7761381051897923,0.15976845151953745,0.14929410403433652,0.1874681409814727
1D-CNN,14,median (centred),11,0.8257481910274964,0.8292445730824891,0.7659326244442659,0.7694420485061005,0.7742634237799776,0.7783159182657949,0.3496382054992697,0.3509424061834632,0.40524944858173484
1D-CNN,14,median (centred),31,0.8257481910274964,0.8368046309696092,0.7659326244442659,0.7763622485307823,0.7742634237799776,0.7869071632267136,1.1056439942112806,1.0429624086516376,1.2643739446736024
1D-CNN,14,median (centred),61,0.8257481910274964,0.8474674384949349,0.7659326244442659,0.7860793294400015,0.7742634237799776,0.7994084378586154,2.1719247467438474,2.0146704995735565,2.5145014078637784
1D-CNN,14,median (centred),121,0.8257481910274964,0.8591027496382055,0.7659326244442659,0.7972467553398618,0.7742634237799776,0.8135787453823317,3.335455861070913,3.131413089559587,3.931532160235407
1D-CNN,14,majority (centred),5,0.8257481910274964,0.8270101302460202,0.7659326244442659,0.7670486763829266,0.7742634237799776,0.7758332995702187,0.12619392185238,0.11160519386607115,0.15698757902411486
1D-CNN,14,majority (centred),11,0.8257481910274964,0.8285267727930535,0.7659326244442659,0.7687360719780464,0.7742634237799776,0.7776336954919123,0.277858176555712,0.2803447533780479,0.33702717119347136
1D-CNN,14,majority (centred),31,0.8257481910274964,0.835739507959479,0.7659326244442659,0.7754051468700678,0.7742634237799776,0.785878580034192,0.999131693198263,0.9472522425801877,1.1615156254214387
1D-CNN,14,majority (centred),61,0.8257481910274964,0.8464023154848046,0.7659326244442659,0.7853731313805823,0.7742634237799776,0.7986734697657276,2.0654124457308187,1.9440506936316382,2.441004598575003
1D-CNN,14,majority (centred),121,0.8257481910274964,0.8576903039073807,0.7659326244442659,0.7965670933798957,0.7742634237799776,0.8125021503674213,3.1942112879884244,3.063446893562982,3.823872658744376
1D-CNN,14,"majority (causal, trailing)",5,0.8257481910274964,0.8285036179450073,0.7659326244442659,0.7689858090794175,0.7742634237799776,0.7777459952660289,0.27554269175108503,0.30531846351515846,0.34825714860513557
1D-CNN,14,"majority (causal, trailing)",11,0.8257481910274964,0.8324630969609262,0.7659326244442659,0.7739582789674017,0.7742634237799776,0.782793586205142,0.6714905933429827,0.802565452313575,0.8530162425164356
1D-CNN,14,"majority (causal, trailing)",31,0.8257481910274964,0.849424023154848,0.7659326244442659,0.7931247021233098,0.7742634237799776,0.8035525475688338,2.367583212735158,2.719207767904386,2.9289123788856175
1D-CNN,14,"majority (causal, trailing)",61,0.8257481910274964,0.8709580318379161,0.7659326244442659,0.8155357888297171,0.7742634237799776,0.8291467143795899,4.520984081041968,4.960316438545121,5.488329059961227
1D-CNN,14,"majority (causal, trailing)",121,0.8257481910274964,0.8806599131693198,0.7659326244442659,0.821870453898125,0.7742634237799776,0.8383450017598225,5.491172214182338,5.593782945385906,6.408157797984493
1D-CNN,15,median (centred),5,0.8152127351664255,0.8166946454413893,0.815571956170694,0.817259445800616,0.7861715680752633,0.7877519977339213,0.14819102749638047,0.16874896299220454,0.15804296586580113
1D-CNN,15,median (centred),11,0.8152127351664255,0.8182691751085384,0.815571956170694,0.8189300232633672,0.7861715680752633,0.7894256712876477,0.30564399421129096,0.3358067092673167,0.3254103212384396
1D-CNN,15,median (centred),31,0.8152127351664255,0.8258060781476122,0.815571956170694,0.8267378594786173,0.7861715680752633,0.7972246308752688,1.0593342981186749,1.116590330792333,1.1053062800005509
1D-CNN,15,median (centred),61,0.8152127351664255,0.8341302460202605,0.815571956170694,0.8365938597645268,0.7861715680752633,0.8062243297441891,1.8917510853835084,2.1021903593832825,2.005276166892578
1D-CNN,15,median (centred),121,0.8152127351664255,0.8425586107091172,0.815571956170694,0.8419436214155959,0.7861715680752633,0.8141687910518836,2.7345875542691744,2.6371665244901865,2.7997222976620217
1D-CNN,15,majority (centred),5,0.8152127351664255,0.8166020260492041,0.815571956170694,0.8171729395422052,0.7861715680752633,0.7876663238510441,0.13892908827786155,0.16009833715111554,0.14947557757807317
1D-CNN,15,majority (centred),11,0.8152127351664255,0.8181302460202605,0.815571956170694,0.8188137980190264,0.7861715680752633,0.7892881919047028,0.291751085383507,0.32418418483324274,0.31166238294394466
1D-CNN,15,majority (centred),31,0.8152127351664255,0.8250998552821998,0.815571956170694,0.8261688570780711,0.7861715680752633,0.7965069273915534,0.9887120115774306,1.0596900907377083,1.0335359316290038
1D-CNN,15,majority (centred),61,0.8152127351664255,0.8327756874095513,0.815571956170694,0.8356863186478387,0.7861715680752633,0.8049574836021754,1.7562952243125873,2.011436247714471,1.8785915526912111
1D-CNN,15,majority (centred),121,0.8152127351664255,0.840590448625181,0.815571956170694,0.8412278394720408,0.7861715680752633,0.8125447881579033,2.53777134587555,2.5655883301346827,2.637322008263998
1D-CNN,15,"majority (causal, trailing)",5,0.8152127351664255,0.817574529667149,0.815571956170694,0.8181887922416263,0.7861715680752633,0.788612417706899,0.2361794500723602,0.2616836070932327,0.2440849631635711
1D-CNN,15,"majority (causal, trailing)",11,0.8152127351664255,0.8203299565846599,0.815571956170694,0.8210472308628297,0.7861715680752633,0.791398070808719,0.5117221418234452,0.5475274692135712,0.5226502733455707
1D-CNN,15,"majority (causal, trailing)",31,0.8152127351664255,0.8297424023154848,0.815571956170694,0.8317526348820762,0.7861715680752633,0.8014720808561279,1.4529667149059344,1.618067871138218,1.5300512780864528
1D-CNN,15,"majority (causal, trailing)",61,0.8152127351664255,0.8312706222865412,0.815571956170694,0.834317394921598,0.7861715680752633,0.8036836526709901,1.60578871201158,1.8745438750903953,1.751208459572673
1D-CNN,15,"majority (causal, trailing)",121,0.8152127351664255,0.8204688856729377,0.815571956170694,0.8201079903511856,0.7861715680752633,0.7929848746419078,0.5256150506512292,0.4536034180491644,0.6813306566644473
1D-CNN,16,median (centred),5,0.7892329956584659,0.7906801736613603,0.7044149938836451,0.7058260671072721,0.7122857689032438,0.7139008485374463,0.14471780028944004,0.14110732236269907,0.16150796342024876
1D-CNN,16,median (centred),11,0.7892329956584659,0.7931345875542691,0.7044149938836451,0.7080114776024837,0.7122857689032438,0.7165726901533581,0.39015918958031914,0.35964837188385834,0.4286921250114317
1D-CNN,16,median (centred),31,0.7892329956584659,0.8015629522431259,0.7044149938836451,0.7153366651190011,0.7122857689032438,0.725965804781333,1.2329956584659962,1.0921671235355923,1.3680035878089192
1D-CNN,16,median (centred),61,0.7892329956584659,0.8156642547033285,0.7044149938836451,0.7309312252608979,0.7122857689032438,0.7445966583886401,2.6431259044862543,2.6516231377252786,3.231088948539629
1D-CNN,16,median (centred),121,0.7892329956584659,0.8233053545586108,0.7044149938836451,0.731930992082351,0.7122857689032438,0.750624771343276,3.4072358900144817,2.751599819870587,3.833900244003219
1D-CNN,16,majority (centred),5,0.7892329956584659,0.7903212735166425,0.7044149938836451,0.7054533284576258,0.7122857689032438,0.7135671491980311,0.10882778581765562,0.10383345739806149,0.12813802947873043
1D-CNN,16,majority (centred),11,0.7892329956584659,0.7922547033285094,0.7044149938836451,0.7072969518307498,0.7122857689032438,0.71576776606889,0.3021707670043505,0.2881957947104663,0.34819971656462334
1D-CNN,16,majority (centred),31,0.7892329956584659,0.7991664254703329,0.7044149938836451,0.7134744036521369,0.7122857689032438,0.7236751727996191,0.9933429811866956,0.9059409768491733,1.1389403896375327
1D-CNN,16,majority (centred),61,0.7892329956584659,0.8136960926193921,0.7044149938836451,0.7301958174512503,0.7122857689032438,0.7434315943055054,2.446309696092619,2.578082356760514,3.114582540226163
1D-CNN,16,majority (centred),121,0.7892329956584659,0.8194963820549928,0.7044149938836451,0.7306333712810966,0.7122857689032438,0.748817101087876,3.0263386396526815,2.6218377397451476,3.6531332184632226
1D-CNN,16,"majority (causal, trailing)",5,0.7892329956584659,0.7922894356005789,0.7044149938836451,0.707883820798933,0.7122857689032438,0.7159417186871303,0.30564399421129096,0.3468826915287826,0.3655949783886503
1D-CNN,16,"majority (causal, trailing)",11,0.7892329956584659,0.7971403762662808,0.7044149938836451,0.7132625755974704,0.7122857689032438,0.7216246754169581,0.7907380607814818,0.884758171382527,0.9338906513714273
1D-CNN,16,"majority (causal, trailing)",31,0.7892329956584659,0.8152706222865412,0.7044149938836451,0.734033892155343,0.7122857689032438,0.7441841544046377,2.6037626628075294,2.9618898271697836,3.18983855013939
1D-CNN,16,"majority (causal, trailing)",61,0.7892329956584659,0.8342344428364689,0.7044149938836451,0.7530352086072672,0.7122857689032438,0.7666405053557238,4.500144717800292,4.86202147236221,5.435473645248001
1D-CNN,16,"majority (causal, trailing)",121,0.7892329956584659,0.8373256150506513,0.7044149938836451,0.7521240205214679,0.7122857689032438,0.7713120304187373,4.809261939218534,4.770902663782273,5.9026261515493506
1D-CNN,17,median (centred),5,0.8128972503617945,0.8144717800289436,0.8016012309757422,0.804276147896943,0.7644846180952992,0.7664912754752938,0.1574529667149105,0.26749169212008095,0.2006657379994614
1D-CNN,17,median (centred),11,0.8128972503617945,0.8173198263386396,0.8016012309757422,0.8070840202037249,0.7644846180952992,0.7694917965174071,0.44225759768451445,0.5482789227982732,0.500717842210785
1D-CNN,17,median (centred),31,0.8128972503617945,0.8261881331403763,0.8016012309757422,0.8176421247157952,0.7644846180952992,0.7795425094972083,1.3290882778581814,1.604089374005302,1.5057891401909052
1D-CNN,17,median (centred),61,0.8128972503617945,0.8343270622286542,0.8016012309757422,0.8301500528490741,0.7644846180952992,0.7897079850095053,2.142981186685966,2.8548821873331853,2.5223366914206125
1D-CNN,17,median (centred),121,0.8128972503617945,0.835068017366136,0.8016012309757422,0.829109210447712,0.7644846180952992,0.789651736645196,2.2170767004341507,2.7507979471969812,2.5167118549896728
1D-CNN,17,majority (centred),5,0.8128972503617945,0.8145991316931983,0.8016012309757422,0.8043410606744406,0.7644846180952992,0.7666007345808623,0.17018813314038095,0.27398296986983484,0.2116116485563091
1D-CNN,17,majority (centred),11,0.8128972503617945,0.8170072358900144,0.8016012309757422,0.8069522424438108,0.7644846180952992,0.769210780207468,0.41099855282199504,0.53510114680686,0.4726162112168808
1D-CNN,17,majority (centred),31,0.8128972503617945,0.8256208393632417,0.8016012309757422,0.8176534459645873,0.7644846180952992,0.7790868991806215,1.272358900144721,1.6052214988845126,1.4602281085322244
1D-CNN,17,majority (centred),61,0.8128972503617945,0.8343849493487699,0.8016012309757422,0.8311415393828758,0.7644846180952992,0.7898457675316298,2.1487698986975445,2.954030840713362,2.536114943633061
1D-CNN,17,majority (centred),121,0.8128972503617945,0.8351606367583213,0.8016012309757422,0.8314931828922244,0.7644846180952992,0.7904089342659856,2.2263386396526808,2.9891951916482196,2.5924316170686357
1D-CNN,17,"majority (causal, trailing)",5,0.8128972503617945,0.8164978292329956,0.8016012309757422,0.8065121242229337,0.7644846180952992,0.7685482620236584,0.3600578871201132,0.4910893247191517,0.40636439283592285
1D-CNN,17,"majority (causal, trailing)",11,0.8128972503617945,0.8209088277858176,0.8016012309757422,0.8108931638014002,0.7644846180952992,0.7729146183916864,0.8011577424023142,0.9291932825657989,0.8430000296387186
1D-CNN,17,"majority (causal, trailing)",31,0.8128972503617945,0.8347206946454414,0.8016012309757422,0.8268285953996859,0.7644846180952992,0.7876799951909043,2.182344428364691,2.522736442394369,2.319537709560504
1D-CNN,17,"majority (causal, trailing)",61,0.8128972503617945,0.8398379160636759,0.8016012309757422,0.8364013951473837,0.7644846180952992,0.7949521808309044,2.694066570188136,3.4800164171641446,3.0467562735605136
1D-CNN,17,"majority (causal, trailing)",121,0.8128972503617945,0.8181302460202605,0.8016012309757422,0.8088269373200795,0.7644846180952992,0.7713960367948877,0.5232995658466022,0.7225706344337279,0.6911418699588445
1D-CNN,18,median (centred),5,0.7995369030390738,0.8020723589001447,0.7467517181660929,0.7502448874820042,0.7226234902822705,0.7257239263013949,0.25354558610709566,0.3493169315911371,0.3100436019124464
1D-CNN,18,median (centred),11,0.7995369030390738,0.8037047756874095,0.7467517181660929,0.7516774210302835,0.7226234902822705,0.7273056414575084,0.41678726483357353,0.4925702864190584,0.46821511752379585
1D-CNN,18,median (centred),31,0.7995369030390738,0.8134298118668596,0.7467517181660929,0.7639145339576933,0.7226234902822705,0.7390684436540799,1.3892908827785821,1.7162815791600394,1.64449533718094
1D-CNN,18,median (centred),61,0.7995369030390738,0.8208162083936325,0.7467517181660929,0.7757263545512524,0.7226234902822705,0.7486131614388553,2.1279305354558686,2.8974636385159513,2.5989671156584793
1D-CNN,18,median (centred),121,0.7995369030390738,0.8158958031837916,0.7467517181660929,0.7724415220391737,0.7226234902822705,0.7446821976165809,1.6358900144717858,2.568980387308084,2.205870733431048
1D-CNN,18,majority (centred),5,0.7995369030390738,0.8027901591895803,0.7467517181660929,0.750154317083946,0.7226234902822705,0.7263007783233296,0.3253256150506534,0.3402598917853106,0.3677288041059157
1D-CNN,18,majority (centred),11,0.7995369030390738,0.8047467438494935,0.7467517181660929,0.7514994811327673,0.7226234902822705,0.7281913135596064,0.5209840810419752,0.47477629666744514,0.5567823277335959
1D-CNN,18,majority (centred),31,0.7995369030390738,0.814726483357453,0.7467517181660929,0.7646000547655177,0.7226234902822705,0.7407355260523666,1.5189580318379248,1.7848336599424863,1.8112035770096124
1D-CNN,18,majority (centred),61,0.7995369030390738,0.8234095513748191,0.7467517181660929,0.777910446850873,0.7226234902822705,0.7527222101535127,2.3872648335745317,3.115872868478009,3.009871987124224
1D-CNN,18,majority (centred),121,0.7995369030390738,0.819438494934877,0.7467517181660929,0.7745749799916456,0.7226234902822705,0.7492499456979406,1.9901591895803206,2.7823261825552725,2.6626455415670103
1D-CNN,18,"majority (causal, trailing)",5,0.7995369030390738,0.8021418234442836,0.7467517181660929,0.7489852963870295,0.7226234902822705,0.7252619449414338,0.2604920405209876,0.22335782209366162,0.26384546591633473
1D-CNN,18,"majority (causal, trailing)",11,0.7995369030390738,0.803137481910275,0.7467517181660929,0.7489308675258112,0.7226234902822705,0.725842421866799,0.3600578871201243,0.2179149359718302,0.32189315845285726
1D-CNN,18,"majority (causal, trailing)",31,0.7995369030390738,0.8084052098408104,0.7467517181660929,0.757600200007145,0.7226234902822705,0.7341701704388778,0.886830680173667,1.0848481841052138,1.1546680156607314
1D-CNN,18,"majority (causal, trailing)",61,0.7995369030390738,0.8070853835021707,0.7467517181660929,0.7594375109875321,0.7226234902822705,0.7352790288637284,0.7548480463096974,1.2685792821439223,1.265553858145796
1D-CNN,18,"majority (causal, trailing)",121,0.7995369030390738,0.794616497829233,0.7467517181660929,0.7497415820543814,0.7226234902822705,0.7241190895391716,-0.4920405209840717,0.298986388828848,0.14955992569011256
Transformer,1,median (centred),5,0.8351143270622287,0.835739507959479,0.8342414069791225,0.835680064061353,0.8024922175392675,0.8033932452382255,0.0625180897250388,0.14386570822304545,0.09010276989580568
Transformer,1,median (centred),11,0.8351143270622287,0.8377539797395079,0.8342414069791225,0.838804540816954,0.8024922175392675,0.8058110417547901,0.26396526772792805,0.4563133837831468,0.3318824215522653
Transformer,1,median (centred),31,0.8351143270622287,0.8434848046309696,0.8342414069791225,0.8486566454899123,0.8024922175392675,0.8131541592567716,0.8370477568740986,1.441523851078974,1.066194171750412
Transformer,1,median (centred),61,0.8351143270622287,0.8494008683068017,0.8342414069791225,0.8579283083625091,0.8024922175392675,0.8206705213447142,1.428654124457307,2.3686901383386583,1.8178303805446716
Transformer,1,median (centred),121,0.8351143270622287,0.8562547033285094,0.8342414069791225,0.8652558330007043,0.8024922175392675,0.8282794016953007,2.1140376266280736,3.1014426021581776,2.5787184156033205
Transformer,1,majority (centred),5,0.8351143270622287,0.8357510853835022,0.8342414069791225,0.8356899336134465,0.8024922175392675,0.8033906176478428,0.06367583212735228,0.14485266343239322,0.08984001085753368
Transformer,1,majority (centred),11,0.8351143270622287,0.8377308248914617,0.8342414069791225,0.8389735991813252,0.8024922175392675,0.8057982966017393,0.2616497829233011,0.47321922022026675,0.3306079062471823
Transformer,1,majority (centred),31,0.8351143270622287,0.8433574529667149,0.8342414069791225,0.8492092414985416,0.8024922175392675,0.813099401624013,0.8243125904486281,1.4967834519419076,1.060718408474548
Transformer,1,majority (centred),61,0.8351143270622287,0.8514732272069464,0.8342414069791225,0.8616613576637259,0.8024922175392675,0.8228808594364442,1.6358900144717747,2.7419950684603345,2.0388641897176707
Transformer,1,majority (centred),121,0.8351143270622287,0.8552243125904486,0.8342414069791225,0.8667599285298095,0.8024922175392675,0.8272874161161073,2.0109985528219965,3.251852155068702,2.479519857683987
Transformer,1,"majority (causal, trailing)",5,0.8351143270622287,0.8369667149059334,0.8342414069791225,0.8370238316267629,0.8024922175392675,0.8046064900109456,0.18523878437047836,0.2782424647640336,0.2114272471678169
Transformer,1,"majority (causal, trailing)",11,0.8351143270622287,0.8407062228654124,0.8342414069791225,0.8423044286710873,0.8024922175392675,0.8088070521052751,0.5591895803183755,0.8063021691964822,0.6314834566007677
Transformer,1,"majority (causal, trailing)",31,0.8351143270622287,0.8515774240231548,0.8342414069791225,0.8588268199678203,0.8024922175392675,0.8216327270917113,1.6463096960926182,2.4585412988697763,1.914050955244384
Transformer,1,"majority (causal, trailing)",61,0.8351143270622287,0.859589001447178,0.8342414069791225,0.8717991007870257,0.8024922175392675,0.83162034747589,2.4474674384949324,3.755769380790319,2.9128129936622504
Transformer,1,"majority (causal, trailing)",121,0.8351143270622287,0.8508017366136035,0.8342414069791225,0.8642625471269145,0.8024922175392675,0.8241073657688361,1.568740955137482,3.0021140147792003,2.161514822956867
Transformer,2,median (centred),5,0.8188943560057887,0.81989001447178,0.8219996676263239,0.8230872680602893,0.803335909185681,0.8043571336163913,0.0995658465991256,0.10876004339653855,0.1021224430710288
Transformer,2,median (centred),11,0.8188943560057887,0.820630969609262,0.8219996676263239,0.8240616102463428,0.803335909185681,0.8051792614774619,0.17366136034732138,0.20619426200189084,0.18433522917808975
Transformer,2,median (centred),31,0.8188943560057887,0.8264775687409551,0.8219996676263239,0.8319150717431193,0.803335909185681,0.8118418036367837,0.7583212735166378,0.9915404116795368,0.8505894451102725
Transformer,2,median (centred),61,0.8188943560057887,0.8355079594790159,0.8219996676263239,0.8435786228435799,0.803335909185681,0.8218640980692206,1.6613603473227156,2.1578955217255946,1.8528188883539576
Transformer,2,median (centred),121,0.8188943560057887,0.8445730824891462,0.8219996676263239,0.8543110184945443,0.803335909185681,0.8319008829581301,2.567872648335745,3.2311350868220345,2.8564973772449154
Transformer,2,majority (centred),5,0.8188943560057887,0.8200984081041968,0.8219996676263239,0.8232808285962102,0.803335909185681,0.8045403597695908,0.1204052098408015,0.12811609698862858,0.1204450583909833
Transformer,2,majority (centred),11,0.8188943560057887,0.8210477568740955,0.8219996676263239,0.8244884687279814,0.803335909185681,0.8055451982584803,0.21534008683067318,0.24888011016575007,0.22092890727992698
Transformer,2,majority (centred),31,0.8188943560057887,0.8265817655571636,0.8219996676263239,0.8324459337240787,0.803335909185681,0.8119870697477412,0.7687409551374813,1.0446266097754786,0.8651160562060167
Transformer,2,majority (centred),61,0.8188943560057887,0.8359015918958032,0.8219996676263239,0.8446471193846015,0.803335909185681,0.8222859270088314,1.7007235890014405,2.2647451758277537,1.8950017823150422
Transformer,2,majority (centred),121,0.8188943560057887,0.8451982633863965,0.8219996676263239,0.8562857052993457,0.803335909185681,0.8325866667511436,2.6303907380607727,3.428603767302174,2.925075756546258
Transformer,2,"majority (causal, trailing)",5,0.8188943560057887,0.8214761215629522,0.8219996676263239,0.8247927582635893,0.803335909185681,0.8059682153550428,0.25817655571634957,0.2793090637265405,0.2632306169361831
Transformer,2,"majority (causal, trailing)",11,0.8188943560057887,0.8246483357452967,0.8219996676263239,0.8284633896514038,0.803335909185681,0.809288482815251,0.5753979739507975,0.6463722025079832,0.5952573629570024
Transformer,2,"majority (causal, trailing)",31,0.8188943560057887,0.8363762662807526,0.8219996676263239,0.8428472576213876,0.803335909185681,0.8219192076611712,1.7481910274963819,2.0847589995063642,1.8583298475490229
Transformer,2,"majority (causal, trailing)",61,0.8188943560057887,0.8511953690303907,0.8219996676263239,0.8614455273996798,0.803335909185681,0.8380658901588666,3.2301013024601977,3.9445859773355907,3.472998097318558
Transformer,2,"majority (causal, trailing)",121,0.8188943560057887,0.8443068017366137,0.8219996676263239,0.85459044533478,0.803335909185681,0.831296733241705,2.5412445730824906,3.2590777708456087,2.796082405602407
Transformer,3,median (centred),5,0.8260376266280752,0.8276816208393633,0.8168914750035632,0.8185639898894369,0.8011296358128547,0.8028743518046357,0.16439942112880246,0.16725148858737215,0.1744715991781054
Transformer,3,median (centred),11,0.8260376266280752,0.8297771345875543,0.8168914750035632,0.8205290201942951,0.8011296358128547,0.8050386738228635,0.37395079594790825,0.36375451907318945,0.39090380100088584
Transformer,3,median (centred),31,0.8260376266280752,0.83610998552822,0.8168914750035632,0.8265505752103866,0.8011296358128547,0.8114409777661753,1.0072358900144796,0.9659100206823368,1.0311341953320619
Transformer,3,median (centred),61,0.8260376266280752,0.8479305354558611,0.8168914750035632,0.8395777823163096,0.8011296358128547,0.8245470639974016,2.189290882778583,2.2686307312746457,2.341742818454695
Transformer,3,median (centred),121,0.8260376266280752,0.8555369030390738,0.8168914750035632,0.8455547739888115,0.8011296358128547,0.8321020192882317,2.9499276410998587,2.866329898524833,3.0972383475377008
Transformer,3,majority (centred),5,0.8260376266280752,0.8275079594790159,0.8168914750035632,0.8184110650272468,0.8011296358128547,0.8027138226697933,0.147033285094067,0.15195900236836257,0.15841868569386186
Transformer,3,majority (centred),11,0.8260376266280752,0.8291866859623733,0.8168914750035632,0.8200555254917262,0.8011296358128547,0.8044896667229664,0.3149059334298099,0.31640504881630394,0.3360030910111722
Transformer,3,majority (centred),31,0.8260376266280752,0.8356931982633864,0.8168914750035632,0.8264687618478154,0.8011296358128547,0.811154683652021,0.9655571635311166,0.9577286844252186,1.0025047839166357
Transformer,3,majority (centred),61,0.8260376266280752,0.8474327062228654,0.8168914750035632,0.8396942579036336,0.8011296358128547,0.8242821864436629,2.1395079594790145,2.280278290007043,2.3152550630808233
Transformer,3,majority (centred),121,0.8260376266280752,0.8549348769898698,0.8168914750035632,0.8458630538522915,0.8011296358128547,0.8319401392180495,2.889725036179458,2.8971578848728363,3.0810503405194867
Transformer,3,"majority (causal, trailing)",5,0.8260376266280752,0.8295803183791607,0.8168914750035632,0.8207362289352985,0.8011296358128547,0.80486182274465,0.35426917510854583,0.3844753931735334,0.3732186931795334
Transformer,3,"majority (causal, trailing)",11,0.8260376266280752,0.83372503617945,0.8168914750035632,0.825168306524064,0.8011296358128547,0.809217728971103,0.7687409551374813,0.8276831520500849,0.8088093158248322
Transformer,3,"majority (causal, trailing)",31,0.8260376266280752,0.8475369030390738,0.8168914750035632,0.8399107534494474,0.8011296358128547,0.8235479412315286,2.149927641099858,2.301927844588425,2.2418305418673956
Transformer,3,"majority (causal, trailing)",61,0.8260376266280752,0.8611056439942113,0.8168914750035632,0.8538347571682348,0.8011296358128547,0.8375460063631559,3.5068017366136073,3.6943282164671576,3.6416370550301225
Transformer,3,"majority (causal, trailing)",121,0.8260376266280752,0.8560926193921853,0.8168914750035632,0.847360834851063,0.8011296358128547,0.8333514062087004,3.0054992764110056,3.0469359847499766,3.222177039584573
Transformer,4,median (centred),5,0.8300086830680173,0.8312358900144717,0.8188389038359135,0.8207056166537704,0.7950288780523233,0.7966483942396438,0.12272069464543955,0.1866712817856886,0.1619516187320591
Transformer,4,median (centred),11,0.8300086830680173,0.8330072358900145,0.8188389038359135,0.82313627666275,0.7950288780523233,0.7987454329190063,0.29985528219971247,0.42973728268365097,0.3716554866683097
Transformer,4,median (centred),31,0.8300086830680173,0.8387149059334298,0.8188389038359135,0.8297970598251382,0.7950288780523233,0.8052195028760859,0.870622286541245,1.0958155989224672,1.019062482376265
Transformer,4,median (centred),61,0.8300086830680173,0.8498755426917511,0.8188389038359135,0.8439339488762257,0.7950288780523233,0.8186257656582341,1.9866859623733801,2.5095045040312236,2.3596887605910832
Transformer,4,median (centred),121,0.8300086830680173,0.8585701881331403,0.8188389038359135,0.8545555428389268,0.7950288780523233,0.8283430161843932,2.8561505065123005,3.571663900301325,3.331413813206996
Transformer,4,majority (centred),5,0.8300086830680173,0.8312706222865412,0.8188389038359135,0.8207134251622289,0.7950288780523233,0.7966708290016772,0.1261939218523911,0.18745213263153815,0.1641950949353932
Transformer,4,majority (centred),11,0.8300086830680173,0.8329493487698987,0.8188389038359135,0.8231051909880872,0.7950288780523233,0.7986759268345421,0.294066570188134,0.4266287152173698,0.3647048782218887
Transformer,4,majority (centred),31,0.8300086830680173,0.8389348769898698,0.8188389038359135,0.8301567135199702,0.7950288780523233,0.8053329873883587,0.8926193921852454,1.1317809684056712,1.0304109336035427
Transformer,4,majority (centred),61,0.8300086830680173,0.8486251808972504,0.8188389038359135,0.843186303538908,0.7950288780523233,0.8173473914160864,1.8616497829233025,2.4347399702994488,2.2318513363763115
Transformer,4,majority (centred),121,0.8300086830680173,0.8574934876989869,0.8188389038359135,0.8550925037035645,0.7950288780523233,0.8273965115958587,2.7484804630969584,3.6253599867650976,3.2367633543535446
Transformer,4,"majority (causal, trailing)",5,0.8300086830680173,0.8329609261939218,0.8188389038359135,0.8223702842134047,0.7950288780523233,0.7982538879904869,0.29522431259044746,0.35313803774912333,0.3225009938163659
Transformer,4,"majority (causal, trailing)",11,0.8300086830680173,0.8369088277858177,0.8188389038359135,0.8268875301447739,0.7950288780523233,0.802293371731854,0.6900144717800316,0.8048626308860385,0.7264493679530748
Transformer,4,"majority (causal, trailing)",31,0.8300086830680173,0.852630969609262,0.8188389038359135,0.8445543884881342,0.7950288780523233,0.8187343180501978,2.262228654124465,2.5715484652220733,2.3705439997874556
Transformer,4,"majority (causal, trailing)",61,0.8300086830680173,0.8707149059334298,0.8188389038359135,0.8654675098222774,0.7950288780523233,0.8384767448789718,4.070622286541248,4.662860598636387,4.344786682664859
Transformer,4,"majority (causal, trailing)",121,0.8300086830680173,0.8678552821997105,0.8188389038359135,0.8638123982619358,0.7950288780523233,0.8363461940680995,3.7846599131693193,4.497349442602228,4.131731601577626
Transformer,5,median (centred),5,0.821534008683068,0.8227033285094066,0.815288378103781,0.816587752806778,0.7894016984541364,0.7906261391882762,0.11693198263386106,0.12993747029970137,0.12244407341397423
Transformer,5,median (centred),11,0.821534008683068,0.8239536903039074,0.815288378103781,0.8175081540135788,0.7894016984541364,0.791772572580427,0.24196816208393868,0.22197759097978276,0.23708741262905564
Transformer,5,median (centred),31,0.821534008683068,0.8291056439942113,0.815288378103781,0.8241197945151059,0.7894016984541364,0.7974996694129226,0.7571635311143243,0.8831416411324899,0.8097970958786171
Transformer,5,median (centred),61,0.821534008683068,0.8399536903039074,0.815288378103781,0.8356631372855775,0.7894016984541364,0.8094235700190732,1.84196816208394,2.0374759181796542,2.0021871564936733
Transformer,5,median (centred),121,0.821534008683068,0.8467380607814762,0.815288378103781,0.8426109648813981,0.7894016984541364,0.817631978455652,2.5204052098408147,2.732258677761712,2.8230280001515617
Transformer,5,majority (centred),5,0.821534008683068,0.8223444283646889,0.815288378103781,0.8162663118165522,0.7894016984541364,0.7902850686159577,0.08104196816208775,0.09779337127712173,0.0883370161821273
Transformer,5,majority (centred),11,0.821534008683068,0.8232243125904486,0.815288378103781,0.8168602257206481,0.7894016984541364,0.7910350638590328,0.16903039073805637,0.1571847616867128,0.16333654048963364
Transformer,5,majority (centred),31,0.821534008683068,0.8280173661360347,0.815288378103781,0.8233890858073888,0.7894016984541364,0.796417590585084,0.6483357452966687,0.8100707703607823,0.7015892130947554
Transformer,5,majority (centred),61,0.821534008683068,0.8374413892908827,0.815288378103781,0.8343090618935127,0.7894016984541364,0.8071085121305331,1.5907380607814714,1.9020683789731763,1.7706813676396704
Transformer,5,majority (centred),121,0.821534008683068,0.8455571635311143,0.815288378103781,0.8424830414586045,0.7894016984541364,0.8165170147920159,2.402315484804629,2.7194663354823567,2.7115316337879447
Transformer,5,"majority (causal, trailing)",5,0.821534008683068,0.8245788712011577,0.815288378103781,0.8188277936990799,0.7894016984541364,0.7925627658327121,0.3044862518089664,0.35394155952989115,0.3161067378575688
Transformer,5,"majority (causal, trailing)",11,0.821534008683068,0.8282720694645441,0.815288378103781,0.8225201906587422,0.7894016984541364,0.7960960223483183,0.6738060781476096,0.7231812554961192,0.6694323894181897
Transformer,5,"majority (causal, trailing)",31,0.821534008683068,0.8399884225759768,0.815288378103781,0.8366802212166974,0.7894016984541364,0.8083017888478637,1.8454413892908805,2.139184311291642,1.890009039372731
Transformer,5,"majority (causal, trailing)",61,0.821534008683068,0.8503617945007236,0.815288378103781,0.8489916797868009,0.7894016984541364,0.8202240955204378,2.882778581765555,3.3703301683019937,3.082239706630141
Transformer,5,"majority (causal, trailing)",121,0.821534008683068,0.8449435600578871,0.815288378103781,0.841419331681687,0.7894016984541364,0.8155450904284421,2.3409551374819038,2.613095357790607,2.6143391974305707
Transformer,6,median (centred),5,0.7927178002894356,0.7946049204052098,0.7852418264895723,0.7871560080882501,0.7733061921148611,0.7754093008941294,0.1887120115774188,0.19141815986778443,0.21031087792683367
Transformer,6,median (centred),11,0.7927178002894356,0.7975571635311143,0.7852418264895723,0.7898187711209542,0.7733061921148611,0.7785881248511779,0.48393632416786625,0.45769446313819184,0.528193273631683
Transformer,6,median (centred),31,0.7927178002894356,0.8054298118668596,0.7852418264895723,0.7983429071990703,0.7733061921148611,0.7871852565198152,1.2712011577423965,1.3101080709498003,1.3879064404954122
Transformer,6,median (centred),61,0.7927178002894356,0.8140202604920406,0.7852418264895723,0.8073316059595598,0.7733061921148611,0.7963311078717726,2.1302460202604956,2.208977946998747,2.302491575691157
Transformer,6,median (centred),121,0.7927178002894356,0.8237221418234443,0.7852418264895723,0.816988028378132,0.7733061921148611,0.8055182646437548,3.100434153400866,3.17462018885597,3.2212072528893687
Transformer,6,majority (centred),5,0.7927178002894356,0.7940839363241678,0.7852418264895723,0.7866487989829495,0.7733061921148611,0.7748529576205803,0.1366136034732235,0.14069724933771788,0.15467655057191942
Transformer,6,majority (centred),11,0.7927178002894356,0.7964341534008683,0.7852418264895723,0.7888733273234458,0.7733061921148611,0.7773898649166356,0.3716353111432702,0.36315008338735355,0.4083672801774574
Transformer,6,majority (centred),31,0.7927178002894356,0.803369030390738,0.7852418264895723,0.796575792430164,0.7733061921148611,0.7848736779677689,1.0651230101302422,1.1333965940591662,1.1567485852907788
Transformer,6,majority (centred),61,0.7927178002894356,0.8092040520984081,0.7852418264895723,0.8030858082198055,0.7733061921148611,0.7911979331539231,1.6486251808972452,1.784398173023316,1.7891741039061992
Transformer,6,majority (centred),121,0.7927178002894356,0.8177829232995658,0.7852418264895723,0.8119903173570829,0.7733061921148611,0.7994376044659011,2.5065123010130197,2.6748490867510633,2.6131412351039995
Transformer,6,"majority (causal, trailing)",5,0.7927178002894356,0.7960289435600579,0.7852418264895723,0.7886599753465641,0.7733061921148611,0.7767617136858022,0.3311143270622319,0.3418148856991765,0.3455521570941089
Transformer,6,"majority (causal, trailing)",11,0.7927178002894356,0.800891461649783,0.7852418264895723,0.793337046694917,0.7733061921148611,0.7816813193719062,0.8173661360347362,0.80952202053447,0.8375127257045145
Transformer,6,"majority (causal, trailing)",31,0.7927178002894356,0.8144023154848047,0.7852418264895723,0.8073206130654383,0.7733061921148611,0.7951288472641637,2.168451519536907,2.207878657586604,2.1822655149302594
Transformer,6,"majority (causal, trailing)",61,0.7927178002894356,0.8248451519536903,0.7852418264895723,0.8193663652238996,0.7733061921148611,0.8062128825340732,3.2127351664254733,3.4124538734327303,3.2906690419212126
Transformer,6,"majority (causal, trailing)",121,0.7927178002894356,0.827068017366136,0.7852418264895723,0.8227917877951786,0.7733061921148611,0.8093711164141965,3.4350217076700384,3.7549961305606283,3.606492429933539
Transformer,7,median (centred),5,0.6997858176555717,0.7005267727930535,0.7208097553370791,0.7214125463462645,0.6926231745283453,0.6932603434998813,0.07409551374818468,0.06027910091853661,0.0637168971535984
Transformer,7,median (centred),11,0.6997858176555717,0.701684515195369,0.7208097553370791,0.7224873794828174,0.6926231745283453,0.6943180454678144,0.18986975397973227,0.16776241457382435,0.1694870939469073
Transformer,7,median (centred),31,0.6997858176555717,0.7044399421128799,0.7208097553370791,0.7250879338437063,0.6926231745283453,0.6969265132319667,0.4654124457308173,0.42781785066271505,0.4303338703621429
Transformer,7,median (centred),61,0.6997858176555717,0.7137366136034732,0.7208097553370791,0.7337229729100176,0.6926231745283453,0.70543977750852,1.3950795947901495,1.2913217572938507,1.281660298017473
Transformer,7,median (centred),121,0.6997858176555717,0.724630969609262,0.7208097553370791,0.743443217196121,0.6926231745283453,0.715145496281461,2.4845151953690303,2.2633461859041915,2.2522321753115637
Transformer,7,majority (centred),5,0.6997858176555717,0.7005846599131693,0.7208097553370791,0.7214688547306854,0.6926231745283453,0.6933229000337029,0.07988422575976317,0.06590993936063105,0.06997255053575735
Transformer,7,majority (centred),11,0.6997858176555717,0.7017308248914617,0.7208097553370791,0.7225578758393624,0.6926231745283453,0.6943890378014775,0.19450072358899728,0.17481205022832347,0.17658632731322177
Transformer,7,majority (centred),31,0.6997858176555717,0.7046020260492041,0.7208097553370791,0.7253778990933534,0.6926231745283453,0.6971592504302428,0.4816208393632393,0.45681437562742344,0.45360759018975294
Transformer,7,majority (centred),61,0.6997858176555717,0.7140839363241679,0.7208097553370791,0.7343375778377275,0.6926231745283453,0.7059244069652545,1.4298118668596205,1.3527822500648323,1.3301232436909172
Transformer,7,majority (centred),121,0.6997858176555717,0.7240868306801737,0.7208097553370791,0.743484919377379,0.6926231745283453,0.7149640042433857,2.430101302460197,2.26751640402999,2.2340829715040367
Transformer,7,"majority (causal, trailing)",5,0.6997858176555717,0.6994616497829232,0.7208097553370791,0.7202468191572612,0.6926231745283453,0.6921802637015281,-0.03241678726484398,-0.05629361798179522,-0.044291082681724436
Transformer,7,"majority (causal, trailing)",11,0.6997858176555717,0.6992185238784371,0.7208097553370791,0.7198940148287201,0.6926231745283453,0.6918489437976737,-0.056729377713460316,-0.09157405083590753,-0.07742307306716212
Transformer,7,"majority (causal, trailing)",31,0.6997858176555717,0.6977481910274964,0.7208097553370791,0.718298992810106,0.6926231745283453,0.6902600911564568,-0.2037626628075273,-0.25107625269731315,-0.2363083371888508
Transformer,7,"majority (causal, trailing)",61,0.6997858176555717,0.7007698986975398,0.7208097553370791,0.7207237148966695,0.6926231745283453,0.6924787669456309,0.09840810419681212,-0.008604044040960712,-0.01444075827143898
Transformer,7,"majority (causal, trailing)",121,0.6997858176555717,0.6963241678726483,0.7208097553370791,0.7150451481863844,0.6926231745283453,0.6869465518668809,-0.3461649782923404,-0.5764607150694712,-0.5676622661464403
Transformer,8,median (centred),5,0.4531751085383502,0.4533371924746744,0.5264167215632908,0.5266124786785233,0.3972908123990819,0.39732925160168886,0.01620839363242199,0.019575711523256434,0.0038439202606932454
Transformer,8,median (centred),11,0.4531751085383502,0.4529551374819103,0.5264167215632908,0.526440521918785,0.3972908123990819,0.3968826095980511,-0.02199710564398938,0.002380035549420789,-0.04082028010308214
Transformer,8,median (centred),31,0.4531751085383502,0.4546917510853835,0.5264167215632908,0.5292913192413435,0.3972908123990819,0.397702430498873,0.151664254703332,0.28745976780527593,0.04116180997910668
Transformer,8,median (centred),61,0.4531751085383502,0.46059623733719246,0.5264167215632908,0.5356263264790782,0.3972908123990819,0.4026116033970441,0.7421128798842269,0.9209604915787373,0.5320790997962177
Transformer,8,median (centred),121,0.4531751085383502,0.46952243125904486,0.5264167215632908,0.5447122532221456,0.3972908123990819,0.409494075715825,1.6347322720694668,1.829553165885478,1.2203263316743096
Transformer,8,majority (centred),5,0.4531751085383502,0.4533371924746744,0.5264167215632908,0.5266124786785233,0.3972908123990819,0.39732925160168886,0.01620839363242199,0.019575711523256434,0.0038439202606932454
Transformer,8,majority (centred),11,0.4531751085383502,0.4529551374819103,0.5264167215632908,0.526440521918785,0.3972908123990819,0.3968826095980511,-0.02199710564398938,0.002380035549420789,-0.04082028010308214
Transformer,8,majority (centred),31,0.4531751085383502,0.45470332850940665,0.5264167215632908,0.5293046551259543,0.3972908123990819,0.3976506504511776,0.15282199710564548,0.28879335626634806,0.03598380520956623
Transformer,8,majority (centred),61,0.4531751085383502,0.46086251808972506,0.5264167215632908,0.5358648460931409,0.3972908123990819,0.4026631592595098,0.7687409551374869,0.944812452985011,0.5372346860427868
Transformer,8,majority (centred),121,0.4531751085383502,0.4699971056439942,0.5264167215632908,0.5452121104980946,0.3972908123990819,0.40958892986446993,1.6821997105644027,1.8795388934803814,1.2298117465388003
Transformer,8,"majority (causal, trailing)",5,0.4531751085383502,0.4530246020260492,0.5264167215632908,0.5263253069253269,0.3972908123990819,0.3970642017472477,-0.015050651230097412,-0.00914146379639158,-0.02266106518342137
Transformer,8,"majority (causal, trailing)",11,0.4531751085383502,0.45173950795947904,0.5264167215632908,0.525210813469322,0.3972908123990819,0.39577809746156123,-0.14356005788711546,-0.12059080939688105,-0.15127149375206983
Transformer,8,"majority (causal, trailing)",31,0.4531751085383502,0.4504544138929088,0.5264167215632908,0.5248558633657187,0.3972908123990819,0.39379359831052163,-0.27206946454413905,-0.15608581975721236,-0.34972140885602965
Transformer,8,"majority (causal, trailing)",61,0.4531751085383502,0.45224891461649785,0.5264167215632908,0.5269326199620902,0.3972908123990819,0.3950604134389522,-0.09261939218523363,0.0515898398799397,-0.22303989601297203
Transformer,8,"majority (causal, trailing)",121,0.4531751085383502,0.45054703328509405,0.5264167215632908,0.5249076028349197,0.3972908123990819,0.39231741438475315,-0.2628075253256146,-0.15091187283711172,-0.4973398014328778
Transformer,9,median (centred),5,0.5792648335745296,0.5802257597684515,0.6212334657711823,0.6220447419128449,0.5595815141335237,0.5608272687291058,0.09609261939218516,0.08112761416625425,0.12457545955820715
Transformer,9,median (centred),11,0.5792648335745296,0.5820086830680173,0.6212334657711823,0.6235027517066353,0.5595815141335237,0.5631085662014086,0.27438494934877156,0.2269285935452947,0.35270520678848394
Transformer,9,median (centred),31,0.5792648335745296,0.5890593342981186,0.6212334657711823,0.6299512885465033,0.5595815141335237,0.5716447413383353,0.9794500723589006,0.871782277532096,1.2063227204811566
Transformer,9,median (centred),61,0.5792648335745296,0.6018986975397974,0.6212334657711823,0.6423589578560892,0.5595815141335237,0.5871385451506564,2.2633863965267786,2.1125492084906883,2.7557031017132694
Transformer,9,median (centred),121,0.5792648335745296,0.611959479015919,0.6212334657711823,0.652653904590363,0.5595815141335237,0.5988683234582032,3.2694645441389336,3.1420438819180663,3.928680932467943
Transformer,9,majority (centred),5,0.5792648335745296,0.5794616497829232,0.6212334657711823,0.6214327300306398,0.5595815141335237,0.5598613835075867,0.019681620839362424,0.019926425945748782,0.027986937406299095
Transformer,9,majority (centred),11,0.5792648335745296,0.5805846599131693,0.6212334657711823,0.6223894070819033,0.5595815141335237,0.5612273542150135,0.13198263386396958,0.11559413107209426,0.16458400814897134
Transformer,9,majority (centred),31,0.5792648335745296,0.5838031837916063,0.6212334657711823,0.6257739673181691,0.5595815141335237,0.5649233453477247,0.4538350217076714,0.45405015469868193,0.5341831214200954
Transformer,9,majority (centred),61,0.5792648335745296,0.5910159189580318,0.6212334657711823,0.6337570375448099,0.5595815141335237,0.5733634073948474,1.1751085383502224,1.2523571773627618,1.378189326132362
Transformer,9,majority (centred),121,0.5792648335745296,0.5953458755426918,0.6212334657711823,0.6396716208426741,0.5595815141335237,0.5775913972178283,1.608104196816218,1.8438155071491824,1.8009883084304512
Transformer,9,"majority (causal, trailing)",5,0.5792648335745296,0.5785007235890014,0.6212334657711823,0.620422525686043,0.5595815141335237,0.5589590112891801,-0.07641099855282274,-0.08109400851393778,-0.06225028443436198
Transformer,9,"majority (causal, trailing)",11,0.5792648335745296,0.5783733719247467,0.6212334657711823,0.6201268013907403,0.5595815141335237,0.5591265222056175,-0.0891461649782932,-0.11066643804420462,-0.0454991927906212
Transformer,9,"majority (causal, trailing)",31,0.5792648335745296,0.5777713458755427,0.6212334657711823,0.6197390152237916,0.5595815141335237,0.5591596231333121,-0.14934876989869394,-0.14944505473907244,-0.04218910002116161
Transformer,9,"majority (causal, trailing)",61,0.5792648335745296,0.5794963820549928,0.6212334657711823,0.621741305863822,0.5595815141335237,0.5623898787183169,0.02315484804631396,0.050784009263971086,0.2808364584793166
Transformer,9,"majority (causal, trailing)",121,0.5792648335745296,0.5718437047756874,0.6212334657711823,0.6150986267440773,0.5595815141335237,0.5553996631638453,-0.7421128798842269,-0.6134839027104988,-0.4181850969678491
Transformer,10,median (centred),5,0.842767004341534,0.8447698986975398,0.848591988913738,0.8505141576804868,0.8065001760426299,0.8086642649048118,0.20028943560058687,0.19221687667487775,0.216408886218189
Transformer,10,median (centred),11,0.842767004341534,0.8469001447178003,0.848591988913738,0.8526681000088453,0.8065001760426299,0.8109454755183793,0.4133140376266331,0.40761110951073043,0.44452994757493425
Transformer,10,median (centred),31,0.842767004341534,0.8525846599131693,0.848591988913738,0.8579816017445169,0.8065001760426299,0.8170951063278972,0.9817655571635386,0.9389612830778882,1.0594930285267257
Transformer,10,median (centred),61,0.842767004341534,0.8611056439942113,0.848591988913738,0.8648198570482242,0.8065001760426299,0.825940382653186,1.8338639652677347,1.6227868134486179,1.944020661055612
Transformer,10,median (centred),121,0.842767004341534,0.8670101302460202,0.848591988913738,0.8679965633473271,0.8065001760426299,0.8324152414588442,2.4243125904486296,1.9404574433589117,2.5915065416214245
Transformer,10,majority (centred),5,0.842767004341534,0.8447467438494934,0.848591988913738,0.8504887325304927,0.8065001760426299,0.8086411413335611,0.19797395079594882,0.1896743616754737,0.21409652909312182
Transformer,10,majority (centred),11,0.842767004341534,0.8467727930535456,0.848591988913738,0.8525590983271151,0.8065001760426299,0.8108012566304591,0.40057887120116265,0.3967109413377079,0.4301080587829187
Transformer,10,majority (centred),31,0.842767004341534,0.8522720694645441,0.848591988913738,0.8577222606980303,0.8065001760426299,0.816657606053795,0.9505065123010192,0.9130271784292265,1.0157430011165092
Transformer,10,majority (centred),61,0.842767004341534,0.8609782923299566,0.848591988913738,0.8651188811785696,0.8065001760426299,0.8256274159382105,1.8211287988422642,1.6526892264831616,1.9127239895580628
Transformer,10,majority (centred),121,0.842767004341534,0.8685267727930536,0.848591988913738,0.8705972538168693,0.8065001760426299,0.8339265772515118,2.5759768451519616,2.200526490313126,2.7426401208881845
Transformer,10,"majority (causal, trailing)",5,0.842767004341534,0.8464602026049204,0.848591988913738,0.8523496375077059,0.8065001760426299,0.8103404108380549,0.36931982633864324,0.3757648593967877,0.3840234795424946
Transformer,10,"majority (causal, trailing)",11,0.842767004341534,0.850986975397974,0.848591988913738,0.8571871057757571,0.8065001760426299,0.8150155229309819,0.8219971056440012,0.8595116862019081,0.8515346888351982
Transformer,10,"majority (causal, trailing)",31,0.842767004341534,0.8604341534008683,0.848591988913738,0.8668655591245599,0.8065001760426299,0.824946636490019,1.7667149059334308,1.8273570210821877,1.8446460447389068
Transformer,10,"majority (causal, trailing)",61,0.842767004341534,0.864602026049204,0.848591988913738,0.8698655921434795,0.8065001760426299,0.8298669595245771,2.1835021707670044,2.127360322974148,2.3366783481947206
Transformer,10,"majority (causal, trailing)",121,0.842767004341534,0.8569956584659914,0.848591988913738,0.8586885917013958,0.8065001760426299,0.8229863834023848,1.4228654124457396,1.0096602787657782,1.6486207359754923
Transformer,11,median (centred),5,0.7731403762662807,0.7728625180897251,0.7721628741412911,0.7727796971241144,0.6997237995116109,0.69981187613917,-0.027785817655567868,0.06168229828232841,0.008807662755905277
Transformer,11,median (centred),11,0.7731403762662807,0.7746222865412445,0.7721628741412911,0.775695713805108,0.6997237995116109,0.7017858064739689,0.14819102749638047,0.35328396638169,0.20620069623580317
Transformer,11,median (centred),31,0.7731403762662807,0.7785354558610709,0.7721628741412911,0.7858193959901949,0.6997237995116109,0.7071293019630103,0.5395079594790131,1.3656521848903758,0.7405502451399371
Transformer,11,median (centred),61,0.7731403762662807,0.7851461649782924,0.7721628741412911,0.7936178475687713,0.6997237995116109,0.7136050121895506,1.2005788712011634,2.145497342748015,1.3881212677939736
Transformer,11,median (centred),121,0.7731403762662807,0.7856324167872648,0.7721628741412911,0.7969317610795962,0.6997237995116109,0.7151932588306386,1.2492040520984071,2.4768886938305035,1.5469459319027656
Transformer,11,majority (centred),5,0.7731403762662807,0.7728972503617945,0.7721628741412911,0.7727612280754297,0.6997237995116109,0.6998294416868921,-0.024312590448627436,0.05983539341385402,0.010564217528119535
Transformer,11,majority (centred),11,0.7731403762662807,0.7746917510853835,0.7721628741412911,0.7756731971916996,0.6997237995116109,0.7018288799333569,0.15513748191027243,0.3510323050408437,0.2105080421745953
Transformer,11,majority (centred),31,0.7731403762662807,0.7786743849493488,0.7721628741412911,0.7860758120808619,0.6997237995116109,0.7073164744977612,0.5534008683068081,1.3912937939570713,0.759267498615035
Transformer,11,majority (centred),61,0.7731403762662807,0.7848104196816208,0.7721628741412911,0.7937062766355315,0.6997237995116109,0.7134076228261499,1.167004341534006,2.154340249424036,1.368382331453899
Transformer,11,majority (centred),121,0.7731403762662807,0.7866049204052098,0.7721628741412911,0.8004035435893734,0.6997237995116109,0.7170421773625592,1.3464544138929058,2.8240669448082234,1.7318377850948252
Transformer,11,"majority (causal, trailing)",5,0.7731403762662807,0.7732445730824892,0.7721628741412911,0.773047710950482,0.6997237995116109,0.7001206420290998,0.010419681620843502,0.08848368091908254,0.039684251748894894
Transformer,11,"majority (causal, trailing)",11,0.7731403762662807,0.7764515195369031,0.7721628741412911,0.7784770180570114,0.6997237995116109,0.7038045616236569,0.3311143270622319,0.6314143915720272,0.4080762112045999
Transformer,11,"majority (causal, trailing)",31,0.7731403762662807,0.7794384949348769,0.7721628741412911,0.7884181744061051,0.6997237995116109,0.7085550999255484,0.6298118668596198,1.625530026481392,0.8831300413937537
Transformer,11,"majority (causal, trailing)",61,0.7731403762662807,0.7791606367583213,0.7721628741412911,0.7910184245549443,0.6997237995116109,0.709763321962806,0.6020260492040519,1.8855550413653166,1.0039522451195104
Transformer,11,"majority (causal, trailing)",121,0.7731403762662807,0.7642257597684515,0.7721628741412911,0.7758362647761959,0.6997237995116109,0.6967338873959871,-0.8914616497829209,0.3673390634904794,-0.29899121156238273
Transformer,12,median (centred),5,0.8482894356005789,0.8486599131693199,0.8592201529689717,0.8599252754113452,0.8235822838931895,0.8240399065255409,0.03704775687409789,0.07051224423735292,0.045762263235138434
Transformer,12,median (centred),11,0.8482894356005789,0.8490651230101303,0.8592201529689717,0.8604228317954803,0.8235822838931895,0.8244828168199133,0.07756874095513622,0.12026788265085964,0.09005329267237627
Transformer,12,median (centred),31,0.8482894356005789,0.8524457308248915,0.8592201529689717,0.8641209565268424,0.8235822838931895,0.8279804710176247,0.41562952243126006,0.4900803557870703,0.4398187124435182
Transformer,12,median (centred),61,0.8482894356005789,0.8572387843704775,0.8592201529689717,0.8700374807336706,0.8235822838931895,0.8333412278726567,0.8949348769898613,1.0817327764698903,0.9758943979467194
Transformer,12,median (centred),121,0.8482894356005789,0.8492040520984081,0.8592201529689717,0.864530788004194,0.8235822838931895,0.8264666541928428,0.09146164978292015,0.5310635035222333,0.28843702996532716
Transformer,12,majority (centred),5,0.8482894356005789,0.8486830680173661,0.8592201529689717,0.859939685169405,0.8235822838931895,0.8240582943775512,0.03936324167872485,0.07195322004333038,0.04760104843616331
Transformer,12,majority (centred),11,0.8482894356005789,0.8490998552821997,0.8592201529689717,0.8604415908482151,0.8235822838931895,0.8245061725473398,0.08104196816207665,0.12214378792434477,0.09238886541502733
Transformer,12,majority (centred),31,0.8482894356005789,0.8523068017366136,0.8592201529689717,0.8641852749062503,0.8235822838931895,0.8278973960703566,0.401736613603465,0.4965121937278605,0.43151121771670686
Transformer,12,majority (centred),61,0.8482894356005789,0.8579102749638206,0.8592201529689717,0.8709424057538161,0.8235822838931895,0.834036731967097,0.9620839363241651,1.17222527848444,1.0454448073907496
Transformer,12,majority (centred),121,0.8482894356005789,0.8490303907380607,0.8592201529689717,0.8646128459164744,0.8235822838931895,0.8263561187166832,0.07409551374818468,0.5392692947502664,0.27738348234936927
Transformer,12,"majority (causal, trailing)",5,0.8482894356005789,0.8490998552821997,0.8592201529689717,0.8604401630560377,0.8235822838931895,0.8244971116320879,0.08104196816207665,0.12200100870659591,0.09148277388983939
Transformer,12,"majority (causal, trailing)",11,0.8482894356005789,0.849643994211288,0.8592201529689717,0.861184270482574,0.8235822838931895,0.825138741381827,0.13545586107091,0.19641175136022593,0.15564574886374194
Transformer,12,"majority (causal, trailing)",31,0.8482894356005789,0.8478263386396527,0.8592201529689717,0.8596946736703588,0.8235822838931895,0.8237427566143033,-0.046309696092616814,0.047452070138709335,0.01604727211137469
Transformer,12,"majority (causal, trailing)",61,0.8482894356005789,0.8395832127351665,0.8592201529689717,0.851781677803928,0.8235822838931895,0.8164956748072448,-0.870622286541245,-0.7438475165043701,-0.7086609085944717
Transformer,12,"majority (causal, trailing)",121,0.8482894356005789,0.8162431259044862,0.8592201529689717,0.829808043151188,0.8235822838931895,0.7943602970671764,-3.204630969609268,-2.941210981778375,-2.922198682601318
Transformer,13,median (centred),5,0.8152590448625181,0.8169840810419682,0.7871556686276427,0.7894434555146388,0.7655043509590191,0.7676810475654605,0.1725036179450079,0.2287786886996046,0.2176696606441375
Transformer,13,median (centred),11,0.8152590448625181,0.8184428364688857,0.7871556686276427,0.7909702576699185,0.7655043509590191,0.7693004536575775,0.3183791606367614,0.3814589042275718,0.37961026985583457
Transformer,13,median (centred),31,0.8152590448625181,0.8260028943560058,0.7871556686276427,0.8012597735077139,0.7655043509590191,0.7787944236530855,1.0743849493487723,1.4104104880071189,1.3290072694066346
Transformer,13,median (centred),61,0.8152590448625181,0.8366078147612156,0.7871556686276427,0.8134278180578831,0.7655043509590191,0.7911488028417782,2.1348769898697495,2.6272149430240366,2.56444518827591
Transformer,13,median (centred),121,0.8152590448625181,0.8390506512301013,0.7871556686276427,0.8106596755548221,0.7655043509590191,0.7924121502828266,2.379160636758315,2.3504006927179355,2.690779932380749
Transformer,13,majority (centred),5,0.8152590448625181,0.8171924746743849,0.7871556686276427,0.7895668368207572,0.7655043509590191,0.7678295356560016,0.1933429811866838,0.2411168193114488,0.23251846969825074
Transformer,13,majority (centred),11,0.8152590448625181,0.818767004341534,0.7871556686276427,0.7914879542993885,0.7655043509590191,0.7695604393902388,0.3507959479015943,0.4332285671745706,0.4056088431219629
Transformer,13,majority (centred),31,0.8152590448625181,0.8265007235890014,0.7871556686276427,0.803061649454276,0.7655043509590191,0.779352970478135,1.1241678726483295,1.5905980826633304,1.3848619519115868
Transformer,13,majority (centred),61,0.8152590448625181,0.8378581765557164,0.7871556686276427,0.8180642918124802,0.7655043509590191,0.792648718068369,2.259913169319827,3.0908623184837447,2.7144367109349865
Transformer,13,majority (centred),121,0.8152590448625181,0.8431722141823444,0.7871556686276427,0.8210830223873051,0.7655043509590191,0.7971036569890263,2.7913169319826348,3.392735375966238,3.1599306030007157
Transformer,13,"majority (causal, trailing)",5,0.8152590448625181,0.8187554269175109,0.7871556686276427,0.7913099670298674,0.7655043509590191,0.7694459132356366,0.3496382054992808,0.41542984022246987,0.3941562276617461
Transformer,13,"majority (causal, trailing)",11,0.8152590448625181,0.8228191027496382,0.7871556686276427,0.7962833673479198,0.7655043509590191,0.7739566659099327,0.7560057887120109,0.9127698720277078,0.8452314950913586
Transformer,13,"majority (causal, trailing)",31,0.8152590448625181,0.8356237337192475,0.7871556686276427,0.8123613219104926,0.7655043509590191,0.7881555742723204,2.0364688856729374,2.520565328284985,2.265122331330127
Transformer,13,"majority (causal, trailing)",61,0.8152590448625181,0.8425123010130247,0.7871556686276427,0.8217559101647748,0.7655043509590191,0.7962293543369533,2.7253256150506555,3.4600241537132037,3.0725003377934157
Transformer,13,"majority (causal, trailing)",121,0.8152590448625181,0.8301476121562952,0.7871556686276427,0.8075010640218078,0.7655043509590191,0.7840583575388888,1.4888567293777077,2.0345395394165022,1.8554006579869609
Transformer,14,median (centred),5,0.8313748191027497,0.8329956584659913,0.7755094111031277,0.7771532334341388,0.7823553366164302,0.7843371584554036,0.1620839363241644,0.16438223310111244,0.1981821838973441
Transformer,14,median (centred),11,0.8313748191027497,0.834917510853835,0.7755094111031277,0.7785082327136011,0.7823553366164302,0.7863097215576228,0.35426917510853473,0.299882161047349,0.39543849411926013
Transformer,14,median (centred),31,0.8313748191027497,0.839698986975398,0.7755094111031277,0.7821535843350341,0.7823553366164302,0.7913633853668744,0.8324167872648336,0.664417323190647,0.9008048750444253
Transformer,14,median (centred),61,0.8313748191027497,0.8520636758321274,0.7755094111031277,0.7941565124160529,0.7823553366164302,0.8062212490069042,2.0688856729377703,1.864710131292524,2.3865912390473976
Transformer,14,median (centred),121,0.8313748191027497,0.8624602026049204,0.7755094111031277,0.8036172521416103,0.7823553366164302,0.8187497631870594,3.1085383502170716,2.810784103848263,3.639442657062919
Transformer,14,majority (centred),5,0.8313748191027497,0.8327872648335746,0.7755094111031277,0.7769319291685437,0.7823553366164302,0.7841645135941421,0.1412445730824885,0.14225180654160452,0.18091769777118794
Transformer,14,majority (centred),11,0.8313748191027497,0.8344196816208393,0.7755094111031277,0.7780293726806283,0.7823553366164302,0.7858406106109311,0.3044862518089664,0.25199615775006734,0.3485273994500937
Transformer,14,majority (centred),31,0.8313748191027497,0.8387612156295224,0.7755094111031277,0.7814604007224889,0.7823553366164302,0.7904735123730706,0.7386396526772754,0.5950989619361247,0.8118175756640422
Transformer,14,majority (centred),61,0.8313748191027497,0.8500376266280752,0.7755094111031277,0.7926336584286436,0.7823553366164302,0.8042195245747096,1.8662807525325564,1.7124247325515984,2.186418795827938
Transformer,14,majority (centred),121,0.8313748191027497,0.8599247467438494,0.7755094111031277,0.800983170692552,0.7823553366164302,0.8160420945800176,2.854992764109976,2.5473759589424327,3.3686757963587444
Transformer,14,"majority (causal, trailing)",5,0.8313748191027497,0.8342807525325615,0.7755094111031277,0.7789293863834152,0.7823553366164302,0.7861245598119407,0.29059334298118245,0.34199752802875905,0.37692231955105404
Transformer,14,"majority (causal, trailing)",11,0.8313748191027497,0.8383328509406657,0.7755094111031277,0.7832197576662745,0.7823553366164302,0.7909397061968767,0.695803183791599,0.7710346563146842,0.8584369580446505
Transformer,14,"majority (causal, trailing)",31,0.8313748191027497,0.8511606367583213,0.7755094111031277,0.7975631233449709,0.7823553366164302,0.8064310775139392,1.9785817655571636,2.205371224184327,2.407574089750897
Transformer,14,"majority (causal, trailing)",61,0.8313748191027497,0.8735976845151954,0.7755094111031277,0.8210797941245643,0.7823553366164302,0.8327684952195384,4.222286541244569,4.557038302143668,5.041315860310824
Transformer,14,"majority (causal, trailing)",121,0.8313748191027497,0.8831953690303908,0.7755094111031277,0.82725724458578,0.7823553366164302,0.8428306350267502,5.182054992764106,5.174783348265233,6.047529841031995
Transformer,15,median (centred),5,0.787589001447178,0.7895918958031838,0.8007644617667387,0.8026645439194083,0.760571088063028,0.7625679836155874,0.20028943560057577,0.19000821526696798,0.19968955525594412
Transformer,15,median (centred),11,0.787589001447178,0.7922778581765557,0.8007644617667387,0.8054116898993104,0.760571088063028,0.7652517847467765,0.46888567293776884,0.464722813257179,0.46806966837484865
Transformer,15,median (centred),31,0.787589001447178,0.799178002894356,0.8007644617667387,0.810548935710242,0.760571088063028,0.7717424963291886,1.1589001447178005,0.9784473943503347,1.1171408266160587
Transformer,15,median (centred),61,0.787589001447178,0.812341534008683,0.8007644617667387,0.8231800832141193,0.760571088063028,0.7845135825119174,2.4752532561505003,2.241562144738063,2.3942494448889406
Transformer,15,median (centred),121,0.787589001447178,0.8216150506512301,0.8007644617667387,0.8316845156742585,0.760571088063028,0.7942922606813818,3.4026049204052056,3.092005390751984,3.3721172618353834
Transformer,15,majority (centred),5,0.787589001447178,0.7893603473227206,0.8007644617667387,0.8024642152887607,0.760571088063028,0.7623470606120755,0.1771345875542618,0.16997535220220072,0.17759725490474887
Transformer,15,majority (centred),11,0.787589001447178,0.7917221418234442,0.8007644617667387,0.8049331078494241,0.760571088063028,0.7647051923972726,0.413314037626622,0.4168646082685412,0.41341043342446593
Transformer,15,majority (centred),31,0.787589001447178,0.7965846599131693,0.8007644617667387,0.8083671885589384,0.760571088063028,0.7691523767948256,0.8995658465991263,0.7602726792199754,0.8581288731797643
Transformer,15,majority (centred),61,0.787589001447178,0.8092850940665702,0.8007644617667387,0.8208992056791989,0.760571088063028,0.7815389654295039,2.1696092619392204,2.0134743912460284,2.0967877366475873
Transformer,15,majority (centred),121,0.787589001447178,0.8174008683068017,0.8007644617667387,0.8287884044962128,0.760571088063028,0.7902425632441762,2.981186685962367,2.802394272947417,2.967147518114821
Transformer,15,"majority (causal, trailing)",5,0.787589001447178,0.7901476121562953,0.8007644617667387,0.8033758541591668,0.760571088063028,0.7631334824599291,0.2558610709117226,0.26113923924281357,0.2562394396901091
Transformer,15,"majority (causal, trailing)",11,0.787589001447178,0.7935513748191028,0.8007644617667387,0.8070565298109074,0.760571088063028,0.7665400623597939,0.5962373371924734,0.6292068044168708,0.5968974296765905
Transformer,15,"majority (causal, trailing)",31,0.787589001447178,0.7994674384949348,0.8007644617667387,0.8126717408168455,0.760571088063028,0.7725219876741901,1.1878437047756818,1.19072790501068,1.1950899611162136
Transformer,15,"majority (causal, trailing)",61,0.787589001447178,0.805684515195369,0.8007644617667387,0.8181469936931759,0.760571088063028,0.7787282044123357,1.8095513748190961,1.738253192643724,1.8157116349307723
Transformer,15,"majority (causal, trailing)",121,0.787589001447178,0.7960636758321273,0.8007644617667387,0.8068881763823796,0.760571088063028,0.77032565722504,0.847467438494931,0.6123714615640985,0.9754569162012006
Transformer,16,median (centred),5,0.7838610709117222,0.7854703328509407,0.708160577253978,0.7095573840024691,0.7112313783707088,0.7129048539280212,0.16092619392185092,0.1396806748491186,0.16734755573123428
Transformer,16,median (centred),11,0.7838610709117222,0.7872764109985528,0.708160577253978,0.7111424440929012,0.7112313783707088,0.7147507451404992,0.34153400868306427,0.29818668389232084,0.35193667697903663
Transformer,16,median (centred),31,0.7838610709117222,0.7945123010130246,0.708160577253978,0.7171502678532559,0.7112313783707088,0.7223797298665261,1.0651230101302422,0.89896905992779,1.1148351495817277
Transformer,16,median (centred),61,0.7838610709117222,0.8041447178002894,0.708160577253978,0.724721227451817,0.7112313783707088,0.7328028585449052,2.028364688856721,1.6560650197839033,2.157148017419641
Transformer,16,median (centred),121,0.7838610709117222,0.8116468885672937,0.708160577253978,0.7255568829200937,0.7112313783707088,0.7386277065377186,2.778581765557153,1.739630566611572,2.7396328167009765
Transformer,16,majority (centred),5,0.7838610709117222,0.7850419681620839,0.708160577253978,0.7091286810920842,0.7112313783707088,0.7124923354971138,0.11808972503617454,0.09681038381061935,0.1260957126404949
Transformer,16,majority (centred),11,0.7838610709117222,0.7868480463096961,0.708160577253978,0.7107787226615674,0.7112313783707088,0.7143331679434181,0.2986975397973879,0.2618145407589423,0.3101789572709235
Transformer,16,majority (centred),31,0.7838610709117222,0.7924978292329956,0.708160577253978,0.7155104479440846,0.7112313783707088,0.7203167854541098,0.8636758321273419,0.7349870690106619,0.9085407083400998
Transformer,16,majority (centred),61,0.7838610709117222,0.8016555716353111,0.708160577253978,0.7227508978064053,0.7112313783707088,0.7303650044210147,1.7794500723588902,1.4590320552427372,1.9133626050305885
Transformer,16,majority (centred),121,0.7838610709117222,0.8089261939218524,0.708160577253978,0.7248093035283601,0.7112313783707088,0.7367938641599118,2.5065123010130197,1.6648726274382186,2.556248578920295
Transformer,16,"majority (causal, trailing)",5,0.7838610709117222,0.786917510853835,0.708160577253978,0.7113805708760275,0.7112313783707088,0.7146342165847025,0.30564399421127986,0.32199936220494996,0.3402838213993675
Transformer,16,"majority (causal, trailing)",11,0.7838610709117222,0.7922199710564399,0.708160577253978,0.7176021778188572,0.7112313783707088,0.7208362811235688,0.835890014471774,0.9441600564879193,0.9604902752859967
Transformer,16,"majority (causal, trailing)",31,0.7838610709117222,0.8085441389290883,0.708160577253978,0.7361198199454965,0.7112313783707088,0.7400815478240638,2.4683068017366083,2.7959242691518504,2.8850169453354946
Transformer,16,"majority (causal, trailing)",61,0.7838610709117222,0.824752532561505,0.708160577253978,0.7510217836661846,0.7112313783707088,0.7580224344288031,4.089146164978286,4.286120641220659,4.679105605809431
Transformer,16,"majority (causal, trailing)",121,0.7838610709117222,0.8267206946454414,0.708160577253978,0.7469088220744733,0.7112313783707088,0.7590370418502227,4.285962373371921,3.8748244820495326,4.780566347951387
Transformer,17,median (centred),5,0.8104081041968162,0.8122257597684516,0.7974634057160376,0.8001293903733794,0.7609554662343182,0.7631720655266973,0.18176555716353793,0.2665984657341802,0.22165992923790512
Transformer,17,median (centred),11,0.8104081041968162,0.8134645441389291,0.7974634057160376,0.8014126055351664,0.7609554662343182,0.7645074743212715,0.30564399421129096,0.3949199819128779,0.3552008086953329
Transformer,17,median (centred),31,0.8104081041968162,0.8191027496382055,0.7974634057160376,0.808015461865598,0.7609554662343182,0.7706721096500605,0.8694645441389315,1.0552056149560451,0.9716643415742299
Transformer,17,median (centred),61,0.8104081041968162,0.8352301013024602,0.7974634057160376,0.824378909320377,0.7609554662343182,0.7884169091016308,2.4821997105644034,2.6915503604339475,2.7461442867312558
Transformer,17,median (centred),121,0.8104081041968162,0.8405209840810419,0.7974634057160376,0.8305257014800512,0.7609554662343182,0.7943909628733739,3.011287988422573,3.306229576401365,3.343549663905565
Transformer,17,majority (centred),5,0.8104081041968162,0.8121794500723589,0.7974634057160376,0.8000825802969813,0.7609554662343182,0.7631325606229841,0.17713458755427292,0.26191745809437394,0.21770943886658678
Transformer,17,majority (centred),11,0.8104081041968162,0.8133371924746744,0.7974634057160376,0.8013461220528604,0.7609554662343182,0.7644068214034602,0.2929088277858205,0.38827163368228,0.34513551691419675
Transformer,17,majority (centred),31,0.8104081041968162,0.8181649782923299,0.7974634057160376,0.8072767543612311,0.7609554662343182,0.7697695551175388,0.7756874095513733,0.9813348645193565,0.881408888322055
Transformer,17,majority (centred),61,0.8104081041968162,0.8342228654124457,0.7974634057160376,0.8241254934687561,0.7609554662343182,0.7875537425739395,2.381476121562953,2.66620877527185,2.6598276339621307
Transformer,17,majority (centred),121,0.8104081041968162,0.839108538350217,0.7974634057160376,0.8293123452126271,0.7609554662343182,0.7929367194864466,2.8700434153400844,3.1848939496589512,3.1981253252128417
Transformer,17,"majority (causal, trailing)",5,0.8104081041968162,0.8141707670043415,0.7974634057160376,0.8027621953513613,0.7609554662343182,0.7653779155497235,0.3762662807525352,0.5298789635323709,0.44224493154052524
Transformer,17,"majority (causal, trailing)",11,0.8104081041968162,0.8177829232995658,0.7974634057160376,0.8071613433545709,0.7609554662343182,0.7693281032826969,0.7374819102749619,0.9697937638533327,0.837263704837865
Transformer,17,"majority (causal, trailing)",31,0.8104081041968162,0.8282141823444283,0.7974634057160376,0.8203441811155759,0.7609554662343182,0.7809103707855481,1.7806078147612148,2.2880775399538367,1.9954904551229946
Transformer,17,"majority (causal, trailing)",61,0.8104081041968162,0.8393863965267728,0.7974634057160376,0.8301792739875617,0.7609554662343182,0.7930798204483462,2.8978292329956634,3.2715868271524173,3.212435421402804
Transformer,17,"majority (causal, trailing)",121,0.8104081041968162,0.8243704775687409,0.7974634057160376,0.8123905005949567,0.7609554662343182,0.7780300712726372,1.3962373371924741,1.4927094878919078,1.7074605038319035
Transformer,18,median (centred),5,0.7618176555716353,0.7626743849493488,0.7578887764508307,0.7597095387375156,0.7061364310953152,0.7073836793687337,0.08567293777135276,0.18207622866848183,0.12472482734184887
Transformer,18,median (centred),11,0.7618176555716353,0.7639247467438495,0.7578887764508307,0.7627816389963414,0.7061364310953152,0.7095505634718428,0.21070911722141927,0.489286254551069,0.34141323765275455
Transformer,18,median (centred),31,0.7618176555716353,0.7690188133140377,0.7578887764508307,0.7705228306649555,0.7061364310953152,0.7156104444083037,0.7201157742402375,1.263405421412478,0.9474013312988472
Transformer,18,median (centred),61,0.7618176555716353,0.771287988422576,0.7578887764508307,0.7764281209552735,0.7061364310953152,0.7190662011582173,0.9470332850940677,1.8539344504442723,1.292977006290208
Transformer,18,median (centred),121,0.7618176555716353,0.7678263386396527,0.7578887764508307,0.7742822985531482,0.7061364310953152,0.7167603228421502,0.6008683068017384,1.6393522102317482,1.062389174683498
Transformer,18,majority (centred),5,0.7618176555716353,0.7628596237337193,0.7578887764508307,0.7596974333065215,0.7061364310953152,0.7075395000497662,0.10419681620840171,0.180865685569076,0.140306895445097
Transformer,18,majority (centred),11,0.7618176555716353,0.763959479015919,0.7578887764508307,0.7624712070567963,0.7061364310953152,0.709593549949322,0.2141823444283708,0.4582430605965526,0.3457118854006791
Transformer,18,majority (centred),31,0.7618176555716353,0.768972503617945,0.7578887764508307,0.7702958928929314,0.7061364310953152,0.7158118185966647,0.7154848046309725,1.2407116442100685,0.9675387501349442
Transformer,18,majority (centred),61,0.7618176555716353,0.7710680173661361,0.7578887764508307,0.7753270848349602,0.7061364310953152,0.7193997413575661,0.9250361794500783,1.7438308384129408,1.3263310262250916
Transformer,18,majority (centred),121,0.7618176555716353,0.7674327062228654,0.7578887764508307,0.7718504322195101,0.7061364310953152,0.7167126950091717,0.5615050651230136,1.396165576867936,1.0576263913856465
Transformer,18,"majority (causal, trailing)",5,0.7618176555716353,0.7626859623733719,0.7578887764508307,0.7595741651978164,0.7061364310953152,0.7073604470996792,0.08683068017366624,0.168538874698565,0.12240160043639481
Transformer,18,"majority (causal, trailing)",11,0.7618176555716353,0.762848046309696,0.7578887764508307,0.7611378428213311,0.7061364310953152,0.7084719908723695,0.10303907380607713,0.32490663705003753,0.23355597770542413
Transformer,18,"majority (causal, trailing)",31,0.7618176555716353,0.7618292329956584,0.7578887764508307,0.7623559833281967,0.7061364310953152,0.7087069449036895,0.0011577424023134775,0.44672068773659035,0.2570513808374253
Transformer,18,"majority (causal, trailing)",61,0.7618176555716353,0.7538986975397974,0.7578887764508307,0.7568470485029963,0.7061364310953152,0.7025718502102739,-0.7918958031837842,-0.10417279478344144,-0.3564580885041302
Transformer,18,"majority (causal, trailing)",121,0.7618176555716353,0.7420897250361794,0.7578887764508307,0.7456298328417112,0.7061364310953152,0.6917859019192919,-1.972793053545585,-1.22589436091195,-1.4350529176023308
STA-LSTM-H,1,median (centred),5,0.8031953690303908,0.8032995658465991,0.8290602456408668,0.8294678371373468,0.7775042479101865,0.777693349039712,0.0104196816208324,0.04075914964800642,0.018910112952552627
STA-LSTM-H,1,median (centred),11,0.8031953690303908,0.8035426917510854,0.8290602456408668,0.8301708688356731,0.7775042479101865,0.7780818713187784,0.034732272069459835,0.11106231948063705,0.057762340859190964
STA-LSTM-H,1,median (centred),31,0.8031953690303908,0.806587554269175,0.8290602456408668,0.8347750153886394,0.7775042479101865,0.7815612115661494,0.3392185238784262,0.571476974777263,0.4056963655962975
STA-LSTM-H,1,median (centred),61,0.8031953690303908,0.8123531114327063,0.8290602456408668,0.8432273315312694,0.7775042479101865,0.7881616466856914,0.9157742402315483,1.4167085890402609,1.0657398775504978
STA-LSTM-H,1,median (centred),121,0.8031953690303908,0.8173082489146165,0.8290602456408668,0.8484829640038184,0.7775042479101865,0.7933845099139942,1.4112879884225715,1.9422718362951619,1.5880262003807766
STA-LSTM-H,1,majority (centred),5,0.8031953690303908,0.8032416787264833,0.8290602456408668,0.8294221887939252,0.7775042479101865,0.7776398207584378,0.00463096960925391,0.0361943153058375,0.013557284825138627
STA-LSTM-H,1,majority (centred),11,0.8031953690303908,0.8035079594790159,0.8290602456408668,0.8301435723150464,0.7775042479101865,0.7780464942238144,0.0312590448625083,0.10833266741796521,0.05422463136279809
STA-LSTM-H,1,majority (centred),31,0.8031953690303908,0.806425470332851,0.8290602456408668,0.8346472925124852,0.7775042479101865,0.7814064408353584,0.3230101302460153,0.5587046871618373,0.390219292517191
STA-LSTM-H,1,majority (centred),61,0.8031953690303908,0.8122836468885672,0.8290602456408668,0.8435761426466589,0.7775042479101865,0.7881698856404058,0.9088277858176452,1.4515897005792144,1.0665637730219335
STA-LSTM-H,1,majority (centred),121,0.8031953690303908,0.8169840810419682,0.8290602456408668,0.8491117975732739,0.7775042479101865,0.7932380650290595,1.3788712011577386,2.0051551932407152,1.5733817118873006
STA-LSTM-H,1,"majority (causal, trailing)",5,0.8031953690303908,0.804341534008683,0.8290602456408668,0.8307107178129286,0.7775042479101865,0.778739906934632,0.11461649782922301,0.16504721720618232,0.12356590244455568
STA-LSTM-H,1,"majority (causal, trailing)",11,0.8031953690303908,0.8063212735166425,0.8290602456408668,0.8334847394625226,0.7775042479101865,0.7808809449883238,0.3125904486251718,0.4424493821655773,0.33766970781373695
STA-LSTM-H,1,"majority (causal, trailing)",31,0.8031953690303908,0.8149696092619392,0.8290602456408668,0.8447656343692702,0.7775042479101865,0.7900620406816743,1.1774240231548383,1.5705388728403435,1.255779277148783
STA-LSTM-H,1,"majority (causal, trailing)",61,0.8031953690303908,0.8209088277858176,0.8290602456408668,0.8548378071190634,0.7775042479101865,0.7973652630151307,1.7713458755426847,2.5777561478196653,1.9861015104944202
STA-LSTM-H,1,"majority (causal, trailing)",121,0.8031953690303908,0.8137539797395079,0.8290602456408668,0.8473681942265338,0.7775042479101865,0.7908665936217988,1.0558610709117122,1.8307948585666978,1.3362345711612322
STA-LSTM-H,2,median (centred),5,0.8137192474674385,0.814356005788712,0.8172795788921002,0.8179964216828349,0.7981081427304977,0.7987881928523534,0.06367583212735228,0.07168427907346953,0.06800501218556798
STA-LSTM-H,2,median (centred),11,0.8137192474674385,0.8161157742402315,0.8172795788921002,0.8199868121744274,0.7981081427304977,0.8006536699670849,0.23965267727930062,0.2707233282327137,0.2545527236587186
STA-LSTM-H,2,median (centred),31,0.8137192474674385,0.8218002894356006,0.8172795788921002,0.8268151773131113,0.7981081427304977,0.8068033104842377,0.8081041968162062,0.9535598421011038,0.8695167753740018
STA-LSTM-H,2,median (centred),61,0.8137192474674385,0.8364225759768451,0.8172795788921002,0.8446475091926026,0.7981081427304977,0.8226990716081862,2.2703328509406595,2.736793030050233,2.4590928877688545
STA-LSTM-H,2,median (centred),121,0.8137192474674385,0.8418871201157743,0.8172795788921002,0.8528359676381543,0.7981081427304977,0.8292480970337364,2.8167872648335757,3.5556388746054046,3.113995430323868
STA-LSTM-H,2,majority (centred),5,0.8137192474674385,0.8144486251808972,0.8172795788921002,0.818090961337913,0.7981081427304977,0.7988692741154845,0.0729377713458712,0.08113824458128027,0.07611313849867907
STA-LSTM-H,2,majority (centred),11,0.8137192474674385,0.8160578871201157,0.8172795788921002,0.8200464821000079,0.7981081427304977,0.8006072702948591,0.23386396526772213,0.2766903207907623,0.24991275643614363
STA-LSTM-H,2,majority (centred),31,0.8137192474674385,0.8221128798842258,0.8172795788921002,0.8274095323959401,0.7981081427304977,0.8071043876759512,0.8393632416787256,1.0129953503839828,0.899624494545348
STA-LSTM-H,2,majority (centred),61,0.8137192474674385,0.8357973950795948,0.8172795788921002,0.8447726974171879,0.7981081427304977,0.822211986789692,2.207814761215632,2.7493118525087623,2.41038440591943
STA-LSTM-H,2,majority (centred),121,0.8137192474674385,0.8429638205499277,0.8172795788921002,0.8548525555057346,0.7981081427304977,0.8303640983680198,2.924457308248918,3.7572976613634346,3.225595563752215
STA-LSTM-H,2,"majority (causal, trailing)",5,0.8137192474674385,0.8155369030390738,0.8172795788921002,0.819213834766645,0.7981081427304977,0.7999551680667492,0.18176555716352683,0.19342558745447658,0.18470253362514732
STA-LSTM-H,2,"majority (causal, trailing)",11,0.8137192474674385,0.8182923299565846,0.8172795788921002,0.8222555766693739,0.7981081427304977,0.8027879494789852,0.45730824891461186,0.4975997777273644,0.46798067484875583
STA-LSTM-H,2,"majority (causal, trailing)",31,0.8137192474674385,0.8296497829232996,0.8172795788921002,0.8351270689001078,0.7981081427304977,0.8145852261044508,1.5930535455861095,1.784749000800756,1.647708337395315
STA-LSTM-H,2,"majority (causal, trailing)",61,0.8137192474674385,0.8440173661360347,0.8172795788921002,0.8528150791677441,0.7981081427304977,0.8301676931124974,3.029811866859622,3.5535500275643894,3.20595503819997
STA-LSTM-H,2,"majority (causal, trailing)",121,0.8137192474674385,0.838506512301013,0.8172795788921002,0.8490965130570794,0.7981081427304977,0.8253241691430051,2.478726483357452,3.1816934164979216,2.721602641250742
STA-LSTM-H,3,median (centred),5,0.8185586107091172,0.818917510853835,0.8040237990320557,0.8042454482707112,0.7916211353705628,0.7919567023133788,0.035890014471784415,0.02216492386555302,0.03355669428160013
STA-LSTM-H,3,median (centred),11,0.8185586107091172,0.8214413892908827,0.8040237990320557,0.8071658750420605,0.7916211353705628,0.7947517815442566,0.2882778581765555,0.3142076010004824,0.3130646173693852
STA-LSTM-H,3,median (centred),31,0.8185586107091172,0.8317221418234443,0.8040237990320557,0.8205235656865247,0.7916211353705628,0.8071163703183393,1.316353111432711,1.6499766654469061,1.5495234947776493
STA-LSTM-H,3,median (centred),61,0.8185586107091172,0.840903039073806,0.8040237990320557,0.831917252228528,0.7916211353705628,0.8174730123626243,2.234442836468886,2.7893453196472295,2.5851876992061484
STA-LSTM-H,3,median (centred),121,0.8185586107091172,0.8426628075253256,0.8040237990320557,0.8330283876258546,0.7916211353705628,0.8189984201664302,2.4104196816208456,2.9004588593798952,2.737728479586743
STA-LSTM-H,3,majority (centred),5,0.8185586107091172,0.8188480463096961,0.8040237990320557,0.8041748074248498,0.7916211353705628,0.7918886493153273,0.028943560057892448,0.015100839279413858,0.026751394476454138
STA-LSTM-H,3,majority (centred),11,0.8185586107091172,0.8211056439942113,0.8040237990320557,0.8069698191538203,0.7916211353705628,0.7944790467968255,0.25470332850940913,0.2946020121764592,0.28579114262626826
STA-LSTM-H,3,majority (centred),31,0.8185586107091172,0.8313169319826339,0.8040237990320557,0.8206200682332149,0.7916211353705628,0.8069032387900931,1.2758321273516726,1.6596269201159197,1.528210341953029
STA-LSTM-H,3,majority (centred),61,0.8185586107091172,0.8401041968162084,0.8040237990320557,0.8319789877945754,0.7916211353705628,0.8170554815711933,2.154558610709123,2.795518876251968,2.5434346200630564
STA-LSTM-H,3,majority (centred),121,0.8185586107091172,0.8410188133140376,0.8040237990320557,0.8328634410133651,0.7916211353705628,0.8178342894161744,2.246020260492043,2.8839641981309394,2.621315404561164
STA-LSTM-H,3,"majority (causal, trailing)",5,0.8185586107091172,0.8203994211287988,0.8040237990320557,0.8058231118484246,0.7916211353705628,0.7934369841946923,0.18408104196816488,0.17993128163689143,0.18158488241295512
STA-LSTM-H,3,"majority (causal, trailing)",11,0.8185586107091172,0.8248451519536903,0.8040237990320557,0.8109848557320868,0.7916211353705628,0.7982414387913295,0.6286541244573174,0.696105670003111,0.6620303420766693
STA-LSTM-H,3,"majority (causal, trailing)",31,0.8185586107091172,0.8428248914616497,0.8040237990320557,0.8332185045804527,0.7916211353705628,0.8186621971269741,2.4266280752532565,2.919470554839698,2.70410617564113
STA-LSTM-H,3,"majority (causal, trailing)",61,0.8185586107091172,0.8552011577424024,0.8040237990320557,0.8479577623256714,0.7916211353705628,0.8320292432963639,3.6642547033285178,4.393396329361576,4.040810792580107
STA-LSTM-H,3,"majority (causal, trailing)",121,0.8185586107091172,0.8459507959479016,0.8040237990320557,0.839355731813961,0.7916211353705628,0.8236114513306246,2.7392185238784394,3.5331932781905273,3.1990315960061855
STA-LSTM-H,4,median (centred),5,0.806958031837916,0.8085094066570188,0.7952855809042343,0.7973030410204697,0.7708422003753167,0.7726898274618595,0.15513748191027243,0.2017460116235381,0.18476270865428468
STA-LSTM-H,4,median (centred),11,0.806958031837916,0.8106743849493487,0.7952855809042343,0.8000193293898459,0.7708422003753167,0.775186222320988,0.3716353111432702,0.47337484856115886,0.4344021945671295
STA-LSTM-H,4,median (centred),31,0.806958031837916,0.8219855282199711,0.7952855809042343,0.814661393261023,0.7708422003753167,0.7886203104407663,1.5027496382055028,1.9375812356788757,1.7778110065449604
STA-LSTM-H,4,median (centred),61,0.806958031837916,0.8366772793053545,0.7952855809042343,0.833922280109605,0.7708422003753167,0.8058595779493398,2.971924746743848,3.8636699205370717,3.5017377574023123
STA-LSTM-H,4,median (centred),121,0.806958031837916,0.849123010130246,0.7952855809042343,0.8482410954820798,0.7708422003753167,0.8200962200876502,4.216497829233001,5.295551457784553,4.925401971233345
STA-LSTM-H,4,majority (centred),5,0.806958031837916,0.8083589001447178,0.7952855809042343,0.7971418646002716,0.7708422003753167,0.7725377954773672,0.14008683068017502,0.18562836960372975,0.1695595102050529
STA-LSTM-H,4,majority (centred),11,0.806958031837916,0.8102344428364688,0.7952855809042343,0.7995859325354723,0.7708422003753167,0.7747200446513994,0.32764109985528034,0.43003516312379864,0.38778442760827314
STA-LSTM-H,4,majority (centred),31,0.806958031837916,0.8218350217076701,0.7952855809042343,0.8145033051567241,0.7708422003753167,0.7882589020159458,1.4876989869754054,1.9217724252489798,1.741670164062914
STA-LSTM-H,4,majority (centred),61,0.806958031837916,0.8357047756874095,0.7952855809042343,0.8335345686928624,0.7708422003753167,0.8045855561609688,2.8746743849493495,3.8248987788628064,3.374335578565213
STA-LSTM-H,4,majority (centred),121,0.806958031837916,0.8479652677279306,0.7952855809042343,0.847186840625079,0.7708422003753167,0.8181445008780317,4.100723589001454,5.19012597208447,4.7302300502715
STA-LSTM-H,4,"majority (causal, trailing)",5,0.806958031837916,0.8099102749638205,0.7952855809042343,0.7986239990571814,0.7708422003753167,0.7739580196873918,0.29522431259044746,0.3338418152947109,0.3115819312075052
STA-LSTM-H,4,"majority (causal, trailing)",11,0.806958031837916,0.8146685962373372,0.7952855809042343,0.8040746516926398,0.7708422003753167,0.7789705440254102,0.7710564399421194,0.8789070788405517,0.8128343650093517
STA-LSTM-H,4,"majority (causal, trailing)",31,0.806958031837916,0.8344775687409551,0.7952855809042343,0.8269690073718561,0.7708422003753167,0.800199095392908,2.75195369030391,3.168342646762179,2.935689501759131
STA-LSTM-H,4,"majority (causal, trailing)",61,0.806958031837916,0.856671490593343,0.7952855809042343,0.8539788330508946,0.7708422003753167,0.8242151674806685,4.971345875542699,5.869325214666032,5.337296710535178
STA-LSTM-H,4,"majority (causal, trailing)",121,0.806958031837916,0.8600173661360347,0.7952855809042343,0.8583164265679443,0.7708422003753167,0.8293663184336285,5.305933429811871,6.303084566370998,5.852411805831181
STA-LSTM-H,5,median (centred),5,0.8220434153400868,0.822506512301013,0.8095662441098345,0.8101113491256715,0.7882959805598636,0.7888209891465202,0.046309696092616814,0.05451050158370441,0.052500858665660566
STA-LSTM-H,5,median (centred),11,0.8220434153400868,0.8246136034732272,0.8095662441098345,0.8124353815685291,0.7882959805598636,0.7911220488294196,0.2570188133140361,0.28691374586946594,0.28260682695560035
STA-LSTM-H,5,median (centred),31,0.8220434153400868,0.8292793053545586,0.8095662441098345,0.816745891943738,0.7882959805598636,0.7956461250518032,0.723589001447178,0.7179647833903569,0.7350144491939603
STA-LSTM-H,5,median (centred),61,0.8220434153400868,0.8370593342981186,0.8095662441098345,0.8247535407305547,0.7882959805598636,0.8041276974305923,1.5015918958031782,1.518729662072027,1.5831716870728707
STA-LSTM-H,5,median (centred),121,0.8220434153400868,0.8451751085383502,0.8095662441098345,0.8349883787338607,0.7882959805598636,0.8134231454337831,2.313169319826336,2.5422134624026205,2.5127164873919527
STA-LSTM-H,5,majority (centred),5,0.8220434153400868,0.8224023154848046,0.8095662441098345,0.8100092117403245,0.7882959805598636,0.7887178324171051,0.03589001447177331,0.04429676304900099,0.04218518572415286
STA-LSTM-H,5,majority (centred),11,0.8220434153400868,0.8240578871201157,0.8095662441098345,0.8119284625620367,0.7882959805598636,0.7905722631070397,0.20144717800288925,0.23622184522021916,0.2276282547176045
STA-LSTM-H,5,majority (centred),31,0.8220434153400868,0.827808972503618,0.8095662441098345,0.815482930350063,0.7882959805598636,0.7941771417758234,0.576555716353111,0.5916686240228564,0.5881161215959829
STA-LSTM-H,5,majority (centred),61,0.8220434153400868,0.8341765557163531,0.8095662441098345,0.822497493602064,0.7882959805598636,0.8013515700818035,1.2133140376266227,1.2931249492229568,1.3055589521939859
STA-LSTM-H,5,majority (centred),121,0.8220434153400868,0.8415861070911722,0.8095662441098345,0.8320405130588592,0.7882959805598636,0.8096193659833796,1.9542691751085361,2.247426894902471,2.1323385423515973
STA-LSTM-H,5,"majority (causal, trailing)",5,0.8220434153400868,0.8243936324167873,0.8095662441098345,0.8120574899821821,0.7882959805598636,0.7906154142497933,0.2350217076700467,0.24912458723476139,0.23194336899297063
STA-LSTM-H,5,"majority (causal, trailing)",11,0.8220434153400868,0.8290709117221419,0.8095662441098345,0.8172262156676044,0.7882959805598636,0.795439492737041,0.7027496382055021,0.7659971557769985,0.7143512177177347
STA-LSTM-H,5,"majority (causal, trailing)",31,0.8220434153400868,0.8406136034732272,0.8095662441098345,0.8300488792193591,0.7882959805598636,0.8073694339145311,1.8570188133140375,2.048263510952464,1.907345335466748
STA-LSTM-H,5,"majority (causal, trailing)",61,0.8220434153400868,0.8495050651230102,0.8095662441098345,0.8399379234053791,0.7882959805598636,0.8170899551249023,2.7461649782923314,3.037167929554463,2.879397456503874
STA-LSTM-H,5,"majority (causal, trailing)",121,0.8220434153400868,0.8436353111432706,0.8095662441098345,0.8353531593300016,0.7882959805598636,0.8124691899107134,2.159189580318377,2.5786915220167184,2.4173209350849767
STA-LSTM-H,6,median (centred),5,0.8071664254703329,0.8078031837916063,0.7952598943157249,0.7959098891842142,0.7873755941250827,0.7880357875958942,0.06367583212734118,0.06499948684893786,0.06601934708114765
STA-LSTM-H,6,median (centred),11,0.8071664254703329,0.809863965267728,0.7952598943157249,0.7981750755182798,0.7873755941250827,0.7902196367473335,0.26975397973950654,0.29151812025549617,0.28440426222507975
STA-LSTM-H,6,median (centred),31,0.8071664254703329,0.817493487698987,0.7952598943157249,0.8068492041358638,0.7873755941250827,0.7985260805118384,1.0327062228654094,1.1589309820138949,1.1150486386755643
STA-LSTM-H,6,median (centred),61,0.8071664254703329,0.8252040520984081,0.7952598943157249,0.8155915019228127,0.7873755941250827,0.8063999438450439,1.8037626628075176,2.0331607607087854,1.9024349719961142
STA-LSTM-H,6,median (centred),121,0.8071664254703329,0.8282257597684515,0.7952598943157249,0.8192411360789221,0.7873755941250827,0.8092103250613794,2.105933429811857,2.398124176319727,2.183473093629662
STA-LSTM-H,6,majority (centred),5,0.8071664254703329,0.8076874095513749,0.7952598943157249,0.7958026977080803,0.7873755941250827,0.7879298327721092,0.052098408104195304,0.054280339235546204,0.05542386470264171
STA-LSTM-H,6,majority (centred),11,0.8071664254703329,0.8097597684515195,0.7952598943157249,0.7981762297057755,0.7873755941250827,0.7901624973719777,0.25933429811866304,0.29163353900506506,0.27869032468950117
STA-LSTM-H,6,majority (centred),31,0.8071664254703329,0.8174471780028943,0.7952598943157249,0.807140009746928,0.7873755941250827,0.79860310372705,1.0280752532561444,1.1880115431203153,1.1227509601967278
STA-LSTM-H,6,majority (centred),61,0.8071664254703329,0.8252619392185239,0.7952598943157249,0.8162986002994482,0.7873755941250827,0.8065844520808098,1.8095513748190961,2.103870598372337,1.9208857955727021
STA-LSTM-H,6,majority (centred),121,0.8071664254703329,0.8298234442836468,0.7952598943157249,0.8218610989916758,0.7873755941250827,0.8112221029800347,2.2657018813313945,2.660120467595095,2.3846508854951987
STA-LSTM-H,6,"majority (causal, trailing)",5,0.8071664254703329,0.809574529667149,0.7952598943157249,0.7976912492041283,0.7873755941250827,0.7897532521591755,0.2408104196816141,0.2431354888403403,0.23776580340927334
STA-LSTM-H,6,"majority (causal, trailing)",11,0.8071664254703329,0.8146801736613604,0.7952598943157249,0.8031679979953111,0.7873755941250827,0.7949833110558701,0.7513748191027458,0.7908103679586276,0.7607716930787323
STA-LSTM-H,6,"majority (causal, trailing)",31,0.8071664254703329,0.8315137481910275,0.7952598943157249,0.8213367446920924,0.7873755941250827,0.8122543241628967,2.434732272069462,2.6076850376367533,2.4878730037813934
STA-LSTM-H,6,"majority (causal, trailing)",61,0.8071664254703329,0.8452793053545586,0.7952598943157249,0.8372921044248692,0.7873755941250827,0.8265189793986772,3.8112879884225737,4.2032210109144374,3.914338527359451
STA-LSTM-H,6,"majority (causal, trailing)",121,0.8071664254703329,0.8400231548480463,0.7952598943157249,0.8334377157693685,0.7873755941250827,0.8221136689079014,3.2856729377713445,3.817782145364368,3.473807478281865
STA-LSTM-H,7,median (centred),5,0.7079015918958032,0.7087235890014472,0.7252018053767108,0.7260782376097222,0.6993737945251469,0.7001812807391051,0.08219971056440123,0.08764322330114815,0.08074862139582084
STA-LSTM-H,7,median (centred),11,0.7079015918958032,0.709383502170767,0.7252018053767108,0.7267062927409221,0.6993737945251469,0.7007858393335438,0.14819102749638047,0.1504487364211382,0.14120448083968506
STA-LSTM-H,7,median (centred),31,0.7079015918958032,0.7127872648335746,0.7252018053767108,0.730031766803088,0.6993737945251469,0.7040097405119256,0.48856729377714236,0.48299614263772606,0.46359459867786335
STA-LSTM-H,7,median (centred),61,0.7079015918958032,0.7203357452966714,0.7252018053767108,0.7370247055416299,0.6993737945251469,0.7108253366278832,1.2434153400868286,1.182290016491916,1.1451542102736245
STA-LSTM-H,7,median (centred),121,0.7079015918958032,0.7245383502170767,0.7252018053767108,0.7419190471575443,0.6993737945251469,0.7149859169127519,1.6636758321273537,1.6717241780833558,1.561212238760501
STA-LSTM-H,7,majority (centred),5,0.7079015918958032,0.7087467438494934,0.7252018053767108,0.7261073373309048,0.6993737945251469,0.7002126408838313,0.08451519536902818,0.0905531954194072,0.08388463586843642
STA-LSTM-H,7,majority (centred),11,0.7079015918958032,0.7095108538350217,0.7252018053767108,0.7268724693156,0.6993737945251469,0.7009405388412867,0.16092619392185092,0.16706639388892608,0.15667443161397898
STA-LSTM-H,7,majority (centred),31,0.7079015918958032,0.7129609261939218,0.7252018053767108,0.7303115936839114,0.6993737945251469,0.704260033452992,0.5059334298118667,0.5109788307200658,0.4886238927845121
STA-LSTM-H,7,majority (centred),61,0.7079015918958032,0.720671490593343,0.7252018053767108,0.7374881045477252,0.6993737945251469,0.7112896562692391,1.276989869753986,1.2286299171014425,1.1915861744092204
STA-LSTM-H,7,majority (centred),121,0.7079015918958032,0.7249319826338639,0.7252018053767108,0.7426529584942978,0.6993737945251469,0.7156500544407698,1.7030390738060786,1.7451153117587048,1.627625991562287
STA-LSTM-H,7,"majority (causal, trailing)",5,0.7079015918958032,0.7076353111432706,0.7252018053767108,0.7249111361314263,0.6993737945251469,0.6990820893642269,-0.02662807525325439,-0.029066924528442506,-0.02917051609200305
STA-LSTM-H,7,"majority (causal, trailing)",11,0.7079015918958032,0.7067554269175108,0.7252018053767108,0.7239626967985088,0.6993737945251469,0.6981541515098776,-0.11461649782923411,-0.1239108578201975,-0.12196430152693338
STA-LSTM-H,7,"majority (causal, trailing)",31,0.7079015918958032,0.7061070911722142,0.7252018053767108,0.7230766476196853,0.6993737945251469,0.6973077359740607,-0.17945007235889987,-0.21251577570254865,-0.2066058551086214
STA-LSTM-H,7,"majority (causal, trailing)",61,0.7079015918958032,0.7083183791606368,0.7252018053767108,0.7248094435339754,0.6993737945251469,0.6987876000089543,0.041678726483362905,-0.03923618427353892,-0.0586194516192573
STA-LSTM-H,7,"majority (causal, trailing)",121,0.7079015918958032,0.6982228654124457,0.7252018053767108,0.7155191218140944,0.6993737945251469,0.6887803847870453,-0.9678726483357436,-0.9682683562616368,-1.0593409738101633
STA-LSTM-H,8,median (centred),5,0.4720926193921852,0.47206946454413895,0.5361294708564085,0.5362718001991552,0.46108418935897344,0.4608651959621439,-0.002315484804626955,0.01423293427467165,-0.021899339682951435
STA-LSTM-H,8,median (centred),11,0.4720926193921852,0.4715137481910275,0.5361294708564085,0.5360638729281744,0.46108418935897344,0.4597899483950085,-0.057887120115773794,-0.006559792823412902,-0.12942409639649655
STA-LSTM-H,8,median (centred),31,0.4720926193921852,0.46772793053545586,0.5361294708564085,0.5347923991387504,0.46108418935897344,0.4542176582238191,-0.43646888567293596,-0.1337071717658067,-0.6866531135154341
STA-LSTM-H,8,median (centred),61,0.4720926193921852,0.4721041968162084,0.5361294708564085,0.541901680298685,0.46108418935897344,0.45686800907358166,0.0011577424023190286,0.5772209442276521,-0.42161802853917796
STA-LSTM-H,8,median (centred),121,0.4720926193921852,0.4674500723589001,0.5361294708564085,0.5390356467982563,0.46108418935897344,0.4497360810814827,-0.4642547033285094,0.2906175941847833,-1.134810827749072
STA-LSTM-H,8,majority (centred),5,0.4720926193921852,0.47206946454413895,0.5361294708564085,0.5362718001991552,0.46108418935897344,0.4608651959621439,-0.002315484804626955,0.01423293427467165,-0.021899339682951435
STA-LSTM-H,8,majority (centred),11,0.4720926193921852,0.471479015918958,0.5361294708564085,0.536036266316521,0.46108418935897344,0.4597329508379482,-0.06136034732271978,-0.009320453988748145,-0.13512385210252553
STA-LSTM-H,8,majority (centred),31,0.4720926193921852,0.4677626628075253,0.5361294708564085,0.5348262062714931,0.46108418935897344,0.4542129212770809,-0.43299565846599,-0.13032645849153646,-0.6871268081892534
STA-LSTM-H,8,majority (centred),61,0.4720926193921852,0.4720926193921852,0.5361294708564085,0.5419285657841716,0.46108418935897344,0.45663705927070924,0.0,0.5799094927763093,-0.4447130088264195
STA-LSTM-H,8,majority (centred),121,0.4720926193921852,0.4674616497829233,0.5361294708564085,0.5393627569413327,0.46108418935897344,0.4481891988272284,-0.46309696092619035,0.3233286084924236,-1.2894990531745032
STA-LSTM-H,8,"majority (causal, trailing)",5,0.4720926193921852,0.47217366136034733,0.5361294708564085,0.5365327168852577,0.46108418935897344,0.460941227564945,0.008104196816210996,0.040324602884922456,-0.01429617940284511
STA-LSTM-H,8,"majority (causal, trailing)",11,0.4720926193921852,0.47139797395079597,0.5361294708564085,0.5362844646059278,0.46108418935897344,0.4596043416726952,-0.06946454413892522,0.015499374951932765,-0.1479847686278235
STA-LSTM-H,8,"majority (causal, trailing)",31,0.4720926193921852,0.46573661360347324,0.5361294708564085,0.5334504767012868,0.46108418935897344,0.4519801295652664,-0.6356005788711983,-0.2678994155121739,-0.9104059793707042
STA-LSTM-H,8,"majority (causal, trailing)",61,0.4720926193921852,0.46078147612156295,0.5361294708564085,0.5303600433708096,0.46108418935897344,0.4450185912047404,-1.131114327062227,-0.5769427485598944,-1.606559815423303
STA-LSTM-H,8,"majority (causal, trailing)",121,0.4720926193921852,0.4515079594790159,0.5361294708564085,0.5235301309641548,0.46108418935897344,0.4318040369193452,-2.0584659913169325,-1.2599339892253703,-2.9280152439628226
STA-LSTM-H,9,median (centred),5,0.7447525325615051,0.7449030390738061,0.7420601065545042,0.7423190909943447,0.7326678203786976,0.7328800614427212,0.015050651230097412,0.0258984439840515,0.021224106402362164
STA-LSTM-H,9,median (centred),11,0.7447525325615051,0.7458523878437048,0.7420601065545042,0.7432541695916469,0.7326678203786976,0.7338417000238354,0.1099855282199691,0.11940630371427563,0.11738796451378208
STA-LSTM-H,9,median (centred),31,0.7447525325615051,0.7504833574529667,0.7420601065545042,0.7490051705201412,0.7326678203786976,0.7391236943657056,0.5730824891461594,0.6945063965636988,0.6455873987007976
STA-LSTM-H,9,median (centred),61,0.7447525325615051,0.7572098408104196,0.7420601065545042,0.7578777619084821,0.7326678203786976,0.7468431004460814,1.2457308248914556,1.5817655353977944,1.4175280067383778
STA-LSTM-H,9,median (centred),121,0.7447525325615051,0.7669232995658466,0.7420601065545042,0.7703148920643987,0.7326678203786976,0.7577745663717194,2.2170767004341507,2.8254785509894575,2.510674599302176
STA-LSTM-H,9,majority (centred),5,0.7447525325615051,0.7449493487698987,0.7420601065545042,0.7423833306841271,0.7326678203786976,0.7329223807848724,0.019681620839362424,0.032322412962293434,0.025456040617477527
STA-LSTM-H,9,majority (centred),11,0.7447525325615051,0.7459218523878437,0.7420601065545042,0.7434238673624928,0.7326678203786976,0.7339087487233358,0.11693198263386106,0.1363760807988612,0.12409283446381814
STA-LSTM-H,9,majority (centred),31,0.7447525325615051,0.7514211287988423,0.7420601065545042,0.7502638210118597,0.7326678203786976,0.7400235718818474,0.6668596237337177,0.8203714457355571,0.7355751503149821
STA-LSTM-H,9,majority (centred),61,0.7447525325615051,0.7599536903039074,0.7420601065545042,0.7620728955033709,0.7326678203786976,0.7499665136611359,1.5201157742402271,2.001278894886671,1.729869328243827
STA-LSTM-H,9,majority (centred),121,0.7447525325615051,0.769713458755427,0.7420601065545042,0.7754255867794266,0.7326678203786976,0.7610242175908266,2.4960926193921873,3.3365480224922472,2.8356397212129014
STA-LSTM-H,9,"majority (causal, trailing)",5,0.7447525325615051,0.744370477568741,0.7420601065545042,0.7419000760558773,0.7326678203786976,0.7324288314981965,-0.03820549927641137,-0.016003049862689522,-0.0238988880501112
STA-LSTM-H,9,"majority (causal, trailing)",11,0.7447525325615051,0.7443357452966715,0.7420601065545042,0.742025202643012,0.7326678203786976,0.7325002613959272,-0.041678726483362905,-0.0034903911492190076,-0.01675589827704327
STA-LSTM-H,9,"majority (causal, trailing)",31,0.7447525325615051,0.744740955137482,0.7420601065545042,0.7440168048991601,0.7326678203786976,0.7337879455593194,-0.0011577424023134775,0.19566983446559494,0.11201251806217671
STA-LSTM-H,9,"majority (causal, trailing)",61,0.7447525325615051,0.7453892908827786,0.7420601065545042,0.7481367433514284,0.7326678203786976,0.7361585312633441,0.06367583212735228,0.6076636796924273,0.3490710884646475
STA-LSTM-H,9,"majority (causal, trailing)",121,0.7447525325615051,0.7356410998552823,0.7420601065545042,0.741323068070811,0.7326678203786976,0.7277295180961806,-0.9111432706222833,-0.07370384836931088,-0.49383022825170153
STA-LSTM-H,10,median (centred),5,0.8168104196816208,0.8173777134587554,0.8263325185956223,0.82703806892416,0.7792030284473812,0.7798112421276784,0.056729377713460316,0.07055503285376963,0.060821368029717604
STA-LSTM-H,10,median (centred),11,0.8168104196816208,0.818014471780029,0.8263325185956223,0.8280875165150885,0.7792030284473812,0.7805953940592053,0.1204052098408126,0.17549979194662058,0.1392365611824098
STA-LSTM-H,10,median (centred),31,0.8168104196816208,0.8241273516642547,0.8263325185956223,0.8323374271185601,0.7792030284473812,0.7861350469727721,0.7316931982633834,0.600490852293778,0.6932018525390937
STA-LSTM-H,10,median (centred),61,0.8168104196816208,0.8312590448625181,0.8263325185956223,0.8395568592015255,0.7792030284473812,0.793480969445957,1.444862518089729,1.3224340605903162,1.4277940998575822
STA-LSTM-H,10,median (centred),121,0.8168104196816208,0.8411114327062229,0.8263325185956223,0.8497004456451943,0.7792030284473812,0.804697288833841,2.430101302460208,2.3367927049572024,2.5494260386459744
STA-LSTM-H,10,majority (centred),5,0.8168104196816208,0.8173314037626628,0.8263325185956223,0.82699692892436,0.7792030284473812,0.7797666515743623,0.052098408104195304,0.06644103287377634,0.05636231269811054
STA-LSTM-H,10,majority (centred),11,0.8168104196816208,0.8179797395079594,0.8263325185956223,0.8281187118182469,0.7792030284473812,0.7805808569150794,0.11693198263386106,0.17861932226246324,0.13778284676981833
STA-LSTM-H,10,majority (centred),31,0.8168104196816208,0.8239652677279306,0.8263325185956223,0.8328141700265693,0.7792030284473812,0.7861338479993099,0.7154848046309725,0.6481651430947033,0.6930819551928646
STA-LSTM-H,10,majority (centred),61,0.8168104196816208,0.8321273516642547,0.8263325185956223,0.8420678081791255,0.7792030284473812,0.7949522729525141,1.5316931982633841,1.5735289583503231,1.574924450513293
STA-LSTM-H,10,majority (centred),121,0.8168104196816208,0.8416671490593343,0.8263325185956223,0.8510535288019495,0.7792030284473812,0.8052238424840824,2.485672937771344,2.472101020632722,2.60208140367012
STA-LSTM-H,10,"majority (causal, trailing)",5,0.8168104196816208,0.8188943560057887,0.8263325185956223,0.8285463595672508,0.7792030284473812,0.7812229367443456,0.20839363241679232,0.22138409716284668,0.20199082969644122
STA-LSTM-H,10,"majority (causal, trailing)",11,0.8168104196816208,0.8218581765557164,0.8263325185956223,0.8321658899891141,0.7792030284473812,0.7842965740890163,0.5047756874095533,0.5833371393491826,0.5093545641635111
STA-LSTM-H,10,"majority (causal, trailing)",31,0.8168104196816208,0.8312821997105644,0.8263325185956223,0.8410570411120476,0.7792030284473812,0.7934423833183532,1.447178002894356,1.472452251642531,1.4239354870971943
STA-LSTM-H,10,"majority (causal, trailing)",61,0.8168104196816208,0.833041968162084,0.8263325185956223,0.8434017231820814,0.7792030284473812,0.7961768858004735,1.6231548480463154,1.7069204586459108,1.6973857353092314
STA-LSTM-H,10,"majority (causal, trailing)",121,0.8168104196816208,0.8258986975397974,0.8263325185956223,0.83345701564807,0.7792030284473812,0.7897621436893959,0.9088277858176563,0.7124497052447665,1.0559115242014694
STA-LSTM-H,11,median (centred),5,0.7573603473227207,0.7574066570188133,0.7674640520301331,0.7680136823543062,0.6896132824627902,0.6898407137961099,0.00463096960925391,0.05496303241731004,0.022743133331970533
STA-LSTM-H,11,median (centred),11,0.7573603473227207,0.7584833574529667,0.7674640520301331,0.7700576117029572,0.6896132824627902,0.6911107847168129,0.11230101302459605,0.2593559672824042,0.14975022540226757
STA-LSTM-H,11,median (centred),31,0.7573603473227207,0.7603589001447179,0.7674640520301331,0.7767404986749126,0.6896132824627902,0.6942505612612174,0.29985528219971247,0.9276446644779446,0.46372787984272357
STA-LSTM-H,11,median (centred),61,0.7573603473227207,0.7610882778581766,0.7674640520301331,0.7822185040153662,0.6896132824627902,0.6961749832998326,0.3727930535455837,1.4754451985233064,0.6561700837042439
STA-LSTM-H,11,median (centred),121,0.7573603473227207,0.7614703328509407,0.7674640520301331,0.7845130517525244,0.6896132824627902,0.697413936712988,0.41099855282199504,1.7048999722391267,0.7800654250197825
STA-LSTM-H,11,majority (centred),5,0.7573603473227207,0.7574761215629523,0.7674640520301331,0.7680308248217917,0.6896132824627902,0.6898945765348709,0.01157742402315698,0.05667727916586207,0.028129407208066226
STA-LSTM-H,11,majority (centred),11,0.7573603473227207,0.7586338639652678,0.7674640520301331,0.7701604659463236,0.6896132824627902,0.6912586675586541,0.12735166425470457,0.26964139161904654,0.16453850958638716
STA-LSTM-H,11,majority (centred),31,0.7573603473227207,0.7602894356005788,0.7674640520301331,0.7767147436197416,0.6896132824627902,0.6942617550749678,0.2929088277858094,0.9250691589608451,0.4648472612177601
STA-LSTM-H,11,majority (centred),61,0.7573603473227207,0.7622923299565847,0.7674640520301331,0.7831485835116654,0.6896132824627902,0.6974122483524009,0.4931982633863963,1.568453148153226,0.779896588961071
STA-LSTM-H,11,majority (centred),121,0.7573603473227207,0.7626280752532562,0.7674640520301331,0.7869609249108963,0.6896132824627902,0.6991682016256798,0.5267727930535426,1.9496872880763183,0.9554919162889641
STA-LSTM-H,11,"majority (causal, trailing)",5,0.7573603473227207,0.7579507959479016,0.7674640520301331,0.768867036473473,0.6896132824627902,0.6904570770293733,0.05904486251808727,0.14029844433398608,0.08437945665831226
STA-LSTM-H,11,"majority (causal, trailing)",11,0.7573603473227207,0.7588654124457308,0.7674640520301331,0.7702330161214089,0.6896132824627902,0.6914174161137129,0.15050651230100742,0.2768964091275805,0.18041336509226902
STA-LSTM-H,11,"majority (causal, trailing)",31,0.7573603473227207,0.758807525325615,0.7674640520301331,0.7748532803489763,0.6896132824627902,0.6928948625326526,0.14471780028942893,0.7389228318843144,0.32815800698624553
STA-LSTM-H,11,"majority (causal, trailing)",61,0.7573603473227207,0.7547206946454413,0.7674640520301331,0.7761164755187792,0.6896132824627902,0.6911367159566569,-0.26396526772793916,0.8652423488646033,0.15234334938667438
STA-LSTM-H,11,"majority (causal, trailing)",121,0.7573603473227207,0.7424717800289435,0.7674640520301331,0.7658042125070744,0.6896132824627902,0.6812456926445601,-1.4888567293777188,-0.16598395230587037,-0.8367589818230048
STA-LSTM-H,12,median (centred),5,0.8188480463096961,0.8190217076700435,0.8440934819015431,0.8444862948750415,0.7986807226450375,0.7989264729602695,0.01736613603473547,0.039281297349835764,0.02457503152319962
STA-LSTM-H,12,median (centred),11,0.8188480463096961,0.8197858176555717,0.8440934819015431,0.845523603329462,0.7986807226450375,0.7997810534832688,0.09377713458755821,0.14301214279188734,0.11003308382312449
STA-LSTM-H,12,median (centred),31,0.8188480463096961,0.8218697539797395,0.8440934819015431,0.8489103205647005,0.7986807226450375,0.8022795460509577,0.3021707670043394,0.4816838663157408,0.3598823405920215
STA-LSTM-H,12,median (centred),61,0.8188480463096961,0.8235137481910275,0.8440934819015431,0.8518799888365249,0.7986807226450375,0.8043542404244596,0.4665701881331419,0.778650693498184,0.5673517779422044
STA-LSTM-H,12,median (centred),121,0.8188480463096961,0.8194037626628076,0.8440934819015431,0.8479137643457914,0.7986807226450375,0.8006527950577288,0.05557163531114684,0.38202824442482575,0.19720724126912614
STA-LSTM-H,12,majority (centred),5,0.8188480463096961,0.8191143270622286,0.8440934819015431,0.8445482172838136,0.7986807226450375,0.7990046550225621,0.02662807525325439,0.045473538227047694,0.03239323775245939
STA-LSTM-H,12,majority (centred),11,0.8188480463096961,0.8200057887120116,0.8440934819015431,0.8456945134388879,0.7986807226450375,0.7999725591769411,0.11577424023154759,0.16010315373448103,0.12918365319035674
STA-LSTM-H,12,majority (centred),31,0.8188480463096961,0.8223907380607814,0.8440934819015431,0.849274393499817,0.7986807226450375,0.8027132419548221,0.35426917510853473,0.5180911598273941,0.40325193097845435
STA-LSTM-H,12,majority (centred),61,0.8188480463096961,0.8234095513748191,0.8440934819015431,0.8520872143538692,0.7986807226450375,0.8043387904227659,0.4561505065122984,0.7993732452326152,0.565806777772837
STA-LSTM-H,12,majority (centred),121,0.8188480463096961,0.8196005788712012,0.8440934819015431,0.8487453860281101,0.7986807226450375,0.8010318837452778,0.07525325615050926,0.4651904126567019,0.2351161100240251
STA-LSTM-H,12,"majority (causal, trailing)",5,0.8188480463096961,0.8190795947901592,0.8440934819015431,0.8445932096702596,0.7986807226450375,0.799021017021933,0.02315484804631396,0.04997277687165402,0.03402943768954225
STA-LSTM-H,12,"majority (causal, trailing)",11,0.8188480463096961,0.8194037626628076,0.8440934819015431,0.8452075633561141,0.7986807226450375,0.7994866355289892,0.05557163531114684,0.11140814545710365,0.08059128839517093
STA-LSTM-H,12,"majority (causal, trailing)",31,0.8188480463096961,0.8169146164978293,0.8440934819015431,0.8441333154162111,0.7986807226450375,0.7977482926159457,-0.1933429811866838,0.003983351466796403,-0.09324300290918242
STA-LSTM-H,12,"majority (causal, trailing)",61,0.8188480463096961,0.8070043415340087,0.8440934819015431,0.8351970250570003,0.7986807226450375,0.7887102367335359,-1.1843704775687414,-0.8896456844542766,-0.9970485911501625
STA-LSTM-H,12,"majority (causal, trailing)",121,0.8188480463096961,0.792891461649783,0.8440934819015431,0.8220333610061242,0.7986807226450375,0.7756249682594868,-2.595658465991313,-2.2060120895418867,-2.305575438555074
STA-LSTM-H,13,median (centred),5,0.7935282199710565,0.7937829232995659,0.7708979760373547,0.7712235867021326,0.7428474338873813,0.7431334243782031,0.025470332850940913,0.03256106647779866,0.028599049082178585
STA-LSTM-H,13,median (centred),11,0.7935282199710565,0.7952185238784371,0.7708979760373547,0.7726482607635798,0.7428474338873813,0.7445671076243204,0.16903039073805637,0.1750284726225182,0.17196737369391535
STA-LSTM-H,13,median (centred),31,0.7935282199710565,0.8023733719247468,0.7708979760373547,0.7818707579733996,0.7428474338873813,0.7529276337841792,0.8845151953690289,1.0972781936044895,1.008019989679787
STA-LSTM-H,13,median (centred),61,0.7935282199710565,0.812260492040521,0.7708979760373547,0.7993702086356104,0.7428474338873813,0.7667189932688238,1.8732272069464484,2.847223259825571,2.3871559381442475
STA-LSTM-H,13,median (centred),121,0.7935282199710565,0.8128046309696093,0.7708979760373547,0.7959623735119029,0.7428474338873813,0.7656176230210524,1.9276410998552818,2.506439747454825,2.2770189133671126
STA-LSTM-H,13,majority (centred),5,0.7935282199710565,0.7937366136034733,0.7708979760373547,0.7711784361309828,0.7428474338873813,0.7430990418223246,0.0208393632416759,0.028046009362814317,0.02516079349432765
STA-LSTM-H,13,majority (centred),11,0.7935282199710565,0.795137481910275,0.7708979760373547,0.772823093709277,0.7428474338873813,0.7446097274150646,0.16092619392185092,0.19251176719223828,0.17622935276833118
STA-LSTM-H,13,majority (centred),31,0.7935282199710565,0.8009840810419682,0.7708979760373547,0.7821479518976817,0.7428474338873813,0.7522103239641394,0.7455861070911673,1.1249975860327055,0.9362890076758168
STA-LSTM-H,13,majority (centred),61,0.7935282199710565,0.8125499276410999,0.7708979760373547,0.8051276059565772,0.7428474338873813,0.7689819456680462,1.9021707670043408,3.4229629919222515,2.613451178066495
STA-LSTM-H,13,majority (centred),121,0.7935282199710565,0.8134992764109985,0.7708979760373547,0.80475759209658,0.7428474338873813,0.7691321623060715,1.9971056439942014,3.3859616059225384,2.628472841869023
STA-LSTM-H,13,"majority (causal, trailing)",5,0.7935282199710565,0.7958205499276411,0.7708979760373547,0.7735623922472508,0.7428474338873813,0.7452539591038776,0.22923299565845712,0.26644162098961033,0.24065252164963136
STA-LSTM-H,13,"majority (causal, trailing)",11,0.7935282199710565,0.8004399421128798,0.7708979760373547,0.7789755344301926,0.7428474338873813,0.7501453756994222,0.691172214182334,0.8077558392837969,0.7297941812040909
STA-LSTM-H,13,"majority (causal, trailing)",31,0.7935282199710565,0.8138118668596237,0.7708979760373547,0.7975919620916508,0.7428474338873813,0.7659915991576688,2.028364688856721,2.669398605429618,2.314416527028751
STA-LSTM-H,13,"majority (causal, trailing)",61,0.7935282199710565,0.8219160636758321,0.7708979760373547,0.8153094343530789,0.7428474338873813,0.7783483376253354,2.838784370477565,4.441145831572424,3.5500903737954115
STA-LSTM-H,13,"majority (causal, trailing)",121,0.7935282199710565,0.8057771345875543,0.7708979760373547,0.79918494054025,0.7428474338873813,0.7633918935054137,1.2248914616497797,2.828696450289536,2.054445961803242
STA-LSTM-H,14,median (centred),5,0.8144023154848047,0.8152706222865412,0.7780769961504858,0.7788176863148591,0.7706343330637271,0.7715374631094868,0.08683068017365514,0.07406901643733921,0.09031300457597036
STA-LSTM-H,14,median (centred),11,0.8144023154848047,0.8170998552821997,0.7780769961504858,0.7806242792297583,0.7706343330637271,0.7736617892521406,0.26975397973950654,0.2547283079272544,0.3027456188413491
STA-LSTM-H,14,median (centred),31,0.8144023154848047,0.823108538350217,0.7780769961504858,0.7862815988577697,0.7706343330637271,0.780121294028454,0.8706222865412339,0.8204602707283959,0.9486960964726898
STA-LSTM-H,14,median (centred),61,0.8144023154848047,0.8375455861070912,0.7780769961504858,0.7993502456526809,0.7706343330637271,0.7956868996311973,2.3143270622286494,2.1273249502195113,2.5052566567470236
STA-LSTM-H,14,median (centred),121,0.8144023154848047,0.8474442836468886,0.7780769961504858,0.8088151236660517,0.7706343330637271,0.8071157253839649,3.3041968162083935,3.0738127515565927,3.6481392320237838
STA-LSTM-H,14,majority (centred),5,0.8144023154848047,0.8154327062228655,0.7780769961504858,0.778893502875944,0.7706343330637271,0.7716751616423517,0.10303907380607713,0.08165067254582992,0.10408285786246418
STA-LSTM-H,14,majority (centred),11,0.8144023154848047,0.8175166425470333,0.7780769961504858,0.7810270289031318,0.7706343330637271,0.7741421806180236,0.31143270622285835,0.2950032752646048,0.35078475542965615
STA-LSTM-H,14,majority (centred),31,0.8144023154848047,0.8235369030390738,0.7780769961504858,0.7867852586877988,0.7706343330637271,0.7806292986800761,0.9134587554269102,0.870826253731305,0.999496561634905
STA-LSTM-H,14,majority (centred),61,0.8144023154848047,0.8390622286541245,0.7780769961504858,0.8013480169362007,0.7706343330637271,0.7976286325797993,2.4659913169319814,2.327102078571497,2.699429951607224
STA-LSTM-H,14,majority (centred),121,0.8144023154848047,0.8492040520984081,0.7780769961504858,0.8103038473522276,0.7706343330637271,0.8085431192233665,3.480173661360342,3.2226851201741846,3.790878615963944
STA-LSTM-H,14,"majority (causal, trailing)",5,0.8144023154848047,0.8166483357452967,0.7780769961504858,0.7804657895730541,0.7706343330637271,0.7731360229794629,0.2246020260492032,0.23887934225683694,0.25016899157358496
STA-LSTM-H,14,"majority (causal, trailing)",11,0.8144023154848047,0.8212908827785818,0.7780769961504858,0.7858949726969701,0.7706343330637271,0.7786580771323828,0.688856729377707,0.7817976546484307,0.8023744068655692
STA-LSTM-H,14,"majority (causal, trailing)",31,0.8144023154848047,0.8366541244573082,0.7780769961504858,0.802338137143049,0.7706343330637271,0.7952611966777491,2.225180897250356,2.426114099256327,2.4626863614022
STA-LSTM-H,14,"majority (causal, trailing)",61,0.8144023154848047,0.8653777134587555,0.7780769961504858,0.8325028103758626,0.7706343330637271,0.8272038577787314,5.097539797395079,5.4425814225376845,5.656952471500432
STA-LSTM-H,14,"majority (causal, trailing)",121,0.8144023154848047,0.8759363241678726,0.7780769961504858,0.8414177817995941,0.7706343330637271,0.8386845143960483,6.153400868306791,6.334078564910839,6.805018133232121
STA-LSTM-H,15,median (centred),5,0.7764515195369031,0.7767641099855283,0.7978665644116928,0.7982752180980387,0.7543748334079888,0.7547119910949455,0.0312590448625194,0.04086536863459056,0.033715768695663506
STA-LSTM-H,15,median (centred),11,0.7764515195369031,0.7778639652677279,0.7978665644116928,0.7997479170743564,0.7543748334079888,0.755907334732214,0.1412445730824885,0.1881352662663649,0.15325013242252217
STA-LSTM-H,15,median (centred),31,0.7764515195369031,0.7837221418234442,0.7978665644116928,0.8049752563264523,0.7543748334079888,0.7614598530317574,0.7270622286541184,0.7108691914759491,0.7085019623768618
STA-LSTM-H,15,median (centred),61,0.7764515195369031,0.7918958031837916,0.7978665644116928,0.814609614903329,0.7543748334079888,0.7699899184017239,1.5444283646888546,1.6743050491636158,1.5615084993735096
STA-LSTM-H,15,median (centred),121,0.7764515195369031,0.7938755426917511,0.7978665644116928,0.8173957189628048,0.7543748334079888,0.7725176990064438,1.7424023154848034,1.9529154551112038,1.8142865598455016
STA-LSTM-H,15,majority (centred),5,0.7764515195369031,0.7768683068017366,0.7978665644116928,0.7983434219375765,0.7543748334079888,0.7547991560811771,0.0416787264833518,0.047685752588366714,0.04243226731882599
STA-LSTM-H,15,majority (centred),11,0.7764515195369031,0.7779334298118669,0.7978665644116928,0.7998590627864098,0.7543748334079888,0.7559888224250487,0.14819102749638047,0.19924983747170444,0.16139890170598914
STA-LSTM-H,15,majority (centred),31,0.7764515195369031,0.7838031837916064,0.7978665644116928,0.8055898015860875,0.7543748334079888,0.7617153887953636,0.735166425470335,0.7723237174394715,0.734055538737477
STA-LSTM-H,15,majority (centred),61,0.7764515195369031,0.7915137481910275,0.7978665644116928,0.8149024028420512,0.7543748334079888,0.7698029909543957,1.5062228654124432,1.7035838430358385,1.5428157546406918
STA-LSTM-H,15,majority (centred),121,0.7764515195369031,0.7937250361794501,0.7978665644116928,0.8175240503571363,0.7543748334079888,0.772470588822945,1.727351664254706,1.9657485945443476,1.8095755414956116
STA-LSTM-H,15,"majority (causal, trailing)",5,0.7764515195369031,0.7772503617945007,0.7978665644116928,0.7986885033976509,0.7543748334079888,0.7551298515432263,0.07988422575976317,0.08219389859580595,0.0755018135237484
STA-LSTM-H,15,"majority (causal, trailing)",11,0.7764515195369031,0.7792069464544139,0.7978665644116928,0.8012380745531152,0.7543748334079888,0.7572047497887646,0.27554269175108503,0.33715101414224513,0.28299163807757877
STA-LSTM-H,15,"majority (causal, trailing)",31,0.7764515195369031,0.7836526772793053,0.7978665644116928,0.8049839558195204,0.7543748334079888,0.7613553395348073,0.7201157742402264,0.7117391407827633,0.6980506126818442
STA-LSTM-H,15,"majority (causal, trailing)",61,0.7764515195369031,0.7861070911722142,0.7978665644116928,0.8094672851424992,0.7543748334079888,0.7647776875856369,0.9655571635311166,1.1600720730806424,1.040285417764808
STA-LSTM-H,15,"majority (causal, trailing)",121,0.7764515195369031,0.771218523878437,0.7978665644116928,0.7929505272407179,0.7543748334079888,0.7505584980079766,-0.5232995658466022,-0.4916037170974885,-0.38163354000122496
STA-LSTM-H,16,median (centred),5,0.7696324167872648,0.7704544138929088,0.6987962352414091,0.6996070504416969,0.6972835808039063,0.6982231543114653,0.08219971056440123,0.08108152002878066,0.09395735075590217
STA-LSTM-H,16,median (centred),11,0.7696324167872648,0.772040520984081,0.6987962352414091,0.7011819846637865,0.6972835808039063,0.6999106229121018,0.2408104196816252,0.2385749422377348,0.2627042108195532
STA-LSTM-H,16,median (centred),31,0.7696324167872648,0.7824486251808973,0.6987962352414091,0.7124974177400439,0.6972835808039063,0.7120643082107628,1.281620839363251,1.3701182498634834,1.4780727406856542
STA-LSTM-H,16,median (centred),61,0.7696324167872648,0.7998726483357453,0.6987962352414091,0.7277940478895526,0.6972835808039063,0.7306246922852272,3.0240231548480545,2.8997812648143495,3.3341111481320906
STA-LSTM-H,16,median (centred),121,0.7696324167872648,0.8126657018813314,0.6987962352414091,0.7364630353802761,0.6972835808039063,0.7437881783843928,4.303328509406656,3.766680013886703,4.650459758048653
STA-LSTM-H,16,majority (centred),5,0.7696324167872648,0.7703039073806078,0.6987962352414091,0.6994505010008942,0.6972835808039063,0.6980925398436187,0.06714905933430382,0.06542657594851287,0.08089590397124535
STA-LSTM-H,16,majority (centred),11,0.7696324167872648,0.7715311143270622,0.6987962352414091,0.7007306875247625,0.6972835808039063,0.699409876426596,0.18986975397974337,0.19344522833534272,0.21262956226897334
STA-LSTM-H,16,majority (centred),31,0.7696324167872648,0.7802026049204052,0.6987962352414091,0.7109420951873764,0.6972835808039063,0.7099594962231058,1.0570188133140368,1.2145859945967286,1.2675915419199546
STA-LSTM-H,16,majority (centred),61,0.7696324167872648,0.7961794500723589,0.6987962352414091,0.7257856892466025,0.6972835808039063,0.7276766837995984,2.6547033285094113,2.698945400519337,3.039310299569209
STA-LSTM-H,16,majority (centred),121,0.7696324167872648,0.807849493487699,0.6987962352414091,0.7360231103860171,0.6972835808039063,0.7414024337198324,3.821707670043417,3.7226875144607985,4.4118852915926094
STA-LSTM-H,16,"majority (causal, trailing)",5,0.7696324167872648,0.7725267727930536,0.6987962352414091,0.7022347341383816,0.6972835808039063,0.7006585251330527,0.28943560057888007,0.3438498896972453,0.3374944329146423
STA-LSTM-H,16,"majority (causal, trailing)",11,0.7696324167872648,0.7772040520984081,0.6987962352414091,0.7078690398239905,0.6972835808039063,0.7060132455279137,0.7571635311143354,0.9072804582581417,0.872966472400738
STA-LSTM-H,16,"majority (causal, trailing)",31,0.7696324167872648,0.7981128798842257,0.6987962352414091,0.733743822908188,0.6972835808039063,0.7311212774248714,2.848046309696095,3.4947587666778857,3.383769662096514
STA-LSTM-H,16,"majority (causal, trailing)",61,0.7696324167872648,0.8210246020260492,0.6987962352414091,0.7559829769260462,0.6972835808039063,0.7564442590160528,5.139218523878442,5.718674168463711,5.9160678212146545
STA-LSTM-H,16,"majority (causal, trailing)",121,0.7696324167872648,0.826836468885673,0.6987962352414091,0.7605261286365876,0.6972835808039063,0.7653041433551623,5.720405209840818,6.172989339517853,6.802056255125599
STA-LSTM-H,17,median (centred),5,0.7622228654124458,0.7626512301013024,0.7774035171212352,0.7782003388863782,0.7210917451275675,0.7216341002693497,0.04283646888566528,0.07968217651429521,0.0542355141782247
STA-LSTM-H,17,median (centred),11,0.7622228654124458,0.7627438494934877,0.7774035171212352,0.7783381520310492,0.7210917451275675,0.7217506247802078,0.052098408104195304,0.09346349098139362,0.06588796526403318
STA-LSTM-H,17,median (centred),31,0.7622228654124458,0.7706743849493488,0.7774035171212352,0.787838951274873,0.7210917451275675,0.7301840763201124,0.845151953690304,1.043543415363779,0.9092331192544933
STA-LSTM-H,17,median (centred),61,0.7622228654124458,0.7807004341534008,0.7774035171212352,0.8005318738172801,0.7210917451275675,0.7410934441403773,1.8477568740955075,2.312835669604485,2.0001699012809793
STA-LSTM-H,17,median (centred),121,0.7622228654124458,0.7861881331403763,0.7774035171212352,0.8080955192083475,0.7210917451275675,0.7476449798487229,2.3965267727930506,3.0692002087112313,2.655323472115545
STA-LSTM-H,17,majority (centred),5,0.7622228654124458,0.7627554269175109,0.7774035171212352,0.7782728642423176,0.7210917451275675,0.7217177082999077,0.05325615050650878,0.08693471210823311,0.06259631723402048
STA-LSTM-H,17,majority (centred),11,0.7622228654124458,0.7628943560057887,0.7774035171212352,0.7784361310716011,0.7210917451275675,0.7218636930769566,0.06714905933429272,0.10326139503659126,0.07719479493891734
STA-LSTM-H,17,majority (centred),31,0.7622228654124458,0.7707322720694646,0.7774035171212352,0.787967105554764,0.7210917451275675,0.7302229809658677,0.8509406657018825,1.056358843352878,0.9131235838300222
STA-LSTM-H,17,majority (centred),61,0.7622228654124458,0.7796816208393632,0.7774035171212352,0.8000072152525997,0.7210917451275675,0.740197772567389,1.7458755426917438,2.2603698131364425,1.9106027439821482
STA-LSTM-H,17,majority (centred),121,0.7622228654124458,0.7844052098408104,0.7774035171212352,0.8068827636495324,0.7210917451275675,0.7459491376880889,2.218234442836464,2.9479246528297143,2.485739256052144
STA-LSTM-H,17,"majority (causal, trailing)",5,0.7622228654124458,0.7643878437047756,0.7774035171212352,0.7802717756725062,0.7210917451275675,0.7233620253866101,0.21649782923298666,0.286825855127093,0.2270280259042634
STA-LSTM-H,17,"majority (causal, trailing)",11,0.7622228654124458,0.7665180897250362,0.7774035171212352,0.7828526445994518,0.7210917451275675,0.7255109771884746,0.429522431259044,0.5449127478216576,0.4419232060907108
STA-LSTM-H,17,"majority (causal, trailing)",31,0.7622228654124458,0.7782228654124458,0.7774035171212352,0.7966674049544711,0.7210917451275675,0.7376789974962096,1.6000000000000014,1.9263887833235849,1.6587252368642114
STA-LSTM-H,17,"majority (causal, trailing)",61,0.7622228654124458,0.7803183791606367,0.7774035171212352,0.8002789835577319,0.7210917451275675,0.740888201266381,1.8095513748190961,2.2875466436496628,1.9796456138813534
STA-LSTM-H,17,"majority (causal, trailing)",121,0.7622228654124458,0.7689956584659913,0.7774035171212352,0.7879435841182868,0.7210917451275675,0.7307090661979011,0.67727930535455,1.0540066997051567,0.961732107033364
STA-LSTM-H,18,median (centred),5,0.7605325615050651,0.7611808972503618,0.7451583314797982,0.7461717843845362,0.6994911421326431,0.7002926116355171,0.06483357452966576,0.1013452904738088,0.08014695028740748
STA-LSTM-H,18,median (centred),11,0.7605325615050651,0.7628364688856729,0.7451583314797982,0.7489262540298233,0.6994911421326431,0.7025602545967492,0.2303907380607817,0.37679225500251157,0.30691124641061274
STA-LSTM-H,18,median (centred),31,0.7605325615050651,0.7701881331403763,0.7451583314797982,0.7608206967712334,0.6994911421326431,0.71211979750931,0.9655571635311166,1.5662365291435276,1.2628655376666909
STA-LSTM-H,18,median (centred),61,0.7605325615050651,0.7747612156295224,0.7451583314797982,0.7693409210903971,0.6994911421326431,0.7183756343021456,1.4228654124457285,2.4182589610598937,1.8884492169502498
STA-LSTM-H,18,median (centred),121,0.7605325615050651,0.7711490593342981,0.7451583314797982,0.7661835366980018,0.6994911421326431,0.7152826578219345,1.0616497829233018,2.1025205218203613,1.579151568929138
STA-LSTM-H,18,majority (centred),5,0.7605325615050651,0.7611345875542692,0.7451583314797982,0.7460276079237463,0.6994911421326431,0.7002048021624717,0.06020260492041185,0.08692764439481859,0.07136600298286444
STA-LSTM-H,18,majority (centred),11,0.7605325615050651,0.7626628075253257,0.7451583314797982,0.7484595611080817,0.6994911421326431,0.7022710140978456,0.21302460202605733,0.33012296282834974,0.2779871965202574
STA-LSTM-H,18,majority (centred),31,0.7605325615050651,0.7698639652677279,0.7451583314797982,0.7599470779742793,0.6994911421326431,0.7116378365289243,0.9331403762662838,1.4788746494481142,1.2146694396281243
STA-LSTM-H,18,majority (centred),61,0.7605325615050651,0.7761389290882779,0.7451583314797982,0.7690958142865071,0.6994911421326431,0.7197269762478785,1.5606367583212766,2.393748280670893,2.023583411523544
STA-LSTM-H,18,majority (centred),121,0.7605325615050651,0.77210998552822,0.7451583314797982,0.7663450551250756,0.6994911421326431,0.7167276297352866,1.157742402315487,2.1186723645277405,1.7236487602643513
STA-LSTM-H,18,"majority (causal, trailing)",5,0.7605325615050651,0.7610651230101303,0.7451583314797982,0.7458131034016852,0.6994911421326431,0.6999723626155528,0.053256150506519884,0.06547719218870096,0.048122048290977215
STA-LSTM-H,18,"majority (causal, trailing)",11,0.7605325615050651,0.7618176555716353,0.7451583314797982,0.7468345289108678,0.6994911421326431,0.7008852135576782,0.12850940665701804,0.16761974310696148,0.1394071425035115
STA-LSTM-H,18,"majority (causal, trailing)",31,0.7605325615050651,0.7640520984081042,0.7451583314797982,0.7529862872084289,0.6994911421326431,0.705300557276419,0.3519536903039078,0.7827955728630709,0.5809415143775976
STA-LSTM-H,18,"majority (causal, trailing)",61,0.7605325615050651,0.7623270622286541,0.7451583314797982,0.7555515233608835,0.6994911421326431,0.7067576977422757,0.17945007235889987,1.039319188108534,0.726655560963263
STA-LSTM-H,18,"majority (causal, trailing)",121,0.7605325615050651,0.7483415340086831,0.7451583314797982,0.7422068816351631,0.6994911421326431,0.6928954558733212,-1.2191027496382012,-0.29514498446350235,-0.6595686259321831
GRU,1,median (centred),5,0.8354848046309696,0.8370130246020261,0.8180956303308099,0.8203702164558432,0.7975294805860268,0.7994589244489892,0.15282199710564548,0.22745861250332844,0.19294438629624544
GRU,1,median (centred),11,0.8354848046309696,0.8390969609261939,0.8180956303308099,0.8226489578166811,0.7975294805860268,0.801596718422387,0.3612156295224267,0.4553327485871228,0.40672378363602046
GRU,1,median (centred),31,0.8354848046309696,0.8460897250361794,0.8180956303308099,0.8310819679599241,0.7975294805860268,0.809424598499005,1.0604920405209772,1.2986337629114164,1.189511791297826
GRU,1,median (centred),61,0.8354848046309696,0.8599363241678727,0.8180956303308099,0.8484545933584031,0.7975294805860268,0.8257086407509534,2.4451519536903055,3.035896302759322,2.817916016492661
GRU,1,median (centred),121,0.8354848046309696,0.8653314037626628,0.8180956303308099,0.8585504717326868,0.7975294805860268,0.8332427602411835,2.9846599131693186,4.045484140187694,3.5713279655156693
GRU,1,majority (centred),5,0.8354848046309696,0.8369088277858177,0.8180956303308099,0.8202883731366758,0.7975294805860268,0.7993643669353316,0.14240231548480198,0.21927428058658993,0.18348863493048428
GRU,1,majority (centred),11,0.8354848046309696,0.8388191027496382,0.8180956303308099,0.822539137548962,0.7975294805860268,0.8013688338148116,0.3334298118668588,0.44435072181521207,0.3839353228784814
GRU,1,majority (centred),31,0.8354848046309696,0.8456729377713459,0.8180956303308099,0.8313755188189065,0.7975294805860268,0.8091841918258739,1.0188133140376254,1.327988848809658,1.165471123984707
GRU,1,majority (centred),61,0.8354848046309696,0.8594616497829233,0.8180956303308099,0.8502846616700142,0.7975294805860268,0.8258198184466939,2.397684515195364,3.2189031339204255,2.8290337860667147
GRU,1,majority (centred),121,0.8354848046309696,0.8642083936324167,0.8180956303308099,0.8617456030126779,0.7975294805860268,0.8333459229717072,2.8723589001447114,4.364997268186799,3.581644238568038
GRU,1,"majority (causal, trailing)",5,0.8354848046309696,0.838136034732272,0.8180956303308099,0.8217243197861374,0.7975294805860268,0.8006697033366144,0.26512301013024153,0.36286894553274607,0.31402227505875624
GRU,1,"majority (causal, trailing)",11,0.8354848046309696,0.8418292329956585,0.8180956303308099,0.826176020461733,0.7975294805860268,0.804651859777103,0.6344428364688848,0.8080390130923099,0.7122379191076167
GRU,1,"majority (causal, trailing)",31,0.8354848046309696,0.8525499276410998,0.8180956303308099,0.8392995333346923,0.7975294805860268,0.8163288114160919,1.706512301013019,2.120390300388242,1.879933083006513
GRU,1,"majority (causal, trailing)",61,0.8354848046309696,0.8671953690303907,0.8180956303308099,0.8594735600027176,0.7975294805860268,0.8340407022013929,3.1710564399421104,4.137792967190768,3.651122161536613
GRU,1,"majority (causal, trailing)",121,0.8354848046309696,0.8607583212735166,0.8180956303308099,0.8588434272749593,0.7975294805860268,0.8303479533550834,2.5273516642546956,4.074779694414943,3.2818472769056584
GRU,2,median (centred),5,0.816821997105644,0.817863965267728,0.8152692925805022,0.8167346868132132,0.7995789489454119,0.8008080766181093,0.10419681620840171,0.14653942327109704,0.12291276726973388
GRU,2,median (centred),11,0.816821997105644,0.8192764109985529,0.8152692925805022,0.818491448618324,0.7995789489454119,0.802388660379417,0.2454413892908902,0.3222156037821833,0.2809711434005102
GRU,2,median (centred),31,0.816821997105644,0.8242431259044862,0.8152692925805022,0.824895034953265,0.7995789489454119,0.8079948826494702,0.7421128798842269,0.9625742372762813,0.8415933704058243
GRU,2,median (centred),61,0.816821997105644,0.837904486251809,0.8152692925805022,0.8422553185097273,0.7995789489454119,0.823246057339109,2.108248914616506,2.6986025929225166,2.3667108393697123
GRU,2,median (centred),121,0.816821997105644,0.8432764109985528,0.8152692925805022,0.8504791566339386,0.7995789489454119,0.8297373867131318,2.6454413892908812,3.52098640534364,3.015843776771987
GRU,2,majority (centred),5,0.816821997105644,0.8180028943560058,0.8152692925805022,0.8168757451708105,0.7995789489454119,0.8009259492046041,0.11808972503618564,0.16064525903083382,0.13470002591922103
GRU,2,majority (centred),11,0.816821997105644,0.8196931982633864,0.8152692925805022,0.8189513566008335,0.7995789489454119,0.8027552771678694,0.287120115774242,0.36820640203313326,0.3176328222457503
GRU,2,majority (centred),31,0.816821997105644,0.8243241678726483,0.8152692925805022,0.8254785987209038,0.7995789489454119,0.8081107250698473,0.7502170767004324,1.0209306140401608,0.8531776124435342
GRU,2,majority (centred),61,0.816821997105644,0.8388306801736614,0.8152692925805022,0.8444742007999956,0.7995789489454119,0.8242376282277798,2.20086830680174,2.9204908219493397,2.465867928236787
GRU,2,majority (centred),121,0.816821997105644,0.843739507959479,0.8152692925805022,0.8524805787230427,0.7995789489454119,0.830269286207398,2.691751085383509,3.7211286142540545,3.069033726198611
GRU,2,"majority (causal, trailing)",5,0.816821997105644,0.8191490593342982,0.8152692925805022,0.818069499994902,0.7995789489454119,0.8020831457893175,0.23270622286541975,0.2800207414399791,0.25041968439055706
GRU,2,"majority (causal, trailing)",11,0.816821997105644,0.8225180897250362,0.8152692925805022,0.8218446349631551,0.7995789489454119,0.8055770236091648,0.569609261939219,0.6575342382652893,0.5998074663752906
GRU,2,"majority (causal, trailing)",31,0.816821997105644,0.8312358900144717,0.8152692925805022,0.8322468642135371,0.7995789489454119,0.8148196094257255,1.4413892908827775,1.6977571633034927,1.5240660480313584
GRU,2,"majority (causal, trailing)",61,0.816821997105644,0.8490998552821997,0.8152692925805022,0.8546821247095323,0.7995789489454119,0.8342724704090795,3.2277858176555707,3.941283212903013,3.4693521463667554
GRU,2,"majority (causal, trailing)",121,0.816821997105644,0.8459971056439942,0.8152692925805022,0.8542385827124187,0.7995789489454119,0.8322211440301438,2.917510853835026,3.8969290131916523,3.2642195084731873
GRU,3,median (centred),5,0.8074674384949349,0.8083820549927642,0.8092844176432373,0.8107555502636684,0.7865713720555156,0.7876880882604002,0.09146164978293125,0.14711326204310815,0.11167162048845158
GRU,3,median (centred),11,0.8074674384949349,0.8103502170767004,0.8092844176432373,0.8134531674440422,0.7865713720555156,0.7899453664815558,0.2882778581765555,0.41687498008048385,0.3373994426040139
GRU,3,median (centred),31,0.8074674384949349,0.815178002894356,0.8092844176432373,0.8201634869266968,0.7865713720555156,0.7955850195542461,0.7710564399421194,1.0879069283459497,0.9013647498730459
GRU,3,median (centred),61,0.8074674384949349,0.8210593342981186,0.8092844176432373,0.8286195978774603,0.7865713720555156,0.8024592082893515,1.3591895803183762,1.9335180234222982,1.5887836233835828
GRU,3,median (centred),121,0.8074674384949349,0.8222518089725036,0.8092844176432373,0.831933190832639,0.7865713720555156,0.8044098658602178,1.4784370477568753,2.2648773189401616,1.783849380470215
GRU,3,majority (centred),5,0.8074674384949349,0.8081852387843704,0.8092844176432373,0.8105804510472036,0.7865713720555156,0.7875102884589129,0.07178002894355773,0.12960334039662236,0.09389164033972719
GRU,3,majority (centred),11,0.8074674384949349,0.8100028943560058,0.8092844176432373,0.8133558896115879,0.7865713720555156,0.7897041631588037,0.25354558610709566,0.40714719683505596,0.3132791103288013
GRU,3,majority (centred),31,0.8074674384949349,0.8142402315484805,0.8092844176432373,0.819701715508269,0.7865713720555156,0.7948382741070987,0.6772793053545612,1.041729786503165,0.8266902051583092
GRU,3,majority (centred),61,0.8074674384949349,0.8212098408104197,0.8092844176432373,0.8295827423909926,0.7865713720555156,0.8029325145784959,1.3742402315484847,2.029832474775528,1.6361142522980265
GRU,3,majority (centred),121,0.8074674384949349,0.8220086830680173,0.8092844176432373,0.8326780338306876,0.7865713720555156,0.8045325693995214,1.454124457308248,2.3393616187450283,1.7961197344005808
GRU,3,"majority (causal, trailing)",5,0.8074674384949349,0.8094240231548481,0.8092844176432373,0.8118439124945055,0.7865713720555156,0.7887086128454674,0.19565846599132186,0.25594948512681626,0.2137240789951811
GRU,3,"majority (causal, trailing)",11,0.8074674384949349,0.8130593342981187,0.8092844176432373,0.8165270263338082,0.7865713720555156,0.7926910083941934,0.5591895803183866,0.7242608690570917,0.6119636338677736
GRU,3,"majority (causal, trailing)",31,0.8074674384949349,0.8227959479015919,0.8092844176432373,0.8288903071449535,0.7865713720555156,0.8033492548047514,1.5328509406657087,1.9605889501716156,1.677788274923575
GRU,3,"majority (causal, trailing)",61,0.8074674384949349,0.8297539797395079,0.8092844176432373,0.8379907768964983,0.7865713720555156,0.8110141205754227,2.2286541244573077,2.8706359253260927,2.444274851990702
GRU,3,"majority (causal, trailing)",121,0.8074674384949349,0.8225528219971057,0.8092844176432373,0.8329662658895742,0.7865713720555156,0.8049423874163059,1.5085383502170813,2.36818482463369,1.8371015360790222
GRU,4,median (centred),5,0.756642547033285,0.7591664254703329,0.7213389979905882,0.7242098520006742,0.7141998856407429,0.7174741558418342,0.2523878437047822,0.28708540100860214,0.32742702010912783
GRU,4,median (centred),11,0.756642547033285,0.7640868306801737,0.7213389979905882,0.7296268427585576,0.7141998856407429,0.7235758939087008,0.744428364688865,0.8287844767969399,0.9376008267957925
GRU,4,median (centred),31,0.756642547033285,0.7816034732272069,0.7213389979905882,0.746887338897802,0.7141998856407429,0.7428995159081238,2.4960926193921873,2.5548340907213807,2.869963026738087
GRU,4,median (centred),61,0.756642547033285,0.8016208393632417,0.7213389979905882,0.7688615351604019,0.7141998856407429,0.7661423301540231,4.497829232995665,4.75225371698137,5.194244451328023
GRU,4,median (centred),121,0.756642547033285,0.8121562952243125,0.7213389979905882,0.7774238053889624,0.7141998856407429,0.7769780119435671,5.55137481910275,5.608480739837418,6.27781263028242
GRU,4,majority (centred),5,0.756642547033285,0.7582749638205499,0.7213389979905882,0.7233655730161499,0.7141998856407429,0.7165553721440668,0.16324167872648898,0.20265750255616943,0.23554865033239558
GRU,4,majority (centred),11,0.756642547033285,0.7613314037626628,0.7213389979905882,0.7271434458931477,0.7141998856407429,0.7205630415469416,0.46888567293777994,0.5804447902559517,0.6363155906198736
GRU,4,majority (centred),31,0.756642547033285,0.7750390738060782,0.7213389979905882,0.7411598020259355,0.7141998856407429,0.7357776911624049,1.8396526772793131,1.982080403534725,2.1577805521661997
GRU,4,majority (centred),61,0.756642547033285,0.7935282199710565,0.7213389979905882,0.7638371599961994,0.7141998856407429,0.7585847966233654,3.688567293777145,4.249816200561119,4.438491098262254
GRU,4,majority (centred),121,0.756642547033285,0.8036816208393632,0.7213389979905882,0.7750555453048412,0.7141998856407429,0.7708286141838854,4.703907380607819,5.371654731425302,5.66287285431425
GRU,4,"majority (causal, trailing)",5,0.756642547033285,0.7594442836468885,0.7213389979905882,0.7243611290141899,0.7141998856407429,0.7175199740449801,0.28017366136035005,0.3022131023601715,0.33200884042372536
GRU,4,"majority (causal, trailing)",11,0.756642547033285,0.7648277858176555,0.7213389979905882,0.7303770969842874,0.7141998856407429,0.7237182750499667,0.8185238784370497,0.9038098993699228,0.9518389409223782
GRU,4,"majority (causal, trailing)",31,0.756642547033285,0.7864891461649783,0.7213389979905882,0.7524674886166354,0.7141998856407429,0.7468821334908361,2.9846599131693297,3.1128490626047167,3.2682247850093216
GRU,4,"majority (causal, trailing)",61,0.756642547033285,0.8095513748191028,0.7213389979905882,0.7799126771834737,0.7141998856407429,0.7742835242267248,5.290882778581773,5.8573679192885475,6.008363858598187
GRU,4,"majority (causal, trailing)",121,0.756642547033285,0.8175166425470333,0.7213389979905882,0.7907905778153422,0.7141998856407429,0.7862692267116094,6.087409551374822,6.945157982475402,7.206934107086649
GRU,5,median (centred),5,0.8192532561505065,0.8207351664254703,0.8140081636887668,0.8158613327387689,0.7877175528957098,0.7893691695067137,0.14819102749638047,0.18531690500021014,0.1651616611003881
GRU,5,median (centred),11,0.8192532561505065,0.8218813314037626,0.8140081636887668,0.817620996952059,0.7877175528957098,0.7907432655591699,0.2628075253256146,0.36128332632922033,0.30257126634600784
GRU,5,median (centred),31,0.8192532561505065,0.8261302460202605,0.8140081636887668,0.8220161929213244,0.7877175528957098,0.7951907233803753,0.6876989869754047,0.8008029232557612,0.7473170484665559
GRU,5,median (centred),61,0.8192532561505065,0.8327062228654124,0.8140081636887668,0.8279823973885939,0.7877175528957098,0.8018121849007266,1.3452966714905923,1.3974233699827088,1.4094632005016816
GRU,5,median (centred),121,0.8192532561505065,0.8335397973950796,0.8140081636887668,0.8317616468037358,0.7877175528957098,0.8039573875583024,1.428654124457307,1.7753483114968938,1.62398346625926
GRU,5,majority (centred),5,0.8192532561505065,0.8206888567293777,0.8140081636887668,0.8158084901892261,0.7877175528957098,0.7893184064871973,0.14356005788712656,0.18003265004592484,0.16008535914875388
GRU,5,majority (centred),11,0.8192532561505065,0.821534008683068,0.8140081636887668,0.8172942894428509,0.7877175528957098,0.7903777721444983,0.22807525325615474,0.3286125754084046,0.26602192487885645
GRU,5,majority (centred),31,0.8192532561505065,0.824752532561505,0.8140081636887668,0.8208581527160937,0.7877175528957098,0.7937519351926023,0.5499276410998566,0.6849989027326919,0.6034382296892571
GRU,5,majority (centred),61,0.8192532561505065,0.8303444283646888,0.8140081636887668,0.8263241239275777,0.7877175528957098,0.7996112965682527,1.109117221418232,1.2315960238810875,1.1893743672542922
GRU,5,majority (centred),121,0.8192532561505065,0.8332503617945007,0.8140081636887668,0.8320645578317167,0.7877175528957098,0.8036845984253892,1.3997105643994256,1.8056394142949905,1.5967045529679424
GRU,5,"majority (causal, trailing)",5,0.8192532561505065,0.8221128798842258,0.8140081636887668,0.8171921465935035,0.7877175528957098,0.7906223870319669,0.28596237337192854,0.31839829047366486,0.2904834136257084
GRU,5,"majority (causal, trailing)",11,0.8192532561505065,0.8250767004341534,0.8140081636887668,0.8206351885179775,0.7877175528957098,0.793561079368685,0.5823444283646895,0.6627024829210626,0.5843526472975258
GRU,5,"majority (causal, trailing)",31,0.8192532561505065,0.8344428364688856,0.8140081636887668,0.8304064668833622,0.7877175528957098,0.80271047903316,1.5189580318379137,1.6398303194595343,1.499292613745018
GRU,5,"majority (causal, trailing)",61,0.8192532561505065,0.8412619392185239,0.8140081636887668,0.8376371879170929,0.7877175528957098,0.8100996627398449,2.20086830680174,2.3629024228326023,2.2382109844135134
GRU,5,"majority (causal, trailing)",121,0.8192532561505065,0.8382981186685963,0.8140081636887668,0.8393095218585747,0.7877175528957098,0.8099922973030412,1.904486251808979,2.530135816980783,2.227474440733146
GRU,6,median (centred),5,0.8125383502170767,0.8143791606367583,0.806634120463421,0.8087341133461227,0.7938650920947669,0.795928440647522,0.18408104196816488,0.20999928827016845,0.20633485527551398
GRU,6,median (centred),11,0.8125383502170767,0.8166599131693199,0.806634120463421,0.8112068862642303,0.7938650920947669,0.7984739209327486,0.4121562952243196,0.4572765800809342,0.4608828837981749
GRU,6,median (centred),31,0.8125383502170767,0.822136034732272,0.806634120463421,0.8165104615785017,0.7938650920947669,0.804201182842711,0.9597684515195382,0.9876341115080733,1.033609074794417
GRU,6,median (centred),61,0.8125383502170767,0.8282026049204052,0.806634120463421,0.8234467191465349,0.7938650920947669,0.8106434220634068,1.566425470332855,1.681259868311391,1.6778329968639927
GRU,6,median (centred),121,0.8125383502170767,0.8334471780028944,0.806634120463421,0.8297126788861058,0.7938650920947669,0.8159737786378164,2.0908827785817707,2.3078558422684803,2.210868654304954
GRU,6,majority (centred),5,0.8125383502170767,0.8139276410998553,0.806634120463421,0.8083061276041215,0.7938650920947669,0.7954836259533131,0.13892908827786155,0.16720071407004822,0.16185338585462672
GRU,6,majority (centred),11,0.8125383502170767,0.815698986975398,0.806634120463421,0.8103637109793008,0.7938650920947669,0.797480567731483,0.31606367583213446,0.37295905158798437,0.3615475636716159
GRU,6,majority (centred),31,0.8125383502170767,0.8202489146164978,0.806634120463421,0.815092629029165,0.7938650920947669,0.8022946013833749,0.7710564399421194,0.8458508565744038,0.8429509288608084
GRU,6,majority (centred),61,0.8125383502170767,0.8257597684515195,0.806634120463421,0.8215181834538784,0.7938650920947669,0.8080298118414341,1.3221418234442894,1.4884062990457414,1.416471974666722
GRU,6,majority (centred),121,0.8125383502170767,0.8311780028943561,0.806634120463421,0.8286427215502852,0.7938650920947669,0.8138174471459073,1.8639652677279406,2.20086010868642,1.9952355051140458
GRU,6,"majority (causal, trailing)",5,0.8125383502170767,0.8156642547033285,0.806634120463421,0.8100735516538409,0.7938650920947669,0.797172715291384,0.3125904486251829,0.3439431190419895,0.3307623196617149
GRU,6,"majority (causal, trailing)",11,0.8125383502170767,0.8193111432706223,0.806634120463421,0.8139436221534667,0.7938650920947669,0.80089641321858,0.6772793053545612,0.7309501690045739,0.7031321123813106
GRU,6,"majority (causal, trailing)",31,0.8125383502170767,0.8304138929088278,0.806634120463421,0.8250175584026644,0.7938650920947669,0.8116629998686244,1.7875542691751178,1.8383437939243463,1.779790777385759
GRU,6,"majority (causal, trailing)",61,0.8125383502170767,0.8410188133140376,0.806634120463421,0.8372477281466999,0.7938650920947669,0.8227336248056946,2.848046309696095,3.061360768327892,2.886853271092771
GRU,6,"majority (causal, trailing)",121,0.8125383502170767,0.8364688856729378,0.806634120463421,0.8344502645377739,0.7938650920947669,0.8192891094367379,2.39305354558611,2.7816144074352955,2.5424017341971084
GRU,7,median (centred),5,0.6538581765557163,0.6543328509406657,0.6867724577783573,0.6873593500596243,0.6523778507706749,0.6528468134341658,0.047467438494941394,0.05868922812670707,0.046896266349094606
GRU,7,median (centred),11,0.6538581765557163,0.6555369030390739,0.6867724577783573,0.6884988753455462,0.6523778507706749,0.6539904792120242,0.167872648335754,0.17264175671889426,0.16126284413493508
GRU,7,median (centred),31,0.6538581765557163,0.6614182344428364,0.6867724577783573,0.693789368880524,0.6523778507706749,0.6593516152647662,0.7560057887120109,0.7016911102166734,0.6973764494091261
GRU,7,median (centred),61,0.6538581765557163,0.6667785817655572,0.6867724577783573,0.6986375550258647,0.6523778507706749,0.6643276333907461,1.2920405209840835,1.1865097247507395,1.194978262007118
GRU,7,median (centred),121,0.6538581765557163,0.6701591895803184,0.6867724577783573,0.7020510796144185,0.6523778507706749,0.6674219355636835,1.6301013024602073,1.5278621836061212,1.504408479300856
GRU,7,majority (centred),5,0.6538581765557163,0.65427496382055,0.6867724577783573,0.6873186996928563,0.6523778507706749,0.6527937556113256,0.041678726483362905,0.05462419144990349,0.04159048406506827
GRU,7,majority (centred),11,0.6538581765557163,0.6554674384949348,0.6867724577783573,0.6884831440633166,0.6523778507706749,0.6539462066291447,0.16092619392185092,0.17106862849592952,0.15683558584698165
GRU,7,majority (centred),31,0.6538581765557163,0.6613371924746744,0.6867724577783573,0.6938453012358489,0.6523778507706749,0.6593632385002396,0.7479015918958054,0.7072843457491595,0.6985387729564696
GRU,7,majority (centred),61,0.6538581765557163,0.6662112879884226,0.6867724577783573,0.6983910449862268,0.6523778507706749,0.6639616173719748,1.2353111432706232,1.1618587207869568,1.1583766601299894
GRU,7,majority (centred),121,0.6538581765557163,0.6698929088277858,0.6867724577783573,0.7023167550064767,0.6523778507706749,0.6674262171672171,1.603473227206953,1.5544297228119452,1.5048366396542168
GRU,7,"majority (causal, trailing)",5,0.6538581765557163,0.6532445730824892,0.6867724577783573,0.6861605142439701,0.6523778507706749,0.6517575473597371,-0.061360347322714226,-0.061194353438720483,-0.06203034109377725
GRU,7,"majority (causal, trailing)",11,0.6538581765557163,0.6530477568740956,0.6867724577783573,0.6858525056417341,0.6523778507706749,0.6515044978619605,-0.08104196816207665,-0.09199521366232144,-0.08733529087143754
GRU,7,"majority (causal, trailing)",31,0.6538581765557163,0.6551316931982634,0.6867724577783573,0.6873118692420851,0.6523778507706749,0.6530795955780371,0.12735166425470457,0.053941146372782356,0.07017448073621813
GRU,7,"majority (causal, trailing)",61,0.6538581765557163,0.6550390738060782,0.6867724577783573,0.6872075637823728,0.6523778507706749,0.6526315816643864,0.11808972503618564,0.04351060040155286,0.025373089371150126
GRU,7,"majority (causal, trailing)",121,0.6538581765557163,0.6487988422575977,0.6867724577783573,0.6819501371543821,0.6523778507706749,0.6461625191572212,-0.5059334298118667,-0.48223206239751404,-0.6215331613453667
GRU,8,median (centred),5,0.4486946454413893,0.44889146164978294,0.519233351327354,0.5195222265143876,0.39536645662641834,0.39554445913947683,0.019681620839362424,0.028887518703357706,0.0178002513058495
GRU,8,median (centred),11,0.4486946454413893,0.44906512301013024,0.519233351327354,0.5198583850918616,0.39536645662641834,0.39599272518738826,0.03704775687409234,0.06250337645075099,0.06262685609699226
GRU,8,median (centred),31,0.4486946454413893,0.4504544138929088,0.519233351327354,0.5222904263920571,0.39536645662641834,0.3963314771231172,0.17597684515194834,0.30570750647030964,0.09650204966988873
GRU,8,median (centred),61,0.4486946454413893,0.45757452966714907,0.519233351327354,0.5303222890252788,0.39536645662641834,0.40241327397509835,0.8879884225759749,1.108893769792474,0.7046817348680012
GRU,8,median (centred),121,0.4486946454413893,0.46964978292329956,0.519233351327354,0.5445609210480727,0.39536645662641834,0.41087591738279294,2.0955137481910246,2.53275697207187,1.5509460756374605
GRU,8,majority (centred),5,0.4486946454413893,0.4489956584659913,0.519233351327354,0.5196166723263901,0.39536645662641834,0.39555790786158346,0.030101302460200374,0.03833209990360409,0.019145123516511875
GRU,8,majority (centred),11,0.4486946454413893,0.44913458755426916,0.519233351327354,0.519930649748164,0.39536645662641834,0.3957863250139262,0.04399421128798431,0.06972984208100108,0.041986838750784905
GRU,8,majority (centred),31,0.4486946454413893,0.45085962373371924,0.519233351327354,0.5226680498627715,0.39536645662641834,0.3960900475945173,0.2164978292329922,0.34346985354174464,0.0723590968098986
GRU,8,majority (centred),61,0.4486946454413893,0.45960057887120115,0.519233351327354,0.5323350647440891,0.39536645662641834,0.40245462007925714,1.0905933429811832,1.310171341673505,0.7088163452838803
GRU,8,majority (centred),121,0.4486946454413893,0.471479015918958,0.519233351327354,0.5463318134937131,0.39536645662641834,0.41059659570803025,2.2784370477568707,2.7098462166359027,1.5230139081611915
GRU,8,"majority (causal, trailing)",5,0.4486946454413893,0.44870622286541245,0.519233351327354,0.5193692664327462,0.39536645662641834,0.3952692822784649,0.0011577424023134775,0.013591510539212592,-0.00971743479534215
GRU,8,"majority (causal, trailing)",11,0.4486946454413893,0.4480578871201158,0.519233351327354,0.5188978059641386,0.39536645662641834,0.39473882345626893,-0.06367583212735228,-0.033554536321545037,-0.06276331701494109
GRU,8,"majority (causal, trailing)",31,0.4486946454413893,0.4462633863965268,0.519233351327354,0.517959386336879,0.39536645662641834,0.3915860330815722,-0.24312590448625215,-0.12739649904750516,-0.37804235448461454
GRU,8,"majority (causal, trailing)",61,0.4486946454413893,0.45147322720694644,0.519233351327354,0.524094169633233,0.39536645662641834,0.3951050847726718,0.277858176555712,0.4860818305878922,-0.026137185374652816
GRU,8,"majority (causal, trailing)",121,0.4486946454413893,0.4536150506512301,0.519233351327354,0.5276432541580028,0.39536645662641834,0.39457763679893554,0.49204052098407725,0.8409902830648797,-0.07888198274828007
GRU,9,median (centred),5,0.7480636758321274,0.7490593342981187,0.7458683830317182,0.7469186734677309,0.7361804214327412,0.7371777342494911,0.0995658465991256,0.10502904360126797,0.09973128167498624
GRU,9,median (centred),11,0.7480636758321274,0.749684515195369,0.7458683830317182,0.7478140689403184,0.7361804214327412,0.737945261097685,0.1620839363241644,0.19456859086002254,0.17648396649437847
GRU,9,median (centred),31,0.7480636758321274,0.7546280752532561,0.7458683830317182,0.7541229502168316,0.7361804214327412,0.7436465354439661,0.6564399421128742,0.8254567185113415,0.7466114011224878
GRU,9,median (centred),61,0.7480636758321274,0.759178002894356,0.7458683830317182,0.7594686384406025,0.7361804214327412,0.7486426787637317,1.111432706222859,1.360025540888432,1.246225733099049
GRU,9,median (centred),121,0.7480636758321274,0.7709985528219971,0.7458683830317182,0.7745058581287303,0.7361804214327412,0.7618938797846343,2.2934876989869735,2.863747509701209,2.5713458351893093
GRU,9,majority (centred),5,0.7480636758321274,0.7491635311143271,0.7458683830317182,0.7470479500526528,0.7361804214327412,0.7372723787503631,0.1099855282199691,0.11795670209345799,0.10919573176219055
GRU,9,majority (centred),11,0.7480636758321274,0.7497192474674385,0.7458683830317182,0.748016449168076,0.7361804214327412,0.7379956032951395,0.16555716353110483,0.21480661363577624,0.1815181862398263
GRU,9,majority (centred),31,0.7480636758321274,0.7553806078147612,0.7458683830317182,0.755401877645253,0.7361804214327412,0.7444437845021996,0.7316931982633834,0.953349461353481,0.8263363069458407
GRU,9,majority (centred),61,0.7480636758321274,0.763137481910275,0.7458683830317182,0.7651306063842959,0.7361804214327412,0.7529843728560653,1.5073806078147567,1.9262223352577656,1.6803951423324137
GRU,9,majority (centred),121,0.7480636758321274,0.7715311143270622,0.7458683830317182,0.7768507819656709,0.7361804214327412,0.762632846965222,2.3467438494934822,3.0982398933952715,2.645242553248084
GRU,9,"majority (causal, trailing)",5,0.7480636758321274,0.7485730824891461,0.7458683830317182,0.7464975888180678,0.7361804214327412,0.7367459646641271,0.050940665701870724,0.06292057863496181,0.05655432313859121
GRU,9,"majority (causal, trailing)",11,0.7480636758321274,0.7481331403762663,0.7458683830317182,0.746597127424884,0.7361804214327412,0.7366049250728984,0.006946454413891967,0.07287443931658366,0.04245036401572255
GRU,9,"majority (causal, trailing)",31,0.7480636758321274,0.7489204052098408,0.7458683830317182,0.7490799655335653,0.7361804214327412,0.7382829068184257,0.08567293777134166,0.32115825018470545,0.21024853856844716
GRU,9,"majority (causal, trailing)",61,0.7480636758321274,0.74832995658466,0.7458683830317182,0.7502854368209618,0.7361804214327412,0.738604034335059,0.02662807525325439,0.4417053789243619,0.242361290231774
GRU,9,"majority (causal, trailing)",121,0.7480636758321274,0.7357452966714906,0.7458683830317182,0.7403950653786379,0.7361804214327412,0.7273294863430374,-1.2318379160636828,-0.5473317653080345,-0.8850935089703804
GRU,10,median (centred),5,0.8323936324167872,0.8332272069464545,0.8408018592525943,0.8416997762739856,0.7961465588906039,0.7970189887498899,0.08335745296672581,0.08979170213913035,0.08724298592859281
GRU,10,median (centred),11,0.8323936324167872,0.8363646888567294,0.8408018592525943,0.8453525155578904,0.7961465588906039,0.8004819504995154,0.3971056439942222,0.45506563052960525,0.43353916089114986
GRU,10,median (centred),31,0.8323936324167872,0.8420028943560058,0.8408018592525943,0.8498963471740874,0.7961465588906039,0.806052503377881,0.9609261939218627,0.9094487921493033,0.9905944487277107
GRU,10,median (centred),61,0.8323936324167872,0.8512648335745296,0.8408018592525943,0.8594096014292334,0.7961465588906039,0.8161385909526636,1.8871201157742434,1.8607742176639075,1.9992032062059684
GRU,10,median (centred),121,0.8323936324167872,0.8543907380607815,0.8408018592525943,0.8626279241839927,0.7961465588906039,0.8199321146285182,2.1997105643994264,2.182606493139838,2.37855557379143
GRU,10,majority (centred),5,0.8323936324167872,0.833273516642547,0.8408018592525943,0.8417275646110266,0.7961465588906039,0.7970533598047981,0.08798842257597972,0.09257053584322827,0.09068009141941502
GRU,10,majority (centred),11,0.8323936324167872,0.8364573082489146,0.8408018592525943,0.845450229979456,0.7961465588906039,0.8005562921934634,0.40636758321274113,0.4648370726861639,0.4409733302859431
GRU,10,majority (centred),31,0.8323936324167872,0.8421534008683068,0.8408018592525943,0.8502581109527183,0.7961465588906039,0.8062380468652527,0.9759768451519601,0.9456251700123985,1.009148797464876
GRU,10,majority (centred),61,0.8323936324167872,0.8516468885672938,0.8408018592525943,0.859963368728265,0.7961465588906039,0.8164393397174816,1.9253256150506548,1.9161509475670635,2.0292780826877688
GRU,10,majority (centred),121,0.8323936324167872,0.8542518089725036,0.8408018592525943,0.8624444539028756,0.7961465588906039,0.8195864922634012,2.1858176555716424,2.164259465028129,2.343993337279726
GRU,10,"majority (causal, trailing)",5,0.8323936324167872,0.8348712011577424,0.8408018592525943,0.8434374129036394,0.7961465588906039,0.7986010568396956,0.24775687409551717,0.2635553651045064,0.2454497949091694
GRU,10,"majority (causal, trailing)",11,0.8323936324167872,0.8403589001447178,0.8408018592525943,0.8497603403018648,0.7961465588906039,0.8044360257739108,0.7965267727930603,0.8958481049270439,0.8289466883306895
GRU,10,"majority (causal, trailing)",31,0.8323936324167872,0.8495745296671491,0.8408018592525943,0.858564039120646,0.7961465588906039,0.8137128050189147,1.718089725036187,1.776217986805173,1.7566246128310814
GRU,10,"majority (causal, trailing)",61,0.8323936324167872,0.8512069464544139,0.8408018592525943,0.8587498434753327,0.7961465588906039,0.8157273656422035,1.881331403762665,1.7947984222738356,1.9580806751599567
GRU,10,"majority (causal, trailing)",121,0.8323936324167872,0.8402431259044862,0.8408018592525943,0.8469786513990522,0.7961465588906039,0.805737124111236,0.7849493487699033,0.6176792146457832,0.9590565220632064
GRU,11,median (centred),5,0.7068133140376266,0.7074848046309696,0.7444814593955574,0.7462455087053681,0.6534698489992026,0.6544254764541962,0.06714905933430382,0.1764049309810667,0.09556274549936683
GRU,11,median (centred),11,0.7068133140376266,0.7075079594790159,0.7444814593955574,0.748095513956791,0.6534698489992026,0.6551778864761875,0.06946454413893077,0.36140545612335373,0.17080374769848916
GRU,11,median (centred),31,0.7068133140376266,0.7102633863965268,0.7444814593955574,0.7536439525857478,0.6534698489992026,0.6586283841799266,0.3450072358900158,0.9162493190190357,0.5158535180724066
GRU,11,median (centred),61,0.7068133140376266,0.7115369030390738,0.7444814593955574,0.7592040474053406,0.6534698489992026,0.6617323735155983,0.4723589001447204,1.472258800978321,0.8262524516395753
GRU,11,median (centred),121,0.7068133140376266,0.7104023154848046,0.7444814593955574,0.7636589952277156,0.6534698489992026,0.6629397258852815,0.35890014471779974,1.91775358321582,0.9469876886078921
GRU,11,majority (centred),5,0.7068133140376266,0.707589001447178,0.7444814593955574,0.7463054734310043,0.6534698489992026,0.6545190927991346,0.07756874095513622,0.18240140354468526,0.1049243799931987
GRU,11,majority (centred),11,0.7068133140376266,0.7076700434153401,0.7444814593955574,0.7483545966501547,0.6534698489992026,0.6553705730048704,0.08567293777135276,0.38731372545972587,0.19007240056678754
GRU,11,majority (centred),31,0.7068133140376266,0.7108191027496382,0.7444814593955574,0.754515615476936,0.6534698489992026,0.6593516267108616,0.40057887120116265,1.0034156081378587,0.5881777711658986
GRU,11,majority (centred),61,0.7068133140376266,0.7115947901591896,0.7444814593955574,0.7593319165832232,0.6534698489992026,0.6620112773059137,0.47814761215629886,1.4850457187665755,0.8541428306711119
GRU,11,majority (centred),121,0.7068133140376266,0.7100665701881331,0.7444814593955574,0.763941413405102,0.6534698489992026,0.6632534507411671,0.3253256150506534,1.9459954009544589,0.9783601741964576
GRU,11,"majority (causal, trailing)",5,0.7068133140376266,0.7078668596237337,0.7444814593955574,0.7467350097149605,0.6534698489992026,0.6548317513659062,0.10535455861071519,0.2253550319403108,0.13619023667036378
GRU,11,"majority (causal, trailing)",11,0.7068133140376266,0.7079015918958032,0.7444814593955574,0.748477622019105,0.6534698489992026,0.6556103488581844,0.10882778581765562,0.3996162623547517,0.21404998589817925
GRU,11,"majority (causal, trailing)",31,0.7068133140376266,0.7105296671490593,0.7444814593955574,0.7552923524190788,0.6534698489992026,0.6595973130449054,0.3716353111432702,1.081089302352134,0.6127464045702857
GRU,11,"majority (causal, trailing)",61,0.7068133140376266,0.7073342981186685,0.7444814593955574,0.756330635575372,0.6534698489992026,0.658752822358467,0.052098408104195304,1.1849176179814513,0.528297335926442
GRU,11,"majority (causal, trailing)",121,0.7068133140376266,0.6968335745296671,0.7444814593955574,0.7528419877788345,0.6534698489992026,0.6523375599554688,-0.9979739507959495,0.8360528383277055,-0.11322890437337474
GRU,12,median (centred),5,0.8423386396526773,0.8428596237337193,0.8584940725494129,0.8595125437780675,0.8193628198789881,0.8200419694105753,0.052098408104195304,0.1018471228654616,0.06791495315872087
GRU,12,median (centred),11,0.8423386396526773,0.8430795947901591,0.8584940725494129,0.860295018415707,0.8193628198789881,0.820408406774983,0.07409551374818468,0.18009458662940903,0.10455868959948766
GRU,12,median (centred),31,0.8423386396526773,0.8473632416787265,0.8584940725494129,0.8658783230224586,0.8193628198789881,0.8251819091431644,0.5024602026049152,0.7384250473045695,0.5819089264176291
GRU,12,median (centred),61,0.8423386396526773,0.8473632416787265,0.8584940725494129,0.8665150336330999,0.8193628198789881,0.8254060834175426,0.5024602026049152,0.8020961083686995,0.6043263538554555
GRU,12,median (centred),121,0.8423386396526773,0.8429290882778582,0.8584940725494129,0.8645923165177188,0.8193628198789881,0.8219024208438072,0.05904486251808727,0.6098243968305939,0.25396009648190887
GRU,12,majority (centred),5,0.8423386396526773,0.8429290882778582,0.8584940725494129,0.8595586286366023,0.8193628198789881,0.8200975877131128,0.05904486251808727,0.10645560871893611,0.07347678341247388
GRU,12,majority (centred),11,0.8423386396526773,0.8431606367583213,0.8584940725494129,0.8603624612728451,0.8193628198789881,0.8204779606438558,0.08219971056440123,0.18683887234322016,0.11151407648677392
GRU,12,majority (centred),31,0.8423386396526773,0.8472821997105644,0.8584940725494129,0.8657974060247157,0.8193628198789881,0.8250348846486256,0.49435600578870975,0.7303333475302765,0.5672064769637553
GRU,12,majority (centred),61,0.8423386396526773,0.84821997105644,0.8584940725494129,0.8677676474040124,0.8193628198789881,0.8263297109796173,0.588133140376268,0.9273574854599453,0.6966891100629202
GRU,12,majority (centred),121,0.8423386396526773,0.8431837916063676,0.8584940725494129,0.865448110883202,0.8193628198789881,0.8223179722773705,0.08451519536902818,0.6954038333789048,0.2955152398382399
GRU,12,"majority (causal, trailing)",5,0.8423386396526773,0.8425123010130247,0.8584940725494129,0.8590935959500038,0.8193628198789881,0.819693391773994,0.01736613603473547,0.05995234005908845,0.033057189500595996
GRU,12,"majority (causal, trailing)",11,0.8423386396526773,0.8417134587554269,0.8584940725494129,0.8588319053377417,0.8193628198789881,0.8191129357456607,-0.0625180897250388,0.03378327883287735,-0.02498841333273827
GRU,12,"majority (causal, trailing)",31,0.8423386396526773,0.8403125904486252,0.8584940725494129,0.8589395907779984,0.8193628198789881,0.8186146539858895,-0.20260492040521383,0.04455182285855175,-0.07481658930985624
GRU,12,"majority (causal, trailing)",61,0.8423386396526773,0.8289667149059334,0.8584940725494129,0.8479629236905794,0.8193628198789881,0.8080771488192745,-1.3371924746743868,-1.053114885883355,-1.1285671059713565
GRU,12,"majority (causal, trailing)",121,0.8423386396526773,0.8093082489146165,0.8584940725494129,0.8296873254421243,0.8193628198789881,0.7894537911914545,-3.30303907380608,-2.880674710728859,-2.9909028687533534
GRU,13,median (centred),5,0.8115658465991317,0.812931982633864,0.7988328208351806,0.8007328918466065,0.7663826122275522,0.7679712092453114,0.1366136034732346,0.19000710114258634,0.15885970177591524
GRU,13,median (centred),11,0.8115658465991317,0.8155947901591896,0.7988328208351806,0.8033948360794305,0.7663826122275522,0.7708869776196937,0.4028943560057896,0.45620152442499284,0.4504365392141496
GRU,13,median (centred),31,0.8115658465991317,0.8253314037626628,0.7988328208351806,0.8146244948901802,0.7663826122275522,0.7819798139058022,1.3765557163531117,1.5791674054999594,1.5597201678249961
GRU,13,median (centred),61,0.8115658465991317,0.833493487698987,0.7988328208351806,0.8248321692111903,0.7663826122275522,0.791438601538434,2.1927641099855344,2.59993483760097,2.505598931088182
GRU,13,median (centred),121,0.8115658465991317,0.8384717800289435,0.7988328208351806,0.8253636884097878,0.7663826122275522,0.7952737558666194,2.6905933429811846,2.653086757460721,2.8891143639067196
GRU,13,majority (centred),5,0.8115658465991317,0.8127930535455861,0.7988328208351806,0.80061135808619,0.7663826122275522,0.7678474633733915,0.12272069464543955,0.17785372510094044,0.14648511458392743
GRU,13,majority (centred),11,0.8115658465991317,0.8151895803183792,0.7988328208351806,0.8032709022303851,0.7663826122275522,0.7705676175043447,0.3623733719247513,0.44380813952045184,0.41850052767924417
GRU,13,majority (centred),31,0.8115658465991317,0.8237105643994211,0.7988328208351806,0.814295288018798,0.7663826122275522,0.7808490521885562,1.2144717800289473,1.5462467183617434,1.446643996100394
GRU,13,majority (centred),61,0.8115658465991317,0.8300781476121563,0.7988328208351806,0.8248370834506101,0.7663826122275522,0.7890099892755025,1.851230101302459,2.600426261542954,2.262737704795026
GRU,13,majority (centred),121,0.8115658465991317,0.8349985528219971,0.7988328208351806,0.8291775597545503,0.7663826122275522,0.7940588187073697,2.343270622286542,3.034473891936973,2.76762064798175
GRU,13,"majority (causal, trailing)",5,0.8115658465991317,0.8146801736613604,0.7988328208351806,0.8028002984805958,0.7663826122275522,0.769806476258946,0.31143270622286945,0.3967477645415163,0.34238640313938307
GRU,13,"majority (causal, trailing)",11,0.8115658465991317,0.8195542691751085,0.7988328208351806,0.8080684006254537,0.7663826122275522,0.7749178288732855,0.7988422575976872,0.9235579790273118,0.8535216645733312
GRU,13,"majority (causal, trailing)",31,0.8115658465991317,0.8329146164978293,0.7988328208351806,0.8229965544109691,0.7663826122275522,0.789122921426414,2.1348769898697606,2.4163733575788493,2.274030919886183
GRU,13,"majority (causal, trailing)",61,0.8115658465991317,0.8380781476121563,0.7988328208351806,0.8320303249374749,0.7663826122275522,0.7959937292903803,2.6512301013024597,3.3197504102294273,2.961111706282804
GRU,13,"majority (causal, trailing)",121,0.8115658465991317,0.82572503617945,0.7988328208351806,0.8194596456955066,0.7663826122275522,0.7851950256814058,1.4159189580318365,2.0626824860325965,1.8812413453853538
GRU,14,median (centred),5,0.8099913169319827,0.8116005788712012,0.7486974468341628,0.7503986258088883,0.7550717096717868,0.7569853130760104,0.16092619392185092,0.1701178974725437,0.19136034042235295
GRU,14,median (centred),11,0.8099913169319827,0.8140781476121562,0.7486974468341628,0.7527691092099444,0.7550717096717868,0.7598534834866807,0.408683068017357,0.4071662375781604,0.4781773814893864
GRU,14,median (centred),31,0.8099913169319827,0.8261997105643994,0.7486974468341628,0.7627411442009061,0.7550717096717868,0.7729380539470085,1.6208393632416773,1.4043697366743269,1.7866344275221713
GRU,14,median (centred),61,0.8099913169319827,0.8400463096960926,0.7486974468341628,0.7775387740266876,0.7550717096717868,0.790114126591854,3.0054992764109945,2.8841327192524746,3.5042416920067154
GRU,14,median (centred),121,0.8099913169319827,0.8516584659913169,0.7486974468341628,0.78854114494557,0.7550717096717868,0.8043353030173016,4.166714905933421,3.98436981114072,4.926359334551478
GRU,14,majority (centred),5,0.8099913169319827,0.8111953690303907,0.7486974468341628,0.749940243299517,0.7550717096717868,0.7565864434513182,0.1204052098408015,0.12427964653541901,0.15147337795313742
GRU,14,majority (centred),11,0.8099913169319827,0.8132677279305355,0.7486974468341628,0.751920483400682,0.7550717096717868,0.7590118775817104,0.32764109985528034,0.3223036566519122,0.39401679099235754
GRU,14,majority (centred),31,0.8099913169319827,0.8236874095513749,0.7486974468341628,0.760145109696854,0.7550717096717868,0.7699384841233025,1.3696092619392197,1.1447662862691166,1.486677445151563
GRU,14,majority (centred),61,0.8099913169319827,0.8357510853835022,0.7486974468341628,0.7737916583796784,0.7550717096717868,0.7851953006099127,2.5759768451519505,2.509421154551561,3.012359093812589
GRU,14,majority (centred),121,0.8099913169319827,0.847397973950796,0.7486974468341628,0.7838041547957432,0.7550717096717868,0.7991492744195868,3.7406657018813294,3.510670796158033,4.40775647478
GRU,14,"majority (causal, trailing)",5,0.8099913169319827,0.8126078147612156,0.7486974468341628,0.7516770349263003,0.7550717096717868,0.7582777969634957,0.26164978292329,0.29795880921374973,0.32060872917089034
GRU,14,"majority (causal, trailing)",11,0.8099913169319827,0.8167062228654125,0.7486974468341628,0.7559874085985433,0.7550717096717868,0.7629943368961832,0.6714905933429827,0.7289961764380459,0.7922627224396406
GRU,14,"majority (causal, trailing)",31,0.8099913169319827,0.8341649782923299,0.7486974468341628,0.7730901078320734,0.7550717096717868,0.782790374197886,2.4173661360347265,2.43926609979106,2.771866452609917
GRU,14,"majority (causal, trailing)",61,0.8099913169319827,0.8590564399421129,0.7486974468341628,0.8022669182770817,0.7550717096717868,0.8137136243506102,4.906512301013022,5.35694714429189,5.864191467882341
GRU,14,"majority (causal, trailing)",121,0.8099913169319827,0.8679479015918958,0.7486974468341628,0.8069640176316643,0.7550717096717868,0.8227640891761259,5.795658465991316,5.826657079750142,6.769237950433904
GRU,15,median (centred),5,0.8058697539797395,0.8061128798842258,0.8155221254078618,0.8161370482987972,0.7801866049896772,0.7805441450675716,0.024312590448627436,0.061492289093534325,0.03575400778944582
GRU,15,median (centred),11,0.8058697539797395,0.8069927641099855,0.8155221254078618,0.8170132881853004,0.7801866049896772,0.7814188281531714,0.11230101302460715,0.14911627774385483,0.12322231634942504
GRU,15,median (centred),31,0.8058697539797395,0.8149001447178003,0.8155221254078618,0.8254674503876135,0.7801866049896772,0.7894941883459689,0.9030390738060778,0.9945324979751646,0.9307583356291671
GRU,15,median (centred),61,0.8058697539797395,0.8206541244573082,0.8155221254078618,0.8315754956122312,0.7801866049896772,0.7953146703982307,1.4784370477568753,1.6053370204369366,1.5128065408553493
GRU,15,median (centred),121,0.8058697539797395,0.8261997105643994,0.8155221254078618,0.8369727179620002,0.7801866049896772,0.8008079620379968,2.032995658465997,2.1450592554138392,2.0621357048319577
GRU,15,majority (centred),5,0.8058697539797395,0.8061476121562953,0.8155221254078618,0.8161593742705563,0.7801866049896772,0.7805732295041881,0.02778581765557897,0.06372488626944506,0.03866245145108804
GRU,15,majority (centred),11,0.8058697539797395,0.8069001447178002,0.8155221254078618,0.8169378642216453,0.7801866049896772,0.7813313354692587,0.10303907380607713,0.14157388137834293,0.11447304795815239
GRU,15,majority (centred),31,0.8058697539797395,0.8139392185238784,0.8155221254078618,0.8246930427693265,0.7801866049896772,0.7885890869117441,0.8069464544138927,0.9170917361464692,0.840248192206694
GRU,15,majority (centred),61,0.8058697539797395,0.8194037626628076,0.8155221254078618,0.8309585403902974,0.7801866049896772,0.794286456579875,1.3534008683068088,1.5436414982435531,1.4099851590197776
GRU,15,majority (centred),121,0.8058697539797395,0.8239189580318379,0.8155221254078618,0.8357140688707695,0.7801866049896772,0.7988860605005877,1.8049204052098422,2.0191943462907647,1.8699455510910568
GRU,15,"majority (causal, trailing)",5,0.8058697539797395,0.8064370477568741,0.8155221254078618,0.8164301597384037,0.7801866049896772,0.7808400118157569,0.056729377713460316,0.09080343305418737,0.06534068260797277
GRU,15,"majority (causal, trailing)",11,0.8058697539797395,0.8076295224312591,0.8155221254078618,0.8175798098313273,0.7801866049896772,0.7819785767527186,0.17597684515195944,0.20576844234654335,0.17919717630414667
GRU,15,"majority (causal, trailing)",31,0.8058697539797395,0.8162083936324168,0.8155221254078618,0.8279761360261713,0.7801866049896772,0.7912256909015869,1.033863965267734,1.245401061830942,1.1039085911909718
GRU,15,"majority (causal, trailing)",61,0.8058697539797395,0.8149696092619392,0.8155221254078618,0.8263031143095946,0.7801866049896772,0.7900595511621278,0.9099855282199698,1.0780988901732735,0.9872946172450603
GRU,15,"majority (causal, trailing)",121,0.8058697539797395,0.8031027496382055,0.8155221254078618,0.8139142359647566,0.7801866049896772,0.7787602033898638,-0.2767004341533985,-0.16078894431051927,-0.14264015998133317
GRU,16,median (centred),5,0.7785586107091172,0.780260492040521,0.6920487163878208,0.6936742862634561,0.7010370560631375,0.7028850352414043,0.17018813314036985,0.16255698756352244,0.18479791782668453
GRU,16,median (centred),11,0.7785586107091172,0.7838610709117222,0.6920487163878208,0.6979641496028645,0.7010370560631375,0.7076273707595382,0.5302460202604942,0.591543321504362,0.6590314696400701
GRU,16,median (centred),31,0.7785586107091172,0.794547033285094,0.6920487163878208,0.7072178108604245,0.7010370560631375,0.7192178762391239,1.5988422575976768,1.5169094472603617,1.8180820175986434
GRU,16,median (centred),61,0.7785586107091172,0.8094703328509406,0.6920487163878208,0.7220617797387926,0.7010370560631375,0.7373107569256052,3.091172214182336,3.001306335097176,3.627370086246773
GRU,16,median (centred),121,0.7785586107091172,0.822726483357453,0.6920487163878208,0.7292994916813497,0.7010370560631375,0.7491002947802551,4.416787264833577,3.7250775293528826,4.80632387171176
GRU,16,majority (centred),5,0.7785586107091172,0.779739507959479,0.6920487163878208,0.6931561038997905,0.7010370560631375,0.7023947939137622,0.11808972503617454,0.11073875119697041,0.13577378506247628
GRU,16,majority (centred),11,0.7785586107091172,0.7824717800289436,0.6920487163878208,0.6967909096491894,0.7010370560631375,0.706285214659815,0.3913169319826326,0.4742193261368599,0.5248158596677488
GRU,16,majority (centred),31,0.7785586107091172,0.7902170767004342,0.6920487163878208,0.7039648927009502,0.7010370560631375,0.7151728061806019,1.1658465991316924,1.1916176313129356,1.4135750117464374
GRU,16,majority (centred),61,0.7785586107091172,0.8010651230101302,0.6920487163878208,0.7161863610674718,0.7010370560631375,0.7298541436043825,2.250651230101297,2.413764467965096,2.8817087541245012
GRU,16,majority (centred),121,0.7785586107091172,0.8106280752532562,0.6920487163878208,0.7210165443067021,0.7010370560631375,0.738611105991088,3.206946454413895,2.8967827918881306,3.757404992795055
GRU,16,"majority (causal, trailing)",5,0.7785586107091172,0.7815224312590449,0.6920487163878208,0.6953649465139291,0.7010370560631375,0.7045687896747395,0.29638205499276093,0.3316230126108266,0.35317336116019726
GRU,16,"majority (causal, trailing)",11,0.7785586107091172,0.7871259044862519,0.6920487163878208,0.7024641513704806,0.7010370560631375,0.7118860025433303,0.856729377713461,1.0415434982659733,1.0848946480192856
GRU,16,"majority (causal, trailing)",31,0.7785586107091172,0.8047930535455861,0.6920487163878208,0.722342468318098,0.7010370560631375,0.7336025126765823,2.6234442836468808,3.029375193027717,3.2565456613444788
GRU,16,"majority (causal, trailing)",61,0.7785586107091172,0.8205730824891462,0.6920487163878208,0.7382995531142726,0.7010370560631375,0.7521736388829855,4.201447178002892,4.6250836726451805,5.113658281984801
GRU,16,"majority (causal, trailing)",121,0.7785586107091172,0.8279131693198264,0.6920487163878208,0.7416861966526443,0.7010370560631375,0.7599698731677277,4.935455861070914,4.963748026482351,5.89328171045902
GRU,17,median (centred),5,0.7541765557163531,0.7554616497829233,0.770290396040849,0.7715770606802729,0.7131836189383017,0.7144495835660755,0.12850940665701804,0.128666463942384,0.12659646277737302
GRU,17,median (centred),11,0.7541765557163531,0.7570477568740955,0.770290396040849,0.7731598097997326,0.7131836189383017,0.7160083271739214,0.287120115774242,0.286941375888361,0.2824708235619644
GRU,17,median (centred),31,0.7541765557163531,0.7638089725036179,0.770290396040849,0.780528576746489,0.7131836189383017,0.7229550592774033,0.9632416787264786,1.0238180705639977,0.97714403391016
GRU,17,median (centred),61,0.7541765557163531,0.7760694645441389,0.770290396040849,0.7943317542577875,0.7131836189383017,0.7356767290755877,2.189290882778583,2.4041358216938424,2.2493110137285943
GRU,17,median (centred),121,0.7541765557163531,0.7866396526772793,0.770290396040849,0.8043044073071215,0.7131836189383017,0.7464420885849247,3.2463096960926197,3.401401126627246,3.3258469646622935
GRU,17,majority (centred),5,0.7541765557163531,0.7554269175108539,0.770290396040849,0.7715457667643646,0.7131836189383017,0.7144160316657387,0.1250361794500776,0.12553707235155587,0.12324127274370156
GRU,17,majority (centred),11,0.7541765557163531,0.7569204052098408,0.770290396040849,0.773068271197339,0.7131836189383017,0.7158882067131961,0.27438494934877156,0.2777875156489973,0.27045877748943514
GRU,17,majority (centred),31,0.7541765557163531,0.7636931982633864,0.770290396040849,0.7804643888011865,0.7131836189383017,0.7228422067683234,0.9516642547033327,1.017399276033748,0.9658587830021714
GRU,17,majority (centred),61,0.7541765557163531,0.7757105643994211,0.770290396040849,0.7947036335818836,0.7131836189383017,0.7355747733323899,2.1534008683067984,2.4413237541034527,2.239115439408812
GRU,17,majority (centred),121,0.7541765557163531,0.7841157742402316,0.770290396040849,0.8023816104997871,0.7131836189383017,0.7441762182445307,2.9939218523878486,3.2091214458938033,3.0992599306228996
GRU,17,"majority (causal, trailing)",5,0.7541765557163531,0.7571866859623734,0.770290396040849,0.7737852518870937,0.7131836189383017,0.7162094990617601,0.30101302460202595,0.3494855846244649,0.3025880123458391
GRU,17,"majority (causal, trailing)",11,0.7541765557163531,0.7609030390738061,0.770290396040849,0.7781937789605045,0.7131836189383017,0.7199847205074416,0.6726483357452961,0.7903382919655422,0.6801101569139822
GRU,17,"majority (causal, trailing)",31,0.7541765557163531,0.7718552821997106,0.770290396040849,0.7902626669569961,0.7131836189383017,0.73104386455732,1.7678726483357443,1.9972270916147061,1.7860245619018222
GRU,17,"majority (causal, trailing)",61,0.7541765557163531,0.7771808972503618,0.770290396040849,0.7946225647163049,0.7131836189383017,0.736591790784548,2.3004341534008654,2.4332168675455845,2.3408171846246217
GRU,17,"majority (causal, trailing)",121,0.7541765557163531,0.7707785817655571,0.770290396040849,0.7854008905215878,0.7131836189383017,0.7308328568723175,1.6602026049204022,1.5110494480738756,1.7649237934015738
GRU,18,median (centred),5,0.7748538350217077,0.7766367583212735,0.7494832977989541,0.7520806615009438,0.707337966133637,0.7096186239059071,0.1782923299565864,0.2597363701989708,0.2280657772270156
GRU,18,median (centred),11,0.7748538350217077,0.7798437047756874,0.7494832977989541,0.7564984986306243,0.707337966133637,0.7135723405892666,0.49898697539797476,0.7015200831670287,0.6234374455629577
GRU,18,median (centred),31,0.7748538350217077,0.7885151953690304,0.7494832977989541,0.7667881395280745,0.707337966133637,0.723693528313239,1.3661360347322682,1.730484172912039,1.635556217960199
GRU,18,median (centred),61,0.7748538350217077,0.7952995658465991,0.7494832977989541,0.7743456368767395,0.707337966133637,0.7315629489764004,2.044573082489143,2.4862339077785456,2.422498284276342
GRU,18,median (centred),121,0.7748538350217077,0.7923820549927642,0.7494832977989541,0.7700163580402194,0.707337966133637,0.7288009623252902,1.752821997105647,2.0533060241265333,2.146299619165326
GRU,18,majority (centred),5,0.7748538350217077,0.7763936324167873,0.7494832977989541,0.7515632515323003,0.707337966133637,0.7092177769625349,0.15397973950795896,0.20799537333462403,0.18798108288978765
GRU,18,majority (centred),11,0.7748538350217077,0.7789638205499276,0.7494832977989541,0.7549931271983024,0.707337966133637,0.7122379309871638,0.41099855282199504,0.5509829399348298,0.4899964853526839
GRU,18,majority (centred),31,0.7748538350217077,0.7860839363241678,0.7494832977989541,0.762928449484401,0.707337966133637,0.7200745413889763,1.123010130246016,1.344515168544691,1.2736575255339333
GRU,18,majority (centred),61,0.7748538350217077,0.7911085383502171,0.7494832977989541,0.7681092151583643,0.707337966133637,0.7256842743543603,1.6254703328509423,1.8625917359410216,1.8346308220723362
GRU,18,majority (centred),121,0.7748538350217077,0.7877858176555717,0.7494832977989541,0.7642179396856915,0.707337966133637,0.7230574241265898,1.293198263386397,1.4734641886737454,1.5719457992952823
GRU,18,"majority (causal, trailing)",5,0.7748538350217077,0.7762894356005788,0.7494832977989541,0.751157836672203,0.707337966133637,0.7088844035951419,0.14356005788711546,0.16745388732489763,0.1546437461504957
GRU,18,"majority (causal, trailing)",11,0.7748538350217077,0.77816497829233,0.7494832977989541,0.7534940719267934,0.707337966133637,0.711014985125832,0.3311143270622319,0.4010774127839345,0.367701899219508
GRU,18,"majority (causal, trailing)",31,0.7748538350217077,0.7794848046309696,0.7494832977989541,0.7540866477585304,0.707337966133637,0.7127104116161606,0.46309696092619035,0.46033499595763416,0.537244548252358
GRU,18,"majority (causal, trailing)",61,0.7748538350217077,0.7763125904486252,0.7494832977989541,0.750400965971675,0.707337966133637,0.7102103394753829,0.1458755426917535,0.09176681727209868,0.28723733417459485
GRU,18,"majority (causal, trailing)",121,0.7748538350217077,0.7663328509406657,0.7494832977989541,0.7427859407889245,0.707337966133637,0.7012305441566894,-0.852098408104196,-0.6697357010029603,-0.610742197694758
LSTM,1,median (centred),5,0.7616671490593343,0.7625123010130246,0.792312640274511,0.7930568545532232,0.7379001330073799,0.7387174203032897,0.08451519536902818,0.07442142787121853,0.08172872959097965
LSTM,1,median (centred),11,0.7616671490593343,0.7646078147612156,0.792312640274511,0.7946475789918686,0.7379001330073799,0.7406878483233911,0.294066570188134,0.23349387173575709,0.27877153160111856
LSTM,1,median (centred),31,0.7616671490593343,0.774807525325615,0.792312640274511,0.8044443902144344,0.7379001330073799,0.7507904081280214,1.3140376266280729,1.2131749939923386,1.289027512064156
LSTM,1,median (centred),61,0.7616671490593343,0.7826107091172214,0.792312640274511,0.8122748601078418,0.7379001330073799,0.7585761165459757,2.094356005788711,1.9962219833330797,2.067598353859579
LSTM,1,median (centred),121,0.7616671490593343,0.7915716353111433,0.792312640274511,0.8222866942439211,0.7379001330073799,0.7678912230771003,2.990448625180897,2.997405396941011,2.999109006972045
LSTM,1,majority (centred),5,0.7616671490593343,0.7624659913169319,0.792312640274511,0.7930204746066251,0.7379001330073799,0.7386688128875193,0.07988422575976317,0.07078343321140768,0.07686798801394001
LSTM,1,majority (centred),11,0.7616671490593343,0.7644920405209841,0.792312640274511,0.7946345394396258,0.7379001330073799,0.7405753302537951,0.282489146164977,0.23218991651148269,0.2675197246415184
LSTM,1,majority (centred),31,0.7616671490593343,0.7747149059334298,0.792312640274511,0.8045893815138124,0.7379001330073799,0.7507324199333548,1.304775687409554,1.2276741239301447,1.2832286925974934
LSTM,1,majority (centred),61,0.7616671490593343,0.7827380607814761,0.792312640274511,0.8135083516238121,0.7379001330073799,0.7589590442685488,2.1070911722141816,2.1195711349301094,2.105891126116888
LSTM,1,majority (centred),121,0.7616671490593343,0.7899160636758321,0.792312640274511,0.8219305060123858,0.7379001330073799,0.7664755663684139,2.824891461649781,2.961786573787484,2.8575433361033964
LSTM,1,"majority (causal, trailing)",5,0.7616671490593343,0.7639363241678726,0.792312640274511,0.7948493377069351,0.7379001330073799,0.7401612466792552,0.22691751085383016,0.25366974324241287,0.22611136718753144
LSTM,1,"majority (causal, trailing)",11,0.7616671490593343,0.7684283646888568,0.792312640274511,0.799636919388524,0.7379001330073799,0.7446150729944528,0.6761215629522477,0.732427911401301,0.6714939987072954
LSTM,1,"majority (causal, trailing)",31,0.7616671490593343,0.7845904486251809,0.792312640274511,0.8166580099480246,0.7379001330073799,0.7607764850464213,2.29232995658466,2.434536967351364,2.287635203904137
LSTM,1,"majority (causal, trailing)",61,0.7616671490593343,0.7939565846599131,0.792312640274511,0.8271787348691705,0.7379001330073799,0.7704290352515725,3.228943560057884,3.4866094594659502,3.252890224419258
LSTM,1,"majority (causal, trailing)",121,0.7616671490593343,0.7848104196816208,0.792312640274511,0.8177746835481411,0.7379001330073799,0.7621320455845234,2.3143270622286494,2.546204327363011,2.423191257714352
LSTM,2,median (centred),5,0.8183039073806078,0.8190564399421129,0.8217776892908657,0.8226610097817201,0.802702201320785,0.8035166807174257,0.07525325615050926,0.08833204908543779,0.08144793966406993
LSTM,2,median (centred),11,0.8183039073806078,0.8211403762662808,0.8217776892908657,0.8252347429567988,0.802702201320785,0.8058102620300501,0.2836468885673016,0.3457053665933074,0.310806070926517
LSTM,2,median (centred),31,0.8183039073806078,0.8279942112879884,0.8217776892908657,0.8331760553474657,0.802702201320785,0.8131265514929394,0.9690303907380682,1.139836605660005,1.0424350172154484
LSTM,2,median (centred),61,0.8183039073806078,0.8417134587554269,0.8217776892908657,0.8486149691286798,0.802702201320785,0.8275173311488055,2.340955137481915,2.6837279837814143,2.481512982802059
LSTM,2,median (centred),121,0.8183039073806078,0.8471432706222866,0.8217776892908657,0.8559037984376894,0.802702201320785,0.8339203013366614,2.8839363241678795,3.412610914682368,3.1218100015876438
LSTM,2,majority (centred),5,0.8183039073806078,0.8189985528219971,0.8217776892908657,0.8226205128415364,0.802702201320785,0.8034628768802202,0.06946454413893077,0.08428235506706683,0.07606755594352643
LSTM,2,majority (centred),11,0.8183039073806078,0.8210014471780029,0.8217776892908657,0.825150188702878,0.802702201320785,0.8056781459230499,0.26975397973951765,0.3372499412012342,0.2975944602264913
LSTM,2,majority (centred),31,0.8183039073806078,0.827658465991317,0.8217776892908657,0.833179819994437,0.802702201320785,0.8128368239460905,0.9354558610709218,1.1402130703571323,1.0134622625305512
LSTM,2,majority (centred),61,0.8183039073806078,0.8416787264833574,0.8217776892908657,0.8494268617594113,0.802702201320785,0.8276851349915416,2.3374819102749633,2.764917246854559,2.4982933670756657
LSTM,2,majority (centred),121,0.8183039073806078,0.8489146164978292,0.8217776892908657,0.859097149997862,0.802702201320785,0.835830296838186,3.0610709117221413,3.731946070699632,3.3128095517401035
LSTM,2,"majority (causal, trailing)",5,0.8183039073806078,0.820341534008683,0.8217776892908657,0.8240692887828444,0.802702201320785,0.8048341706702661,0.2037626628075273,0.22915994919786575,0.2131969349481122
LSTM,2,"majority (causal, trailing)",11,0.8183039073806078,0.8240694645441389,0.8217776892908657,0.8283892510448511,0.802702201320785,0.8087706227302885,0.576555716353111,0.6611561753985362,0.6068421409503588
LSTM,2,"majority (causal, trailing)",31,0.8183039073806078,0.8357626628075253,0.8217776892908657,0.8416327398281999,0.802702201320785,0.8209370678166813,1.745875542691755,1.9855050537334162,1.823486649589634
LSTM,2,"majority (causal, trailing)",61,0.8183039073806078,0.8536613603473228,0.8217776892908657,0.8625718976810633,0.802702201320785,0.8400168773559198,3.5357452966714997,4.079420839019765,3.731467603513483
LSTM,2,"majority (causal, trailing)",121,0.8183039073806078,0.8478958031837917,0.8217776892908657,0.8577190594327812,0.802702201320785,0.8346290263308571,2.9591895803183887,3.594137014191545,3.1926825010072157
LSTM,3,median (centred),5,0.8175050651230101,0.8195311143270623,0.8095261679126134,0.8119009106703557,0.7929325509224014,0.7951892303628609,0.20260492040521383,0.23747427577422986,0.2256679440459486
LSTM,3,median (centred),11,0.8175050651230101,0.8221591895803184,0.8095261679126134,0.8146504527395968,0.7929325509224014,0.7979819009620712,0.4654124457308284,0.512428482698335,0.5049350039669775
LSTM,3,median (centred),31,0.8175050651230101,0.8320810419681621,0.8095261679126134,0.8264840412986357,0.7929325509224014,0.8091458565652205,1.4575976845151994,1.6957873386022282,1.6213305642819087
LSTM,3,median (centred),61,0.8175050651230101,0.8389464544138929,0.8095261679126134,0.8355287184282068,0.7929325509224014,0.8169062833451776,2.1441389290882795,2.6002550515593303,2.3973732422776117
LSTM,3,median (centred),121,0.8175050651230101,0.8437163531114327,0.8095261679126134,0.8414515602465005,0.7929325509224014,0.8225134740737016,2.621128798842254,3.1925392333887026,2.958092315130012
LSTM,3,majority (centred),5,0.8175050651230101,0.8193458755426918,0.8095261679126134,0.8117389575225468,0.7929325509224014,0.7950220654621226,0.18408104196816488,0.22127896099333189,0.20895145397211712
LSTM,3,majority (centred),11,0.8175050651230101,0.8217308248914617,0.8095261679126134,0.8143250550613521,0.7929325509224014,0.7975951764623308,0.422575976845152,0.4798887148738662,0.4662625539929355
LSTM,3,majority (centred),31,0.8175050651230101,0.8308654124457309,0.8095261679126134,0.8256844018890804,0.7929325509224014,0.8080502167043546,1.3360347322720734,1.6158233976466985,1.5117665781953171
LSTM,3,majority (centred),61,0.8175050651230101,0.8378118668596237,0.8095261679126134,0.8352261399281306,0.7929325509224014,0.8160188401519409,2.030680173661359,2.5699972015517103,2.308628922953948
LSTM,3,majority (centred),121,0.8175050651230101,0.8430448625180897,0.8095261679126134,0.8418619058839024,0.7929325509224014,0.8221265887264915,2.553979739507961,3.233573797128897,2.9194037804090023
LSTM,3,"majority (causal, trailing)",5,0.8175050651230101,0.820862518089725,0.8095261679126134,0.813426557606152,0.7929325509224014,0.7965731900294079,0.3357452966714858,0.3900389693538564,0.3640639107006405
LSTM,3,"majority (causal, trailing)",11,0.8175050651230101,0.8255861070911722,0.8095261679126134,0.8185517289615136,0.7929325509224014,0.8014943600629834,0.8081041968162062,0.9025561048900177,0.8561809140581911
LSTM,3,"majority (causal, trailing)",31,0.8175050651230101,0.8411808972503618,0.8095261679126134,0.8369248704539517,0.7929325509224014,0.8184383048648508,2.3675832127351693,2.739870254133825,2.550575394244936
LSTM,3,"majority (causal, trailing)",61,0.8175050651230101,0.8511490593342981,0.8095261679126134,0.8498191495855761,0.7929325509224014,0.8294982467654854,3.364399421128794,4.029298167296269,3.6565695843084
LSTM,3,"majority (causal, trailing)",121,0.8175050651230101,0.8452793053545586,0.8095261679126134,0.8441160524726125,0.7929325509224014,0.8243211154175123,2.777424023154851,3.4589884559999007,3.138856449511085
LSTM,4,median (centred),5,0.8267554269175108,0.828260492040521,0.8120940267166573,0.8141807902955688,0.790361997892758,0.7921514800174002,0.15050651230101852,0.20867635789114658,0.178948212464225
LSTM,4,median (centred),11,0.8267554269175108,0.830425470332851,0.8120940267166573,0.8170159079927067,0.790361997892758,0.7947535368780301,0.3670043415340163,0.49218812760494224,0.43915389852721143
LSTM,4,median (centred),31,0.8267554269175108,0.837082489146165,0.8120940267166573,0.8255693101337919,0.790361997892758,0.8027602772842877,1.0327062228654205,1.3475283417134554,1.239827939152971
LSTM,4,median (centred),61,0.8267554269175108,0.8478147612156295,0.8120940267166573,0.8404745638677427,0.790361997892758,0.8160438751004234,2.105933429811868,2.838053715108535,2.568187720766546
LSTM,4,median (centred),121,0.8267554269175108,0.8566830680173662,0.8120940267166573,0.8505019500186365,0.790361997892758,0.8256854986213554,2.992764109985535,3.8407923301979174,3.532350072859747
LSTM,4,majority (centred),5,0.8267554269175108,0.8282026049204052,0.8120940267166573,0.8141041063396988,0.790361997892758,0.7920886769918382,0.14471780028944004,0.20100796230414497,0.17266790990801972
LSTM,4,majority (centred),11,0.8267554269175108,0.8302170767004342,0.8120940267166573,0.8168080679985525,0.790361997892758,0.7945227433868193,0.3461649782923404,0.47140412818952315,0.4160745494061313
LSTM,4,majority (centred),31,0.8267554269175108,0.8370593342981186,0.8120940267166573,0.825899899767862,0.790361997892758,0.8028280958260051,1.0303907380607824,1.3805873051204731,1.2466097933247156
LSTM,4,majority (centred),61,0.8267554269175108,0.8477105643994212,0.8120940267166573,0.8414415773790848,0.790361997892758,0.8162756168897891,2.0955137481910358,2.9347550662427446,2.591361899703115
LSTM,4,majority (centred),121,0.8267554269175108,0.8565209840810419,0.8120940267166573,0.8523962268276702,0.790361997892758,0.8260958526941732,2.976555716353113,4.030220011101293,3.573385480141522
LSTM,4,"majority (causal, trailing)",5,0.8267554269175108,0.8297539797395079,0.8120940267166573,0.8156677701095348,0.790361997892758,0.7935579153959852,0.29985528219971247,0.35737433928775264,0.319591750322723
LSTM,4,"majority (causal, trailing)",11,0.8267554269175108,0.8345354558610709,0.8120940267166573,0.821312388519638,0.790361997892758,0.7987178318161877,0.7780028943560113,0.9218361802980635,0.8355833923429756
LSTM,4,"majority (causal, trailing)",31,0.8267554269175108,0.8502923299565847,0.8120940267166573,0.8394460940838776,0.790361997892758,0.8154859341768477,2.3536903039073853,2.735206736722029,2.512393628408971
LSTM,4,"majority (causal, trailing)",61,0.8267554269175108,0.8687930535455861,0.8120940267166573,0.8623529541003898,0.790361997892758,0.8361549095511629,4.203762662807531,5.0258927383732495,4.579291165840493
LSTM,4,"majority (causal, trailing)",121,0.8267554269175108,0.865643994211288,0.8120940267166573,0.8594759217495564,0.790361997892758,0.8335945112499266,3.888856729377721,4.738189503289913,4.32325133571686
LSTM,5,median (centred),5,0.8265933429811867,0.8280289435600579,0.8159821980944932,0.8178160093998746,0.7943480973825036,0.7960303923858213,0.14356005788711546,0.18338113053814054,0.16822950033177353
LSTM,5,median (centred),11,0.8265933429811867,0.8301591895803184,0.8159821980944932,0.819714955942605,0.7943480973825036,0.7982325696252718,0.3565846599131728,0.37327578481117785,0.3884472242768222
LSTM,5,median (centred),31,0.8265933429811867,0.8375687409551374,0.8159821980944932,0.8279298420025659,0.7943480973825036,0.8064109935416184,1.0975397973950751,1.194764390807268,1.2062896159114822
LSTM,5,median (centred),61,0.8265933429811867,0.847768451519537,0.8159821980944932,0.8387395643844231,0.7943480973825036,0.8173810909299216,2.117510853835025,2.275736628992986,2.3032993547418057
LSTM,5,median (centred),121,0.8265933429811867,0.8543791606367583,0.8159821980944932,0.843220383510712,0.7943480973825036,0.8244978678382883,2.7785817655571643,2.7238185416218808,3.014977045578471
LSTM,5,majority (centred),5,0.8265933429811867,0.827808972503618,0.8159821980944932,0.8176170011481632,0.7943480973825036,0.795826708368848,0.12156295224312608,0.16348030536699198,0.14786109863443864
LSTM,5,majority (centred),11,0.8265933429811867,0.8297076700434154,0.8159821980944932,0.8193808367204053,0.7943480973825036,0.7977814544047402,0.31143270622286945,0.3398638625912054,0.34333570222366827
LSTM,5,majority (centred),31,0.8265933429811867,0.8358321273516642,0.8159821980944932,0.8265261158271322,0.7943480973825036,0.8046348043173878,0.9238784370477537,1.0543917732638963,1.0286706934884204
LSTM,5,majority (centred),61,0.8265933429811867,0.844712011577424,0.8159821980944932,0.836409732757953,0.7943480973825036,0.8144419408570478,1.8118668596237342,2.042753466345981,2.0093843474544237
LSTM,5,majority (centred),121,0.8265933429811867,0.8517858176555716,0.8159821980944932,0.8419562033606605,0.7943480973825036,0.82213367794147,2.51924746743849,2.597400526616722,2.7785580558966405
LSTM,5,"majority (causal, trailing)",5,0.8265933429811867,0.829684515195369,0.8159821980944932,0.8195460002608365,0.7943480973825036,0.7975966529742472,0.3091172214182314,0.3563802166343222,0.32485555917436404
LSTM,5,"majority (causal, trailing)",11,0.8265933429811867,0.8344775687409551,0.8159821980944932,0.8243781370927818,0.7943480973825036,0.8023493700880583,0.7884225759768437,0.839593899828861,0.800127270555473
LSTM,5,"majority (causal, trailing)",31,0.8265933429811867,0.8473863965267728,0.8159821980944932,0.8386987676844141,0.7943480973825036,0.8157737637024498,2.0793053545586138,2.2716569589920854,2.1425666319946246
LSTM,5,"majority (causal, trailing)",61,0.8265933429811867,0.8580376266280753,0.8159821980944932,0.8512843132458873,0.7943480973825036,0.8278714761394096,3.144428364688856,3.530211515139403,3.352337875690603
LSTM,5,"majority (causal, trailing)",121,0.8265933429811867,0.850465991316932,0.8159821980944932,0.8399126138471041,0.7943480973825036,0.8201474203035377,2.3872648335745317,2.39304157526109,2.579932292103415
LSTM,6,median (centred),5,0.7916410998552822,0.7949638205499276,0.7867373526548233,0.7902770739562053,0.771752703578569,0.7755598256194776,0.33227206946454535,0.3539721301382026,0.3807122040908606
LSTM,6,median (centred),11,0.7916410998552822,0.7992011577424023,0.7867373526548233,0.794624527781393,0.771752703578569,0.7802897723564751,0.7560057887120109,0.7887175126569779,0.8537068777906165
LSTM,6,median (centred),31,0.7916410998552822,0.8087178002894356,0.7867373526548233,0.803364198852648,0.771752703578569,0.7903587500409112,1.7076700434153436,1.662684619782473,1.8606046462342207
LSTM,6,median (centred),61,0.7916410998552822,0.8194037626628076,0.7867373526548233,0.8139506208943246,0.771752703578569,0.801380762407113,2.7762662807525373,2.721326823950132,2.9628058828544024
LSTM,6,median (centred),121,0.7916410998552822,0.8274963820549928,0.7867373526548233,0.8234291790211937,0.771752703578569,0.8098485983224851,3.585528219971057,3.6691826366370472,3.809589474391617
LSTM,6,majority (centred),5,0.7916410998552822,0.7935513748191028,0.7867373526548233,0.7889593989622933,0.771752703578569,0.77411321678058,0.19102749638205685,0.2222046307470027,0.23605132020110275
LSTM,6,majority (centred),11,0.7916410998552822,0.7962026049204052,0.7867373526548233,0.7918682125379911,0.771752703578569,0.7770862012482508,0.4561505065122984,0.513085988316786,0.533349766968183
LSTM,6,majority (centred),31,0.7916410998552822,0.8028943560057887,0.7867373526548233,0.79822447847939,0.771752703578569,0.7841713072340203,1.125325615050654,1.148712582456679,1.2418603655451332
LSTM,6,majority (centred),61,0.7916410998552822,0.8111953690303907,0.7867373526548233,0.8066881113434671,0.771752703578569,0.7928289492020802,1.9554269175108496,1.9950758688643822,2.107624562351129
LSTM,6,majority (centred),121,0.7916410998552822,0.8187322720694645,0.7867373526548233,0.8157729270471353,0.771752703578569,0.8005092615011501,2.7091172214182335,2.903557439231208,2.875655792258114
LSTM,6,"majority (causal, trailing)",5,0.7916410998552822,0.795589001447178,0.7867373526548233,0.7910357747339898,0.771752703578569,0.7760777587019715,0.39479015918958416,0.42984220791665306,0.43250551234025325
LSTM,6,"majority (causal, trailing)",11,0.7916410998552822,0.8006830680173661,0.7867373526548233,0.7963212209492712,0.771752703578569,0.7813200892877497,0.9041968162083913,0.9583868294447906,0.9567385709180698
LSTM,6,"majority (causal, trailing)",31,0.7916410998552822,0.8147033285094066,0.7867373526548233,0.8101290345995548,0.771752703578569,0.7952842163350766,2.306222865412444,2.3391681944731513,2.3531512756507666
LSTM,6,"majority (causal, trailing)",61,0.7916410998552822,0.830205499276411,0.7867373526548233,0.8268403550446674,0.771752703578569,0.8114150844789269,3.856439942112877,4.01030023898441,3.9662380900357896
LSTM,6,"majority (causal, trailing)",121,0.7916410998552822,0.8258523878437047,0.7867373526548233,0.8240661340028579,0.771752703578569,0.8081280826912076,3.4211287988422545,3.7328781348034634,3.637537911263866
LSTM,7,median (centred),5,0.6723473227206946,0.6737250361794501,0.6976497382679249,0.6988407942725453,0.6677239587704795,0.6689675681553208,0.13777134587554807,0.11910560046204388,0.12436093848412488
LSTM,7,median (centred),11,0.6723473227206946,0.6755658465991317,0.6976497382679249,0.700683184291324,0.6677239587704795,0.6706623048197836,0.32185238784370185,0.30334460233991667,0.2938346049304097
LSTM,7,median (centred),31,0.6723473227206946,0.6804746743849494,0.6976497382679249,0.7054903444806868,0.6677239587704795,0.6752091324326401,0.8127351664254712,0.7840606212761947,0.7485173662160616
LSTM,7,median (centred),61,0.6723473227206946,0.686356005788712,0.6976497382679249,0.7120155637453266,0.6677239587704795,0.6810611492358429,1.4008683068017391,1.4365825477401728,1.3337190465363413
LSTM,7,median (centred),121,0.6723473227206946,0.6931519536903039,0.6976497382679249,0.7184610692925896,0.6677239587704795,0.6873097461015435,2.0804630969609272,2.0811331024664703,1.9585787331063975
LSTM,7,majority (centred),5,0.6723473227206946,0.673863965267728,0.6976497382679249,0.6989731159519782,0.6677239587704795,0.6691142759689481,0.151664254703332,0.13233776840533285,0.13903171984686047
LSTM,7,majority (centred),11,0.6723473227206946,0.6757742402315485,0.6976497382679249,0.7009148725485419,0.6677239587704795,0.6709075287672656,0.34269175108538885,0.32651342806170325,0.318356999678604
LSTM,7,majority (centred),31,0.6723473227206946,0.680752532561505,0.6976497382679249,0.7058336962298695,0.6677239587704795,0.6755775133922896,0.840520984081039,0.8183957961944599,0.7853554621810033
LSTM,7,majority (centred),61,0.6723473227206946,0.6858350217076701,0.6976497382679249,0.7117903624055147,0.6677239587704795,0.6807475878086732,1.3487698986975438,1.4140624137589874,1.3023629038193651
LSTM,7,majority (centred),121,0.6723473227206946,0.6922836468885673,0.6976497382679249,0.7180590250303016,0.6677239587704795,0.6867444900517619,1.993632416787261,2.0409286762376744,1.9020531281282338
LSTM,7,"majority (causal, trailing)",5,0.6723473227206946,0.6727293777134588,0.6976497382679249,0.6977223439010198,0.6677239587704795,0.667967279363871,0.03820549927641137,0.00726056330949687,0.024332059339149392
LSTM,7,"majority (causal, trailing)",11,0.6723473227206946,0.6731808972503618,0.6976497382679249,0.6981401323019987,0.6677239587704795,0.6682882053280629,0.0833574529667147,0.049039403407380444,0.056424655758335884
LSTM,7,"majority (causal, trailing)",31,0.6723473227206946,0.6741070911722142,0.6976497382679249,0.6988802738815755,0.6677239587704795,0.668868129980915,0.17597684515195944,0.12305356136506074,0.11441712104355295
LSTM,7,"majority (causal, trailing)",61,0.6723473227206946,0.6723125904486252,0.6976497382679249,0.6976422078515373,0.6677239587704795,0.6670930847319031,-0.0034732272069404324,-0.0007530416387568906,-0.06308740385764233
LSTM,7,"majority (causal, trailing)",121,0.6723473227206946,0.6666743849493487,0.6976497382679249,0.6922981507075155,0.6677239587704795,0.661022194223485,-0.5672937771345921,-0.5351587560409321,-0.670176454699456
LSTM,8,median (centred),5,0.46393053545586105,0.46438205499276414,0.5297799155316335,0.5303689097153766,0.41185180407077016,0.41177283657316704,0.04515195369030889,0.058899418374314116,-0.007896749760311073
LSTM,8,median (centred),11,0.46393053545586105,0.4643357452966715,0.5297799155316335,0.5306935437200159,0.41185180407077016,0.41139795283149977,0.040520984081043876,0.09136281883823649,-0.04538512392703864
LSTM,8,median (centred),31,0.46393053545586105,0.46611866859623735,0.5297799155316335,0.5333642341334811,0.41185180407077016,0.41180320753030003,0.21881331403763027,0.35843186018476025,-0.004859654047012496
LSTM,8,median (centred),61,0.46393053545586105,0.47336613603473227,0.5297799155316335,0.5412762592999804,0.41185180407077016,0.41668946499817355,0.9435600578871217,1.149634376834685,0.48376609274033977
LSTM,8,median (centred),121,0.46393053545586105,0.4801041968162084,0.5297799155316335,0.5491442438927607,0.41185180407077016,0.4211275992463339,1.617366136034737,1.9364328361127225,0.9275795175563761
LSTM,8,majority (centred),5,0.46393053545586105,0.4645094066570188,0.5297799155316335,0.530483051710375,0.41185180407077016,0.41180156555624486,0.057887120115773794,0.07031361787415147,-0.005023851452529149
LSTM,8,majority (centred),11,0.46393053545586105,0.4646483357452967,0.5297799155316335,0.5310323987863849,0.41185180407077016,0.4114058316671068,0.07178002894356328,0.12524832547513576,-0.04459724036633417
LSTM,8,majority (centred),31,0.46393053545586105,0.46637337192474676,0.5297799155316335,0.5339489578767148,0.41185180407077016,0.4109268444936683,0.24428364688857118,0.41690423450813086,-0.09249595771018693
LSTM,8,majority (centred),61,0.46393053545586105,0.47385238784370476,0.5297799155316335,0.5423513213871455,0.41185180407077016,0.4143798978925224,0.992185238784371,1.2571405855511975,0.2528093821752231
LSTM,8,majority (centred),121,0.46393053545586105,0.4810767004341534,0.5297799155316335,0.5508968498616369,0.41185180407077016,0.4181990936724515,1.7146164978292355,2.111693433000339,0.634728960168135
LSTM,8,"majority (causal, trailing)",5,0.46393053545586105,0.46411577424023154,0.5297799155316335,0.5301435252001371,0.41185180407077016,0.41142813580590926,0.018523878437048946,0.03636096685035728,-0.042366826486089915
LSTM,8,"majority (causal, trailing)",11,0.46393053545586105,0.46332850940665704,0.5297799155316335,0.5297275801448317,0.41185180407077016,0.4101367576486146,-0.06020260492040075,-0.0052335386801827255,-0.17150464221555306
LSTM,8,"majority (causal, trailing)",31,0.46393053545586105,0.46175397973950794,0.5297799155316335,0.5290755420580958,0.41185180407077016,0.4067142744257965,-0.21765557163531124,-0.07043734735376894,-0.513752964497366
LSTM,8,"majority (causal, trailing)",61,0.46393053545586105,0.4646599131693198,0.5297799155316335,0.5327780463052315,0.41185180407077016,0.40599236140074496,0.07293777134587676,0.2998130773598007,-0.5859442670025194
LSTM,8,"majority (causal, trailing)",121,0.46393053545586105,0.46083936324167873,0.5297799155316335,0.529511165686417,0.41185180407077016,0.40004144420529625,-0.3091172214182314,-0.026874984521652046,-1.1810359865473907
LSTM,9,median (centred),5,0.6813082489146165,0.6818986975397974,0.7000160364453215,0.7006374047896134,0.6754925509012649,0.6761211866902932,0.05904486251808727,0.06213683442919393,0.06286357890282757
LSTM,9,median (centred),11,0.6813082489146165,0.6839015918958031,0.7000160364453215,0.7025756474948118,0.6754925509012649,0.6781378795306173,0.25933429811866304,0.2559611049490318,0.2645328629352406
LSTM,9,median (centred),31,0.6813082489146165,0.6870390738060781,0.7000160364453215,0.7055076391443394,0.6754925509012649,0.6812217792581055,0.5730824891461594,0.5491602699017939,0.5729228356840532
LSTM,9,median (centred),61,0.6813082489146165,0.6959189580318379,0.7000160364453215,0.71475308051452,0.6754925509012649,0.6898581381144865,1.4610709117221399,1.4737044069198513,1.4365587213221565
LSTM,9,median (centred),121,0.6813082489146165,0.7063733719247467,0.7000160364453215,0.7265040187619155,0.6754925509012649,0.700912130208423,2.5065123010130197,2.6487982316593994,2.54195793071581
LSTM,9,majority (centred),5,0.6813082489146165,0.68194500723589,0.7000160364453215,0.7006973851164874,0.6754925509012649,0.676146341569722,0.06367583212735228,0.06813486711658712,0.06537906684570549
LSTM,9,majority (centred),11,0.6813082489146165,0.6839710564399422,0.7000160364453215,0.7028216721470253,0.6754925509012649,0.6782254829817632,0.2662807525325661,0.2805635701703779,0.2732932080498296
LSTM,9,majority (centred),31,0.6813082489146165,0.6870853835021707,0.7000160364453215,0.7060385425652566,0.6754925509012649,0.681325401761994,0.5777134587554245,0.6022506119935045,0.5832850860729044
LSTM,9,majority (centred),61,0.6813082489146165,0.69621997105644,0.7000160364453215,0.7160460439431899,0.6754925509012649,0.6902644064459732,1.4911722141823458,1.6030007497868426,1.4771855544708279
LSTM,9,majority (centred),121,0.6813082489146165,0.7052503617945007,0.7000160364453215,0.7267044347955381,0.6754925509012649,0.6998618340703295,2.3942112879884236,2.6688398350216636,2.4369283169064615
LSTM,9,"majority (causal, trailing)",5,0.6813082489146165,0.6811345875542691,0.7000160364453215,0.6999066915698662,0.6754925509012649,0.6753813477800931,-0.01736613603473547,-0.010934487545533056,-0.011120312117185449
LSTM,9,"majority (causal, trailing)",11,0.6813082489146165,0.6818060781476122,0.7000160364453215,0.7006987128242339,0.6754925509012649,0.6761638918322163,0.04978292329956835,0.06826763789123946,0.06713409309513363
LSTM,9,"majority (causal, trailing)",31,0.6813082489146165,0.680069464544139,0.7000160364453215,0.6990789160741303,0.6754925509012649,0.674582567211094,-0.12387843704775303,-0.09371203711912024,-0.09099836901709235
LSTM,9,"majority (causal, trailing)",61,0.6813082489146165,0.6801389290882779,0.7000160364453215,0.6995940960421801,0.6754925509012649,0.6746326288634954,-0.11693198263386106,-0.042194040314136316,-0.08599220377695227
LSTM,9,"majority (causal, trailing)",121,0.6813082489146165,0.6751953690303908,0.7000160364453215,0.6962917512789057,0.6754925509012649,0.6705268251890747,-0.6112879884225708,-0.3724285166415764,-0.49657257121902276
LSTM,10,median (centred),5,0.8336208393632417,0.8347670043415341,0.8362056392812559,0.8375313334004542,0.7954221086877064,0.7967361883023999,0.11461649782923411,0.13256941191982508,0.13140796146935418
LSTM,10,median (centred),11,0.8336208393632417,0.8364225759768451,0.8362056392812559,0.8391261062613943,0.7954221086877064,0.7985484177812676,0.28017366136033894,0.292046698013837,0.31263090935612636
LSTM,10,median (centred),31,0.8336208393632417,0.8414819102749638,0.8362056392812559,0.8443574940594963,0.7954221086877064,0.8040380468149594,0.7861070911722057,0.815185477824043,0.8615938127253031
LSTM,10,median (centred),61,0.8336208393632417,0.8531403762662807,0.8362056392812559,0.8548677943088713,0.7954221086877064,0.8163482689834282,1.951953690303898,1.8662155027615368,2.0926160295721807
LSTM,10,median (centred),121,0.8336208393632417,0.8581534008683068,0.8362056392812559,0.8566448478879652,0.7954221086877064,0.8209548578307929,2.453256150506511,2.0439208606709336,2.5532749143086564
LSTM,10,majority (centred),5,0.8336208393632417,0.8347206946454414,0.8362056392812559,0.8374853382505604,0.7954221086877064,0.7966877898915098,0.1099855282199691,0.12796989693044658,0.1265681203803437
LSTM,10,majority (centred),11,0.8336208393632417,0.8361910274963821,0.8362056392812559,0.8389228338374428,0.7954221086877064,0.7983129572260496,0.2570188133140361,0.2717194556186908,0.2890848538343205
LSTM,10,majority (centred),31,0.8336208393632417,0.8409146164978293,0.8362056392812559,0.8440832613832073,0.7954221086877064,0.8035377259764075,0.7293777134587565,0.787762210195142,0.8115617288701138
LSTM,10,majority (centred),61,0.8336208393632417,0.8519710564399421,0.8362056392812559,0.8544276319678907,0.7954221086877064,0.8153327186007546,1.835021707670037,1.8221992686634825,1.9910609913048272
LSTM,10,majority (centred),121,0.8336208393632417,0.8568567293777135,0.8362056392812559,0.8556818833941794,0.7954221086877064,0.8197166165058979,2.3235890014471794,1.947624411292348,2.4294507818191535
LSTM,10,"majority (causal, trailing)",5,0.8336208393632417,0.8361562952243126,0.8362056392812559,0.8388981949145196,0.7954221086877064,0.7980180267816324,0.25354558610708455,0.2692555633263649,0.25959180939260085
LSTM,10,"majority (causal, trailing)",11,0.8336208393632417,0.839849493487699,0.8362056392812559,0.8428055485911106,0.7954221086877064,0.8018887015718272,0.6228654124457278,0.6599909309854657,0.6466592884120881
LSTM,10,"majority (causal, trailing)",31,0.8336208393632417,0.8480347322720695,0.8362056392812559,0.8525682373480334,0.7954221086877064,0.8110441179237745,1.4413892908827775,1.6362598066777534,1.5622009236068157
LSTM,10,"majority (causal, trailing)",61,0.8336208393632417,0.8523068017366136,0.8362056392812559,0.8539342176948456,0.7954221086877064,0.8152237927991131,1.8685962373371834,1.7728578413589657,1.9801684111406703
LSTM,10,"majority (causal, trailing)",121,0.8336208393632417,0.8474442836468886,0.8362056392812559,0.847464839635589,0.7954221086877064,0.8116339297750478,1.3823444283646902,1.1259200354333143,1.6211821087341427
LSTM,11,median (centred),5,0.7494761215629523,0.7496497829232995,0.7618014043737403,0.7628732654019433,0.6812750365525441,0.6817074059487708,0.017366136034724367,0.10718610282030028,0.04323693962267061
LSTM,11,median (centred),11,0.7494761215629523,0.7506685962373372,0.7618014043737403,0.7658437542114339,0.6812750365525441,0.6833435359784548,0.11924746743848802,0.4042349837693582,0.2068499425910697
LSTM,11,median (centred),31,0.7494761215629523,0.7551259044862518,0.7618014043737403,0.7755717287938678,0.6812750365525441,0.6888868740146958,0.564978292329954,1.3770324420127489,0.7611837462151771
LSTM,11,median (centred),61,0.7494761215629523,0.7587959479015919,0.7618014043737403,0.7828788039504554,0.6812750365525441,0.6931976321729408,0.9319826338639592,2.107739957671506,1.192259562039677
LSTM,11,median (centred),121,0.7494761215629523,0.7625123010130246,0.7618014043737403,0.790280216349362,0.6812750365525441,0.6981166921336447,1.3036179450072294,2.847881197562163,1.6841655581100623
LSTM,11,majority (centred),5,0.7494761215629523,0.7496960926193922,0.7618014043737403,0.7628870972942604,0.6812750365525441,0.6817382595739915,0.02199710564398938,0.1085692920520076,0.0463223021447412
LSTM,11,majority (centred),11,0.7494761215629523,0.7507959479015919,0.7618014043737403,0.7658745811733252,0.6812750365525441,0.6834377897195631,0.13198263386395848,0.40731767995848545,0.21627531670190825
LSTM,11,majority (centred),31,0.7494761215629523,0.7553458755426917,0.7618014043737403,0.7765386591291974,0.6812750365525441,0.6893445279540055,0.5869753979739434,1.4737254755457063,0.8069491401461404
LSTM,11,majority (centred),61,0.7494761215629523,0.7593053545586107,0.7618014043737403,0.7829921543150116,0.6812750365525441,0.6935160292448597,0.982923299565841,2.1190749941271236,1.22409926923156
LSTM,11,majority (centred),121,0.7494761215629523,0.7613661360347322,0.7618014043737403,0.7892644743189005,0.6812750365525441,0.6970113341862,1.1890014471779953,2.7463069945160123,1.5736297633655916
LSTM,11,"majority (causal, trailing)",5,0.7494761215629523,0.7502865412445731,0.7618014043737403,0.7638637893307783,0.6812750365525441,0.682398799886709,0.08104196816207665,0.20623849570379216,0.11237633341649733
LSTM,11,"majority (causal, trailing)",11,0.7494761215629523,0.7512706222865413,0.7618014043737403,0.7663374507452062,0.6812750365525441,0.6838801232785445,0.17945007235889987,0.4536046371465874,0.26050867260004607
LSTM,11,"majority (causal, trailing)",31,0.7494761215629523,0.7536787264833574,0.7618014043737403,0.774493419828835,0.6812750365525441,0.6877181954426254,0.42026049204051397,1.2692015455094685,0.6443158890081291
LSTM,11,"majority (causal, trailing)",61,0.7494761215629523,0.751178002894356,0.7618014043737403,0.7750563644070049,0.6812750365525441,0.6866385782276367,0.17018813314036985,1.325496003326454,0.5363541675092676
LSTM,11,"majority (causal, trailing)",121,0.7494761215629523,0.7415571635311143,0.7618014043737403,0.7694813933756378,0.6812750365525441,0.6799391444755017,-0.7918958031837953,0.767998900189748,-0.13358920770423222
LSTM,12,median (centred),5,0.8312706222865412,0.8316642547033285,0.8457397831712538,0.8467847123196742,0.8075745508736962,0.8081641908846383,0.03936324167872485,0.10449291484204704,0.058964001094208296
LSTM,12,median (centred),11,0.8312706222865412,0.8332503617945007,0.8457397831712538,0.8489200554652481,0.8075745508736962,0.8099044888128656,0.19797395079594882,0.3180272293994313,0.23299379391693575
LSTM,12,median (centred),31,0.8312706222865412,0.8384370477568741,0.8457397831712538,0.8557875241411854,0.8075745508736962,0.8155380766429308,0.716642547033286,1.0047740969931662,0.7963525769234536
LSTM,12,median (centred),61,0.8312706222865412,0.8400347322720695,0.8457397831712538,0.859262781679558,0.8075745508736962,0.8179273506493793,0.8764109985528235,1.3522998508304296,1.0352799775683041
LSTM,12,median (centred),121,0.8312706222865412,0.8382170767004341,0.8457397831712538,0.860129811511658,0.8075745508736962,0.8173190460439789,0.6946454413892855,1.439002834040426,0.9744495170282641
LSTM,12,majority (centred),5,0.8312706222865412,0.831698986975398,0.8457397831712538,0.8468077547489417,0.8075745508736962,0.8081929631599261,0.04283646888567638,0.10679715776878984,0.061841228622983024
LSTM,12,majority (centred),11,0.8312706222865412,0.8334008683068017,0.8457397831712538,0.8490959068279246,0.8075745508736962,0.8100590362570127,0.21302460202604623,0.33561236566708175,0.24844853833164704
LSTM,12,majority (centred),31,0.8312706222865412,0.838356005788712,0.8457397831712538,0.855762166236163,0.8075745508736962,0.8154579536125999,0.7085383502170806,1.0022383064909213,0.7883402738903644
LSTM,12,majority (centred),61,0.8312706222865412,0.8401968162083936,0.8457397831712538,0.8595670056199092,0.8075745508736962,0.818086511662616,0.8926193921852343,1.3827222448655418,1.0511960788919805
LSTM,12,majority (centred),121,0.8312706222865412,0.8389001447178003,0.8457397831712538,0.860828092022853,0.8075745508736962,0.8179305031588493,0.7629522431259028,1.5088308851599286,1.035595228515307
LSTM,12,"majority (causal, trailing)",5,0.8312706222865412,0.8315021707670044,0.8457397831712538,0.8467035834993366,0.8075745508736962,0.8080778068572328,0.02315484804631396,0.09638003280828533,0.050325598353662127
LSTM,12,"majority (causal, trailing)",11,0.8312706222865412,0.8325441389290883,0.8457397831712538,0.8485295321530207,0.8075745508736962,0.809461088492981,0.12735166425470457,0.2789748981766982,0.18865376192848116
LSTM,12,"majority (causal, trailing)",31,0.8312706222865412,0.8313169319826339,0.8457397831712538,0.8488940857375499,0.8075745508736962,0.809072381489389,0.004630969609265012,0.3154302566296119,0.14978306156927523
LSTM,12,"majority (causal, trailing)",61,0.8312706222865412,0.8231201157742403,0.8457397831712538,0.8425359101554565,0.8075745508736962,0.8021628327904858,-0.8150506512300981,-0.3203873015797276,-0.5411718083210393
LSTM,12,"majority (causal, trailing)",121,0.8312706222865412,0.8048162083936324,0.8457397831712538,0.8248123474542215,0.8075745508736962,0.7848246897873578,-2.6454413892908812,-2.092743571703226,-2.2749861086338474
LSTM,13,median (centred),5,0.8061476121562953,0.8068191027496382,0.770467399174772,0.7710222153984763,0.7505914590147648,0.7512528856953208,0.06714905933429272,0.05548162237042353,0.0661426680556021
LSTM,13,median (centred),11,0.8061476121562953,0.8090535455861071,0.770467399174772,0.7740190933580999,0.7505914590147648,0.7540572367195297,0.29059334298118245,0.35516941833279025,0.3465777704764972
LSTM,13,median (centred),31,0.8061476121562953,0.8163241678726484,0.770467399174772,0.7807795724100147,0.7505914590147648,0.7617952802231566,1.017655571635312,1.0312173235242694,1.1203821208391807
LSTM,13,median (centred),61,0.8061476121562953,0.8275311143270623,0.770467399174772,0.7921960945977883,0.7505914590147648,0.7742192974991818,2.138350217076701,2.1728695423016253,2.3627838484417074
LSTM,13,median (centred),121,0.8061476121562953,0.8345354558610709,0.770467399174772,0.794518431582897,0.7505914590147648,0.7797373855338199,2.838784370477565,2.4051032408125006,2.914592651905512
LSTM,13,majority (centred),5,0.8061476121562953,0.8067496382054993,0.770467399174772,0.7709609845865001,0.7505914590147648,0.7512000134747202,0.06020260492040075,0.049358541172805914,0.0608554459955446
LSTM,13,majority (centred),11,0.8061476121562953,0.8088104196816208,0.770467399174772,0.7742406413364629,0.7505914590147648,0.754055450334017,0.266280752532555,0.37732421616908374,0.34639913192522354
LSTM,13,majority (centred),31,0.8061476121562953,0.815247467438495,0.770467399174772,0.7823403895886423,0.7505914590147648,0.7621168685674903,0.9099855282199698,1.1872990413870244,1.1525409552725518
LSTM,13,majority (centred),61,0.8061476121562953,0.8259102749638205,0.770467399174772,0.7973114480868081,0.7505914590147648,0.7758947380574094,1.9762662807525255,2.6844048912036067,2.530327904264462
LSTM,13,majority (centred),121,0.8061476121562953,0.8308306801736614,0.770467399174772,0.7987563771852004,0.7505914590147648,0.7795953227253931,2.4683068017366083,2.82889780104284,2.9003863710628353
LSTM,13,"majority (causal, trailing)",5,0.8061476121562953,0.8084978292329956,0.770467399174772,0.7730152300290576,0.7505914590147648,0.7530625887918836,0.2350217076700356,0.254783085428556,0.247112977711883
LSTM,13,"majority (causal, trailing)",11,0.8061476121562953,0.8129435600578871,0.770467399174772,0.7790488473696149,0.7505914590147648,0.758435537883865,0.6795947901591881,0.8581448194842856,0.7844078869100213
LSTM,13,"majority (causal, trailing)",31,0.8061476121562953,0.8243473227206947,0.770467399174772,0.7921615374295231,0.7505914590147648,0.7712615376339967,1.8199710564399396,2.1694138254751083,2.067007861923198
LSTM,13,"majority (causal, trailing)",61,0.8061476121562953,0.8290130246020261,0.770467399174772,0.7977842595255445,0.7505914590147648,0.7768315727708086,2.2865412445730815,2.731686035077252,2.624011375604385
LSTM,13,"majority (causal, trailing)",121,0.8061476121562953,0.8202026049204052,0.770467399174772,0.7866271674447359,0.7505914590147648,0.7681883011330616,1.405499276410993,1.6159768269963903,1.7596842118296818
LSTM,14,median (centred),5,0.7978350217076701,0.7992011577424023,0.7370173571675368,0.738458276009497,0.740052510400743,0.7415873506606147,0.1366136034732235,0.14409188419601815,0.1534840259871606
LSTM,14,median (centred),11,0.7978350217076701,0.8026975397973951,0.7370173571675368,0.7418312875944574,0.740052510400743,0.7455737764649945,0.4862518089725043,0.4813930426920576,0.5521266064251407
LSTM,14,median (centred),31,0.7978350217076701,0.8118321273516642,0.7370173571675368,0.7500172583234502,0.740052510400743,0.7556016653749613,1.3997105643994145,1.299990115591343,1.554915497421827
LSTM,14,median (centred),61,0.7978350217076701,0.8235716353111433,0.7370173571675368,0.7598587526651341,0.740052510400743,0.7680191968261486,2.5736613603473235,2.284139549759734,2.7966686425405562
LSTM,14,median (centred),121,0.7978350217076701,0.8366078147612156,0.7370173571675368,0.7728726355759022,0.740052510400743,0.7839303250814474,3.877279305354553,3.5855278408365443,4.38778146807044
LSTM,14,majority (centred),5,0.7978350217076701,0.7992127351664254,0.7370173571675368,0.7384332316483272,0.740052510400743,0.7415906582468873,0.13777134587553697,0.1415874480790391,0.15381478461442555
LSTM,14,majority (centred),11,0.7978350217076701,0.8022923299565846,0.7370173571675368,0.7413621790102091,0.740052510400743,0.7451175246869388,0.4457308248914549,0.4344821842672264,0.5065014286195768
LSTM,14,majority (centred),31,0.7978350217076701,0.8107901591895803,0.7370173571675368,0.7487363905553727,0.740052510400743,0.7542480818241074,1.295513748191024,1.1719033387835864,1.4195571423364362
LSTM,14,majority (centred),61,0.7978350217076701,0.8227380607814762,0.7370173571675368,0.759444754330517,0.740052510400743,0.7674056171122882,2.490303907380609,2.2427397162980145,2.7353106711545117
LSTM,14,majority (centred),121,0.7978350217076701,0.834246020260492,0.7370173571675368,0.7706955853446472,0.740052510400743,0.7813357590330542,3.6410998552821927,3.3678228177110414,4.128324863231114
LSTM,14,"majority (causal, trailing)",5,0.7978350217076701,0.8007756874095514,0.7370173571675368,0.7404194114120477,0.740052510400743,0.7434814514249304,0.294066570188134,0.3402054244510899,0.34289410241873375
LSTM,14,"majority (causal, trailing)",11,0.7978350217076701,0.8064023154848047,0.7370173571675368,0.7466397263620169,0.740052510400743,0.7501499619365005,0.856729377713461,0.9622369194480118,1.0097451535757473
LSTM,14,"majority (causal, trailing)",31,0.7978350217076701,0.8220202604920405,0.7370173571675368,0.7631216187551,0.740052510400743,0.7681774794521159,2.41852387843704,2.6104261587563182,2.812496905137285
LSTM,14,"majority (causal, trailing)",61,0.7978350217076701,0.8447235890014472,0.7370173571675368,0.7859764416836127,0.740052510400743,0.793509828245044,4.688856729377711,4.895908451607589,5.345731784430097
LSTM,14,"majority (causal, trailing)",121,0.7978350217076701,0.8548885672937772,0.7370173571675368,0.7929983998747278,0.740052510400743,0.8040105144640214,5.7053545586107095,5.598104270719095,6.395800406327834
LSTM,15,median (centred),5,0.7651287988422576,0.7664138929088278,0.764708446193354,0.7668488403428134,0.7350232317811223,0.7365772167850279,0.12850940665701804,0.21403941494594347,0.1553985003905578
LSTM,15,median (centred),11,0.7651287988422576,0.76994500723589,0.764708446193354,0.7718414651463439,0.7350232317811223,0.740568371965844,0.4816208393632393,0.71330189529899,0.5545140184721742
LSTM,15,median (centred),31,0.7651287988422576,0.7797626628075254,0.764708446193354,0.7846485225760564,0.7350232317811223,0.7511869471305612,1.463386396526778,1.9940076382702454,1.6163715349438945
LSTM,15,median (centred),61,0.7651287988422576,0.7890014471780029,0.764708446193354,0.794257492285996,0.7350232317811223,0.7603284173908601,2.3872648335745317,2.9549046092641973,2.5305185609737824
LSTM,15,median (centred),121,0.7651287988422576,0.799548480463097,0.764708446193354,0.8058495245270398,0.7350232317811223,0.7716875202468847,3.4419681620839415,4.114107833368585,3.666428846576242
LSTM,15,majority (centred),5,0.7651287988422576,0.7664138929088278,0.764708446193354,0.7668427107215133,0.7350232317811223,0.7365761723786233,0.12850940665701804,0.21342645281593464,0.15529405975009958
LSTM,15,majority (centred),11,0.7651287988422576,0.7697713458755427,0.764708446193354,0.771750920882047,0.7350232317811223,0.7404272239089527,0.46425470332851493,0.7042474688693012,0.5403992127830382
LSTM,15,majority (centred),31,0.7651287988422576,0.779369030390738,0.764708446193354,0.7845951721073862,0.7350232317811223,0.7509200043114227,1.424023154848042,1.9886725914032177,1.5896772530300418
LSTM,15,majority (centred),61,0.7651287988422576,0.7875658465991316,0.764708446193354,0.7934468307640682,0.7350232317811223,0.7590804221569499,2.243704775687405,2.8738384570714204,2.4057190375827653
LSTM,15,majority (centred),121,0.7651287988422576,0.7974876989869754,0.764708446193354,0.8050067318480786,0.7350232317811223,0.7699255576622228,3.235890014471776,4.02982856547246,3.4902325881100538
LSTM,15,"majority (causal, trailing)",5,0.7651287988422576,0.7669348769898697,0.764708446193354,0.7674676530694976,0.7350232317811223,0.7371192145933074,0.18060781476121335,0.2759206876143616,0.20959828121851487
LSTM,15,"majority (causal, trailing)",11,0.7651287988422576,0.7710564399421129,0.764708446193354,0.7732111260006017,0.7350232317811223,0.7417088498948718,0.592764109985533,0.8502679807247726,0.668561811374957
LSTM,15,"majority (causal, trailing)",31,0.7651287988422576,0.7781534008683068,0.764708446193354,0.7824033670214233,0.7350232317811223,0.7493182397852242,1.302460202604916,1.7694920828069338,1.4295008004101883
LSTM,15,"majority (causal, trailing)",61,0.7651287988422576,0.7808625180897251,0.764708446193354,0.785557446349752,0.7350232317811223,0.7523608247971931,1.573371924746747,2.084900015639801,1.7337593016070851
LSTM,15,"majority (causal, trailing)",121,0.7651287988422576,0.7733719247467439,0.764708446193354,0.7790733633706765,0.7350232317811223,0.7466095980038264,0.8243125904486281,1.4364917177322467,1.1586366222704148
LSTM,16,median (centred),5,0.7790680173661361,0.7809088277858176,0.689770514698854,0.69211520294869,0.6961224786946324,0.698633263973226,0.18408104196815378,0.23446882498360244,0.2510785278593608
LSTM,16,median (centred),11,0.7790680173661361,0.7825528219971056,0.689770514698854,0.6934675867172997,0.6961224786946324,0.7004170592786028,0.34848046309695624,0.3697072018445713,0.42945805839703644
LSTM,16,median (centred),31,0.7790680173661361,0.7916758321273517,0.689770514698854,0.7026300456481877,0.6961224786946324,0.7113604702380877,1.260781476121564,1.2859530949333675,1.5237991543455287
LSTM,16,median (centred),61,0.7790680173661361,0.8002315484804631,0.689770514698854,0.7099352554527977,0.6961224786946324,0.7207520310802438,2.1163531114327006,2.01647407539437,2.4629552385611375
LSTM,16,median (centred),121,0.7790680173661361,0.8130130246020261,0.689770514698854,0.7204185535047948,0.6961224786946324,0.7359894080562159,3.394500723589,3.0648038805940803,3.9866929361583536
LSTM,16,majority (centred),5,0.7790680173661361,0.7807235890014472,0.689770514698854,0.6918879476155008,0.6961224786946324,0.6984630855989461,0.16555716353111594,0.21174329166467887,0.23406069043137023
LSTM,16,majority (centred),11,0.7790680173661361,0.7821013024602026,0.689770514698854,0.693157595877791,0.6961224786946324,0.7001436130929884,0.3033285094066529,0.3387081178937046,0.4021134398356052
LSTM,16,majority (centred),31,0.7790680173661361,0.7897192474674385,0.689770514698854,0.701664419696443,0.6961224786946324,0.7099563942268752,1.0651230101302422,1.1893904997589022,1.383391553224278
LSTM,16,majority (centred),61,0.7790680173661361,0.7992590448625181,0.689770514698854,0.7120296481950517,0.6961224786946324,0.7223932372001517,2.019102749638202,2.225913349619768,2.62707585055193
LSTM,16,majority (centred),121,0.7790680173661361,0.8098755426917511,0.689770514698854,0.720701663751857,0.6961224786946324,0.7354834836857563,3.0807525325615037,3.093114905300298,3.936100499112394
LSTM,16,"majority (causal, trailing)",5,0.7790680173661361,0.7823675832127351,0.689770514698854,0.6937434718109691,0.6961224786946324,0.7002874673062474,0.3299565846599073,0.3972957112115094,0.41649886116149615
LSTM,16,"majority (causal, trailing)",11,0.7790680173661361,0.7864196816208394,0.689770514698854,0.6981295556493157,0.6961224786946324,0.7050277777498835,0.735166425470335,0.8359040950461694,0.8905299055251059
LSTM,16,"majority (causal, trailing)",31,0.7790680173661361,0.803438494934877,0.689770514698854,0.7172348288837522,0.6961224786946324,0.7252429534092867,2.437047756874089,2.7464314184898253,2.9120474714654287
LSTM,16,"majority (causal, trailing)",61,0.7790680173661361,0.8187322720694645,0.689770514698854,0.7330694104867229,0.6961224786946324,0.7433903129692979,3.966425470332846,4.329889578786894,4.726783427466552
LSTM,16,"majority (causal, trailing)",121,0.7790680173661361,0.8264196816208393,0.689770514698854,0.7407112730004833,0.6961224786946324,0.7559611537088351,4.735166425470327,5.094075830162936,5.983867501420271
LSTM,17,median (centred),5,0.7748538350217077,0.7763241678726484,0.7668743270368666,0.7681017522500687,0.724639327536068,0.7260154695394867,0.147033285094067,0.12274252132020713,0.13761420034187344
LSTM,17,median (centred),11,0.7748538350217077,0.7787322720694645,0.7668743270368666,0.7711116843324356,0.724639327536068,0.7287018088501074,0.3878437047756811,0.42373572955689554,0.4062481314039412
LSTM,17,median (centred),31,0.7748538350217077,0.7905875542691752,0.7668743270368666,0.7824148330270498,0.724639327536068,0.7407754197069489,1.573371924746747,1.5540505990183195,1.6136092170880967
LSTM,17,median (centred),61,0.7748538350217077,0.8067959479015919,0.7668743270368666,0.7980927189668048,0.724639327536068,0.7577245610196072,3.1942112879884244,3.121839192993814,3.30852334835392
LSTM,17,median (centred),121,0.7748538350217077,0.814657018813314,0.7668743270368666,0.8028711807138048,0.724639327536068,0.7650730766291388,3.98031837916063,3.5996853676938168,4.043374909307085
LSTM,17,majority (centred),5,0.7748538350217077,0.7762083936324168,0.7668743270368666,0.767999473139116,0.724639327536068,0.7259063273363546,0.13545586107091,0.11251461022493414,0.12669998002866611
LSTM,17,majority (centred),11,0.7748538350217077,0.7784544138929088,0.7668743270368666,0.770946020260617,0.724639327536068,0.7284470051601666,0.3600578871201132,0.4071693223750339,0.38076776240986154
LSTM,17,majority (centred),31,0.7748538350217077,0.7891287988422576,0.7668743270368666,0.7814147361943752,0.724639327536068,0.7394408923034149,1.4274963820549935,1.4540409157508538,1.4801564767346953
LSTM,17,majority (centred),61,0.7748538350217077,0.805163531114327,0.7668743270368666,0.7972403245611065,0.724639327536068,0.7562764003668763,3.0309696092619354,3.036599752423985,3.16370728308083
LSTM,17,majority (centred),121,0.7748538350217077,0.8121794500723589,0.7668743270368666,0.8021080568817055,0.724639327536068,0.7631789707351017,3.732561505065124,3.5233729844838857,3.853964319903369
LSTM,17,"majority (causal, trailing)",5,0.7748538350217077,0.7780955137481911,0.7668743270368666,0.7704361713556244,0.724639327536068,0.7279080920886196,0.3241678726483399,0.3561844318757723,0.32687645525516507
LSTM,17,"majority (causal, trailing)",11,0.7748538350217077,0.7826454413892909,0.7668743270368666,0.7762226805618856,0.724639327536068,0.7328441437699266,0.7791606367583248,0.9348353525018949,0.8204816233858603
LSTM,17,"majority (causal, trailing)",31,0.7748538350217077,0.7984023154848047,0.7668743270368666,0.7927447355617478,0.724639327536068,0.7490170598850545,2.354848046309699,2.5870408524881205,2.4377732348986547
LSTM,17,"majority (causal, trailing)",61,0.7748538350217077,0.808972503617945,0.7668743270368666,0.8007659806738223,0.724639327536068,0.7596445974678541,3.4118668596237356,3.3891653636955676,3.50052699317861
LSTM,17,"majority (causal, trailing)",121,0.7748538350217077,0.7997568740955138,0.7668743270368666,0.7880900454667287,0.724639327536068,0.7509470440452969,2.490303907380609,2.121571842986203,2.630771650922892
LSTM,18,median (centred),5,0.7776555716353112,0.7795426917510854,0.737866061917126,0.7408418400985094,0.7040783602108632,0.706583765234882,0.1887120115774188,0.2975778181383393,0.25054050240187475
LSTM,18,median (centred),11,0.7776555716353112,0.7825180897250362,0.737866061917126,0.7457904029599772,0.7040783602108632,0.7107351884112824,0.4862518089725043,0.7924341042851224,0.6656828200419129
LSTM,18,median (centred),31,0.7776555716353112,0.7934587554269175,0.737866061917126,0.7628671148335897,0.7040783602108632,0.7256910941952928,1.580318379160628,2.5001052916463706,2.1612733984429533
LSTM,18,median (centred),61,0.7776555716353112,0.8017250361794501,0.737866061917126,0.7742610845353225,0.7040783602108632,0.7361796344093064,2.406946454413894,3.6395022618196493,3.210127419844322
LSTM,18,median (centred),121,0.7776555716353112,0.8012272069464544,0.737866061917126,0.7755448760762088,0.7040783602108632,0.7367465851109714,2.3571635311143257,3.7678814159082807,3.2668224900108123
LSTM,18,majority (centred),5,0.7776555716353112,0.7794616497829233,0.737866061917126,0.7404398335105628,0.7040783602108632,0.7063924520895201,0.18060781476121335,0.25737715934367467,0.2314091878656832
LSTM,18,majority (centred),11,0.7776555716353112,0.7821707670043415,0.737866061917126,0.7447137788487866,0.7040783602108632,0.7100992152999314,0.45151953690303337,0.6847716931660641,0.6020855089068133
LSTM,18,majority (centred),31,0.7776555716353112,0.7929840810419682,0.737866061917126,0.7612783737526753,0.7040783602108632,0.7251856555493444,1.5328509406656976,2.341231183554926,2.1107295338481213
LSTM,18,majority (centred),61,0.7776555716353112,0.8023733719247468,0.737866061917126,0.7740370858227567,0.7040783602108632,0.7373871398995101,2.47178002894356,3.617102390563065,3.3308779688646872
LSTM,18,majority (centred),121,0.7776555716353112,0.801342981186686,0.737866061917126,0.7729196313235039,0.7040783602108632,0.7368766163386476,2.3687409551374827,3.505356940637794,3.279825612778442
LSTM,18,"majority (causal, trailing)",5,0.7776555716353112,0.7792648335745297,0.737866061917126,0.7399938018623695,0.7040783602108632,0.7059806994068323,0.16092619392185092,0.2127739945243512,0.19023391959690494
LSTM,18,"majority (causal, trailing)",11,0.7776555716353112,0.7812793053545586,0.737866061917126,0.743112467507432,0.7040783602108632,0.7086680412615508,0.3623733719247402,0.524640559030598,0.45896810506875774
LSTM,18,"majority (causal, trailing)",31,0.7776555716353112,0.7863617945007236,0.737866061917126,0.7522975640072889,0.7040783602108632,0.7173947334524513,0.870622286541245,1.4431502090162862,1.3316373241588075
LSTM,18,"majority (causal, trailing)",61,0.7776555716353112,0.7871837916063675,0.737866061917126,0.7558559354686661,0.7040783602108632,0.7211742929945086,0.9528219971056351,1.7989873551540136,1.7095932783645407
LSTM,18,"majority (causal, trailing)",121,0.7776555716353112,0.7791027496382055,0.737866061917126,0.7497187495122302,0.7040783602108632,0.7141961722577527,0.14471780028942893,1.185268759510416,1.011781204688944
STA-LSTM,1,median (centred),5,0.8218581765557164,0.8227843704775687,0.766649707754227,0.7673644945618512,0.7649395725345794,0.7659105011396611,0.09261939218523363,0.0714786807624157,0.09709286050816335
STA-LSTM,1,median (centred),11,0.8218581765557164,0.8248914616497829,0.766649707754227,0.7696158450238063,0.7649395725345794,0.768427570231286,0.3033285094066529,0.2966137269579283,0.3487997696706602
STA-LSTM,1,median (centred),31,0.8218581765557164,0.8344312590448625,0.766649707754227,0.7797141052192167,0.7649395725345794,0.7791612856219686,1.2573082489146126,1.3064397464989663,1.4221713087389176
STA-LSTM,1,median (centred),61,0.8218581765557164,0.8482083936324167,0.766649707754227,0.7922296749342083,0.7649395725345794,0.7938200469538782,2.6350217076700377,2.5579967179981233,2.888047441929875
STA-LSTM,1,median (centred),121,0.8218581765557164,0.8542981186685963,0.766649707754227,0.7980930239396962,0.7649395725345794,0.8008796601796102,3.2439942112879927,3.144331618546914,3.594008764503076
STA-LSTM,1,majority (centred),5,0.8218581765557164,0.8225759768451519,0.766649707754227,0.7672009928943687,0.7649395725345794,0.765724026261548,0.07178002894355773,0.05512851401416885,0.07844537269685592
STA-LSTM,1,majority (centred),11,0.8218581765557164,0.8242662807525326,0.766649707754227,0.7692646028657673,0.7649395725345794,0.7678746070856967,0.2408104196816252,0.26148951115402275,0.29350345511172105
STA-LSTM,1,majority (centred),31,0.8218581765557164,0.8333429811866859,0.766649707754227,0.7801628859454656,0.7649395725345794,0.7785594219555702,1.148480463096957,1.351317819123854,1.3619849420990704
STA-LSTM,1,majority (centred),61,0.8218581765557164,0.8448740955137481,0.766649707754227,0.7928449075164866,0.7649395725345794,0.7922706444992658,2.301591895803179,2.619519976225959,2.7331071964686315
STA-LSTM,1,majority (centred),121,0.8218581765557164,0.8561273516642547,0.766649707754227,0.8092342315624809,0.7649395725345794,0.8072043066797695,3.426917510853833,4.258452380825384,4.226473414519005
STA-LSTM,1,"majority (causal, trailing)",5,0.8218581765557164,0.8242547033285094,0.766649707754227,0.7691328606221971,0.7649395725345794,0.7676320949076626,0.23965267727930062,0.24831528679700732,0.26925223730831505
STA-LSTM,1,"majority (causal, trailing)",11,0.8218581765557164,0.8283994211287988,0.766649707754227,0.7740827020263875,0.7649395725345794,0.772633576948676,0.6541244573082472,0.7432994272160487,0.7694004414096511
STA-LSTM,1,"majority (causal, trailing)",31,0.8218581765557164,0.8447698986975398,0.766649707754227,0.7942016636838302,0.7649395725345794,0.792405123216063,2.2911722141823465,2.7551955929603134,2.7465550681483597
STA-LSTM,1,"majority (causal, trailing)",61,0.8218581765557164,0.8562547033285094,0.766649707754227,0.8066942129998199,0.7649395725345794,0.8059663503178708,3.4396526772793035,4.004450524559289,4.1026777783291335
STA-LSTM,1,"majority (causal, trailing)",121,0.8218581765557164,0.8496092619392185,0.766649707754227,0.8050061692358361,0.7649395725345794,0.802861983889212,2.7751085383502128,3.8356461481609094,3.792241135463259
STA-LSTM,2,median (centred),5,0.7945817655571635,0.7949869753979739,0.7997189253729818,0.8003732214384129,0.7804999971687995,0.7809990449901165,0.040520984081038325,0.06542960654311036,0.04990478213170446
STA-LSTM,2,median (centred),11,0.7945817655571635,0.7949522431259045,0.7997189253729818,0.8005061872265697,0.7804999971687995,0.7810673566928824,0.03704775687409789,0.07872618535879061,0.05673595240829332
STA-LSTM,2,median (centred),31,0.7945817655571635,0.8011345875542691,0.7997189253729818,0.8077595773181692,0.7804999971687995,0.7876362546725568,0.6552821997105607,0.8040651945187327,0.7136257503757348
STA-LSTM,2,median (centred),61,0.7945817655571635,0.8146454413892908,0.7997189253729818,0.8236097126778343,0.7804999971687995,0.8018559033008265,2.0063675832127315,2.38907873048525,2.135590613202698
STA-LSTM,2,median (centred),121,0.7945817655571635,0.8187206946454414,0.7997189253729818,0.8310383580151841,0.7804999971687995,0.807119755912724,2.413892908827786,3.131943264220227,2.6619758743924526
STA-LSTM,2,majority (centred),5,0.7945817655571635,0.7951722141823444,0.7997189253729818,0.8005487804982128,0.7804999971687995,0.7811673490995501,0.05904486251808727,0.08298551252309272,0.0667351930750626
STA-LSTM,2,majority (centred),11,0.7945817655571635,0.7954153400868307,0.7997189253729818,0.8009825689108068,0.7804999971687995,0.7814741120600041,0.0833574529667147,0.12636435378249322,0.09741148912045805
STA-LSTM,2,majority (centred),31,0.7945817655571635,0.8026975397973951,0.7997189253729818,0.8093871673978345,0.7804999971687995,0.7889943293653516,0.8115774240231577,0.9668242024852614,0.8494332196552157
STA-LSTM,2,majority (centred),61,0.7945817655571635,0.8177366136034733,0.7997189253729818,0.8273672713703659,0.7804999971687995,0.8047415762954868,2.315484804630974,2.7648345997384083,2.424157912668734
STA-LSTM,2,majority (centred),121,0.7945817655571635,0.821603473227207,0.7997189253729818,0.8350147021807851,0.7804999971687995,0.8096995787962203,2.7021707670043416,3.529577680780327,2.9199581627420867
STA-LSTM,2,"majority (causal, trailing)",5,0.7945817655571635,0.7962257597684516,0.7997189253729818,0.8015949799505172,0.7804999971687995,0.782212661693697,0.16439942112880246,0.18760545775353688,0.17126645248974892
STA-LSTM,2,"majority (causal, trailing)",11,0.7945817655571635,0.7980897250361795,0.7997189253729818,0.8036043947892729,0.7804999971687995,0.7841215656991504,0.3507959479015943,0.38854694162910874,0.3621568530350894
STA-LSTM,2,"majority (causal, trailing)",31,0.7945817655571635,0.8101881331403763,0.7997189253729818,0.8167944644334729,0.7804999971687995,0.7964076507094701,1.5606367583212766,1.7075539060491085,1.5907653540670585
STA-LSTM,2,"majority (causal, trailing)",61,0.7945817655571635,0.8276816208393633,0.7997189253729818,0.83730180365927,0.7804999971687995,0.8145631873866997,3.309985528219972,3.7582878286288146,3.4063190217900274
STA-LSTM,2,"majority (causal, trailing)",121,0.7945817655571635,0.8246599131693199,0.7997189253729818,0.8371700156835682,0.7804999971687995,0.8121929055253068,3.0078147612156325,3.7451090310586355,3.1692908356507288
STA-LSTM,3,median (centred),5,0.8203068017366136,0.820712011577424,0.806499150480149,0.8068772378812272,0.793471260411781,0.7938871520438563,0.040520984081038325,0.03780874010782531,0.04158916320753381
STA-LSTM,3,median (centred),11,0.8203068017366136,0.8219507959479015,0.806499150480149,0.8082796370368589,0.793471260411781,0.795251582550844,0.16439942112879136,0.1780486556709926,0.17803221390630952
STA-LSTM,3,median (centred),31,0.8203068017366136,0.8295455861070912,0.806499150480149,0.8173611052442769,0.793471260411781,0.8041647980148906,0.9238784370477537,1.086195476412788,1.0693537603109649
STA-LSTM,3,median (centred),61,0.8203068017366136,0.8409956584659913,0.806499150480149,0.8293151116921474,0.793471260411781,0.8163030199440248,2.0688856729377703,2.281596121199847,2.283175953224381
STA-LSTM,3,median (centred),121,0.8203068017366136,0.8458581765557164,0.806499150480149,0.835997256619521,0.793471260411781,0.8224730544843504,2.5551374819102746,2.9498106139371982,2.900179407256942
STA-LSTM,3,majority (centred),5,0.8203068017366136,0.8206657018813314,0.806499150480149,0.8068287713896406,0.793471260411781,0.7938515815573228,0.03589001447177331,0.03296209094916236,0.03803211455418731
STA-LSTM,3,majority (centred),11,0.8203068017366136,0.8219739507959479,0.806499150480149,0.8083434852097984,0.793471260411781,0.7953014897777932,0.1667149059334294,0.18443347296493995,0.18302293660122926
STA-LSTM,3,majority (centred),31,0.8203068017366136,0.8299507959479016,0.806499150480149,0.8179938867978455,0.793471260411781,0.8046452065055032,0.9643994211287921,1.1494736317696486,1.1173946093722242
STA-LSTM,3,majority (centred),61,0.8203068017366136,0.8406251808972504,0.806499150480149,0.8301603637520598,0.793471260411781,0.8163313557038322,2.0318379160636724,2.366121327191084,2.286009529205124
STA-LSTM,3,majority (centred),121,0.8203068017366136,0.8468885672937772,0.806499150480149,0.8384400739009971,0.793471260411781,0.8239850284386133,2.6581765557163517,3.194092342084809,3.0513768026832366
STA-LSTM,3,"majority (causal, trailing)",5,0.8203068017366136,0.8221591895803184,0.806499150480149,0.8083459117340922,0.793471260411781,0.7952799493307104,0.18523878437047836,0.184676125394323,0.18086889189294908
STA-LSTM,3,"majority (causal, trailing)",11,0.8203068017366136,0.8257366136034733,0.806499150480149,0.81220342094677,0.793471260411781,0.7989430437834225,0.5429811866859646,0.5704270466621031,0.5471783371641559
STA-LSTM,3,"majority (causal, trailing)",31,0.8203068017366136,0.841041968162084,0.806499150480149,0.8298576151934149,0.793471260411781,0.8157929903982412,2.0735166425470353,2.335846471326597,2.2321729986460204
STA-LSTM,3,"majority (causal, trailing)",61,0.8203068017366136,0.8539623733719247,0.806499150480149,0.8438339725026447,0.793471260411781,0.829183007108565,3.3655571635311077,3.7334822022495717,3.571174669678401
STA-LSTM,3,"majority (causal, trailing)",121,0.8203068017366136,0.8499797395079595,0.806499150480149,0.8416845378745252,0.793471260411781,0.8271654898455426,2.967293777134583,3.5185387394376266,3.3694229433761658
STA-LSTM,4,median (centred),5,0.7843125904486252,0.7868364688856729,0.7616749316338529,0.7641910169934368,0.7440482382375097,0.7468857268925563,0.2523878437047711,0.25160853595839194,0.2837488655046627
STA-LSTM,4,median (centred),11,0.7843125904486252,0.7917684515195369,0.7616749316338529,0.7694998567648218,0.7440482382375097,0.7524662383000482,0.7455861070911673,0.7824925130968885,0.8418000062538566
STA-LSTM,4,median (centred),31,0.7843125904486252,0.8107901591895803,0.7616749316338529,0.7891417275864295,0.7440482382375097,0.7737330568421728,2.647756874095508,2.7466795952576617,2.96848186046631
STA-LSTM,4,median (centred),61,0.7843125904486252,0.831698986975398,0.7616749316338529,0.8102045586633465,0.7440482382375097,0.7957920551198235,4.7386396526772785,4.852962702949359,5.174381688231389
STA-LSTM,4,median (centred),121,0.7843125904486252,0.8451519536903039,0.7616749316338529,0.8236096301844965,0.7440482382375097,0.8101165432492743,6.083936324167871,6.193469855064359,6.606830501176464
STA-LSTM,4,majority (centred),5,0.7843125904486252,0.7859565846599131,0.7616749316338529,0.7633477491006877,0.7440482382375097,0.7459936275638103,0.16439942112879136,0.16728174668347862,0.19453893263006172
STA-LSTM,4,majority (centred),11,0.7843125904486252,0.7899276410998552,0.7616749316338529,0.7679228018313146,0.7440482382375097,0.7505404926614542,0.5615050651230025,0.6247870197461647,0.6492254423944521
STA-LSTM,4,majority (centred),31,0.7843125904486252,0.8044225759768452,0.7616749316338529,0.7838202428409575,0.7440482382375097,0.7670463955175397,2.0109985528219965,2.214531120710461,2.2998157280030074
STA-LSTM,4,majority (centred),61,0.7843125904486252,0.822506512301013,0.7616749316338529,0.8044350484240893,0.7440482382375097,0.7876371062088667,3.819392185238779,4.2760116790236395,4.358886797135709
STA-LSTM,4,majority (centred),121,0.7843125904486252,0.8332966714905934,0.7616749316338529,0.8174451198851536,0.7440482382375097,0.7998559602522275,4.898408104196816,5.5770188251300645,5.580772201471785
STA-LSTM,4,"majority (causal, trailing)",5,0.7843125904486252,0.7877047756874096,0.7616749316338529,0.76528517378166,0.7440482382375097,0.7477933921766029,0.3392185238784373,0.3610242147807141,0.37451539390932487
STA-LSTM,4,"majority (causal, trailing)",11,0.7843125904486252,0.7948364688856729,0.7616749316338529,0.7734428828239955,0.7440482382375097,0.7556818364834491,1.0523878437047718,1.1767951190142623,1.1633598245939458
STA-LSTM,4,"majority (causal, trailing)",31,0.7843125904486252,0.8171808972503618,0.7616749316338529,0.797288616645132,0.7440482382375097,0.7796924711084396,3.286830680173658,3.561368501127904,3.5644232870929993
STA-LSTM,4,"majority (causal, trailing)",61,0.7843125904486252,0.839849493487699,0.7616749316338529,0.8210818324223804,0.7440482382375097,0.8036461510443861,5.553690303907377,5.94069007885275,5.959791280687643
STA-LSTM,4,"majority (causal, trailing)",121,0.7843125904486252,0.8418176555716353,0.7616749316338529,0.8255620551170111,0.7440482382375097,0.8079650455160509,5.750506512301012,6.388712348315817,6.391680727854121
STA-LSTM,5,median (centred),5,0.8221707670043416,0.8229117221418234,0.817607423007277,0.8186515871174272,0.791417248393611,0.7923057334945726,0.07409551374818468,0.10441641101502919,0.08884851009615113
STA-LSTM,5,median (centred),11,0.8221707670043416,0.8240926193921853,0.817607423007277,0.8202066365503938,0.791417248393611,0.793633282888586,0.19218523878437033,0.2599213543116874,0.22160344949749833
STA-LSTM,5,median (centred),31,0.8221707670043416,0.8295918958031838,0.817607423007277,0.825550498320998,0.791417248393611,0.7992516377865414,0.7421128798842269,0.7943075313721071,0.7834389392930352
STA-LSTM,5,median (centred),61,0.8221707670043416,0.8389811866859623,0.817607423007277,0.8356282675238714,0.791417248393611,0.809142493661728,1.681041968162078,1.802084451659447,1.7725245268116918
STA-LSTM,5,median (centred),121,0.8221707670043416,0.8434848046309696,0.817607423007277,0.8411487068758712,0.791417248393611,0.8150400354084265,2.131403762662809,2.354128386859422,2.362278701481546
STA-LSTM,5,majority (centred),5,0.8221707670043416,0.8228538350217077,0.817607423007277,0.8185902606449184,0.791417248393611,0.7922452839295798,0.0683068017366173,0.09828376376413983,0.08280355359687741
STA-LSTM,5,majority (centred),11,0.8221707670043416,0.8238379160636758,0.817607423007277,0.8199546756458874,0.791417248393611,0.7933379293207502,0.1667149059334294,0.23472526386104642,0.19206809271391512
STA-LSTM,5,majority (centred),31,0.8221707670043416,0.8279826338639653,0.817607423007277,0.8241195237525281,0.791417248393611,0.7976486152512353,0.581186685962376,0.6512100745251104,0.6231366857624265
STA-LSTM,5,majority (centred),61,0.8221707670043416,0.8368277858176556,0.817607423007277,0.8339521601892111,0.791417248393611,0.806971088469684,1.4657018813314049,1.6344737181934188,1.5553840076072967
STA-LSTM,5,majority (centred),121,0.8221707670043416,0.8415050651230102,0.817607423007277,0.8402092103922651,0.791417248393611,0.8130185180835364,1.9334298118668602,2.2601787384988192,2.1601269689925373
STA-LSTM,5,"majority (causal, trailing)",5,0.8221707670043416,0.8245904486251809,0.817607423007277,0.8203296022306187,0.791417248393611,0.7938542209601728,0.24196816208393868,0.2722179223341725,0.24369725665617237
STA-LSTM,5,"majority (causal, trailing)",11,0.8221707670043416,0.8279363241678727,0.817607423007277,0.8240447832973938,0.791417248393611,0.7971272500033826,0.576555716353111,0.6437360290116878,0.5710001609771531
STA-LSTM,5,"majority (causal, trailing)",31,0.8221707670043416,0.8390853835021708,0.817607423007277,0.8354970957838721,0.791417248393611,0.8081061018453713,1.6914616497829216,1.7889672776595145,1.66888534517603
STA-LSTM,5,"majority (causal, trailing)",61,0.8221707670043416,0.8489493487698987,0.817607423007277,0.8462639861863752,0.791417248393611,0.8183399330959625,2.677858176555714,2.865656317909826,2.6922684702351485
STA-LSTM,5,"majority (causal, trailing)",121,0.8221707670043416,0.8453950795947902,0.817607423007277,0.8446232268400737,0.791417248393611,0.8171753247079501,2.322431259044866,2.701580383279678,2.575807631433902
STA-LSTM,6,median (centred),5,0.7310217076700434,0.7313690303907381,0.721723844637124,0.722059041956117,0.7081637089408566,0.7085849765567355,0.03473227206947094,0.0335197318993008,0.04212676158789064
STA-LSTM,6,median (centred),11,0.7310217076700434,0.7321562952243126,0.721723844637124,0.7229279636425209,0.7081637089408566,0.7094714620756283,0.11345875542692063,0.12041190053968531,0.13077531347717164
STA-LSTM,6,median (centred),31,0.7310217076700434,0.7369146164978292,0.721723844637124,0.7285492079712692,0.7081637089408566,0.7148479396644518,0.5892908827785814,0.6825363334145185,0.6684230723595252
STA-LSTM,6,median (centred),61,0.7310217076700434,0.7480752532561505,0.721723844637124,0.7397418367289156,0.7081637089408566,0.726352061129584,1.7053545586107166,1.8017992091791557,1.8188352188727386
STA-LSTM,6,median (centred),121,0.7310217076700434,0.7515021707670043,0.721723844637124,0.7426039838919992,0.7081637089408566,0.728669921132266,2.0480463096960944,2.0880139254875196,2.0506212191409467
STA-LSTM,6,majority (centred),5,0.7310217076700434,0.731287988422576,0.721723844637124,0.7219790384302837,0.7081637089408566,0.7084866128851904,0.026628075253265493,0.025519379315963597,0.03229039443338744
STA-LSTM,6,majority (centred),11,0.7310217076700434,0.7319826338639652,0.721723844637124,0.7228139952874818,0.7081637089408566,0.7092614925164993,0.09609261939218516,0.10901506503577796,0.1097783575642719
STA-LSTM,6,majority (centred),31,0.7310217076700434,0.7363473227206947,0.721723844637124,0.7281090200767899,0.7081637089408566,0.7140514870524178,0.5325615050651322,0.638517543966588,0.588777811156127
STA-LSTM,6,majority (centred),61,0.7310217076700434,0.7466743849493488,0.721723844637124,0.7387657530362044,0.7081637089408566,0.7241873335314555,1.5652677279305416,1.7041908399080374,1.6023624590598917
STA-LSTM,6,majority (centred),121,0.7310217076700434,0.7516179450072359,0.721723844637124,0.7442740482826258,0.7081637089408566,0.7284475877576696,2.0596237337192513,2.2550203645501754,2.028387881681304
STA-LSTM,6,"majority (causal, trailing)",5,0.7310217076700434,0.7326541244573083,0.721723844637124,0.7233549743997001,0.7081637089408566,0.7097591357222357,0.16324167872648898,0.16311297625760668,0.1595426781379139
STA-LSTM,6,"majority (causal, trailing)",11,0.7310217076700434,0.7354211287988422,0.721723844637124,0.7263273667501317,0.7081637089408566,0.7125180522776886,0.4399421128798875,0.460352211300763,0.4354343336832045
STA-LSTM,6,"majority (causal, trailing)",31,0.7310217076700434,0.7462807525325615,0.721723844637124,0.7378614158646437,0.7081637089408566,0.7229192435149487,1.5259044862518167,1.6137571227519687,1.4755534574092177
STA-LSTM,6,"majority (causal, trailing)",61,0.7310217076700434,0.7619218523878437,0.721723844637124,0.7552407180474968,0.7081637089408566,0.7389182704941263,3.0900144717800337,3.3516873410372794,3.075456155326972
STA-LSTM,6,"majority (causal, trailing)",121,0.7310217076700434,0.7605788712011577,0.721723844637124,0.755292869994729,0.7081637089408566,0.738885576357157,2.955716353111437,3.3569025357604976,3.0721867416300452
STA-LSTM,7,median (centred),5,0.7136324167872649,0.7142228654124457,0.7290673425215797,0.7297829278913942,0.7033507098988593,0.7039333404664846,0.05904486251808727,0.07155853698145309,0.05826305676253085
STA-LSTM,7,median (centred),11,0.7136324167872649,0.7156005788712012,0.7290673425215797,0.731356713339521,0.7033507098988593,0.7053453247877804,0.19681620839363534,0.22893708179413386,0.19946148889211646
STA-LSTM,7,median (centred),31,0.7136324167872649,0.7171519536903039,0.7290673425215797,0.7332849030598227,0.7033507098988593,0.7069197783197049,0.3519536903039078,0.42175605382430703,0.3569068420845589
STA-LSTM,7,median (centred),61,0.7136324167872649,0.722616497829233,0.7290673425215797,0.7389029500976747,0.7033507098988593,0.7120966481139099,0.8984081041968128,0.9835607576095029,0.8745938215050653
STA-LSTM,7,median (centred),121,0.7136324167872649,0.7251866859623733,0.7290673425215797,0.7417091425071128,0.7033507098988593,0.7143380129631604,1.155426917510849,1.2641799985533164,1.0987303064301068
STA-LSTM,7,majority (centred),5,0.7136324167872649,0.7143270622286542,0.7290673425215797,0.7298817777005276,0.7033507098988593,0.7040444993812947,0.06946454413893077,0.08144351789479698,0.06937894824353696
STA-LSTM,7,majority (centred),11,0.7136324167872649,0.7158552821997106,0.7290673425215797,0.731640985634038,0.7033507098988593,0.7056212972474695,0.22228654124457625,0.2573643112458335,0.22705873486101869
STA-LSTM,7,majority (centred),31,0.7136324167872649,0.7180202604920405,0.7290673425215797,0.7343376176695912,0.7033507098988593,0.7079041008928234,0.4387843704775629,0.5270275148011483,0.4553390993964124
STA-LSTM,7,majority (centred),61,0.7136324167872649,0.7243762662807526,0.7290673425215797,0.7409594998457368,0.7033507098988593,0.7141116863873451,1.0743849493487723,1.189215732415716,1.076097648848584
STA-LSTM,7,majority (centred),121,0.7136324167872649,0.7267149059334298,0.7290673425215797,0.7439264011601926,0.7033507098988593,0.7164119680523441,1.3082489146164944,1.485905863861292,1.30612581534848
STA-LSTM,7,"majority (causal, trailing)",5,0.7136324167872649,0.7132040520984081,0.7290673425215797,0.7286888038608161,0.7033507098988593,0.7029040147333179,-0.04283646888567638,-0.03785386607635388,-0.04466951655414109
STA-LSTM,7,"majority (causal, trailing)",11,0.7136324167872649,0.713192474674385,0.7290673425215797,0.728846694001907,0.7033507098988593,0.7029196044192068,-0.04399421128798986,-0.022064851967262822,-0.04311054796525271
STA-LSTM,7,"majority (causal, trailing)",31,0.7136324167872649,0.7117452966714906,0.7290673425215797,0.7279538482873361,0.7033507098988593,0.7015728402291713,-0.1887120115774299,-0.11134942342435616,-0.17778696696879592
STA-LSTM,7,"majority (causal, trailing)",61,0.7136324167872649,0.7096150506512301,0.7290673425215797,0.7250803709878166,0.7033507098988593,0.6989726872355618,-0.4017366136034761,-0.39869715337630396,-0.4378022663297454
STA-LSTM,7,"majority (causal, trailing)",121,0.7136324167872649,0.6994963820549928,0.7290673425215797,0.7162558356239778,0.7033507098988593,0.6889755734839328,-1.4136034732272096,-1.281150689760191,-1.4375136414926493
STA-LSTM,8,median (centred),5,0.4441331403762663,0.4445962373371925,0.5169993760870507,0.5174720693314137,0.4014473741875566,0.4016525494633534,0.046309696092622366,0.04726932443629428,0.02051752757967762
STA-LSTM,8,median (centred),11,0.4441331403762663,0.4444688856729378,0.5169993760870507,0.5175731042886188,0.4014473741875566,0.40148971152274476,0.03357452966715191,0.05737282015680911,0.004233733518815841
STA-LSTM,8,median (centred),31,0.4441331403762663,0.4443299565846599,0.5169993760870507,0.5185332191640531,0.4014473741875566,0.40026447871145665,0.019681620839362424,0.15338430770024392,-0.11828954760999544
STA-LSTM,8,median (centred),61,0.4441331403762663,0.4497366136034732,0.5169993760870507,0.525203996304195,0.4014473741875566,0.4039814243517661,0.5603473227206945,0.8204620217144298,0.2534050164209489
STA-LSTM,8,median (centred),121,0.4441331403762663,0.45337192474674387,0.5169993760870507,0.5300790658233998,0.4014473741875566,0.4066398189384111,0.9238784370477593,1.3079689736349098,0.5192444750854508
STA-LSTM,8,majority (centred),5,0.4441331403762663,0.4447004341534009,0.5169993760870507,0.5175680652736886,0.4014473741875566,0.40163040489153934,0.056729377713460316,0.05686891866378829,0.01830307039827339
STA-LSTM,8,majority (centred),11,0.4441331403762663,0.4448740955137482,0.5169993760870507,0.5179977196731965,0.4014473741875566,0.4014772589203363,0.07409551374819023,0.09983435861458112,0.0029884732779705825
STA-LSTM,8,majority (centred),31,0.4441331403762663,0.44542981186685965,0.5169993760870507,0.5195959580033204,0.4014473741875566,0.4002835162852883,0.12966714905933707,0.2596581916269658,-0.1163857902268306
STA-LSTM,8,majority (centred),61,0.4441331403762663,0.45134587554269173,0.5169993760870507,0.5268940183996639,0.4014473741875566,0.4031050585731852,0.7212735166425455,0.9894642312613167,0.16576843856285772
STA-LSTM,8,majority (centred),121,0.4441331403762663,0.4576555716353111,0.5169993760870507,0.5343974411169132,0.4014473741875566,0.4057965610750069,1.3522431259044843,1.739806502986252,0.4349186887450285
STA-LSTM,8,"majority (causal, trailing)",5,0.4441331403762663,0.44460781476121564,0.5169993760870507,0.517600274793936,0.4014473741875566,0.4015067598716587,0.04746743849493584,0.06008987068852889,0.0059385684102075675
STA-LSTM,8,"majority (causal, trailing)",11,0.4441331403762663,0.4448740955137482,0.5169993760870507,0.5183607659362316,0.4014473741875566,0.4014512116319551,0.07409551374819023,0.1361389849180883,0.0003837444398469003
STA-LSTM,8,"majority (causal, trailing)",31,0.4441331403762663,0.4439479015918958,0.5169993760870507,0.5188455017918266,0.4014473741875566,0.3986373126346923,-0.018523878437048946,0.1846125704775936,-0.28100615528642847
STA-LSTM,8,"majority (causal, trailing)",61,0.4441331403762663,0.44424891461649785,0.5169993760870507,0.5200306297455372,0.4014473741875566,0.3962325979626374,0.01157742402315698,0.30312536584864436,-0.5214776224919226
STA-LSTM,8,"majority (causal, trailing)",121,0.4441331403762663,0.44083357452966715,0.5169993760870507,0.5178570653050122,0.4014473741875566,0.3893182104155215,-0.32995658465991284,0.0857689217961477,-1.21291637720351
STA-LSTM,9,median (centred),5,0.7427149059334298,0.7430506512301013,0.7355922432323997,0.7359355331636545,0.7282190284242164,0.728580091474023,0.03357452966714636,0.03432899312547644,0.03610630498066536
STA-LSTM,9,median (centred),11,0.7427149059334298,0.7439073806078148,0.7355922432323997,0.7368177405049915,0.7282190284242164,0.7294542157957914,0.11924746743849912,0.12254972725918023,0.12351873715750195
STA-LSTM,9,median (centred),31,0.7427149059334298,0.7501591895803184,0.7355922432323997,0.7439657575790394,0.7282190284242164,0.7361918059359862,0.7444283646888539,0.8373514346639688,0.7972777511769835
STA-LSTM,9,median (centred),61,0.7427149059334298,0.7572677279305354,0.7355922432323997,0.7536095553408432,0.7282190284242164,0.7447789048258575,1.4552821997105614,1.8017312108443484,1.6559876401641138
STA-LSTM,9,median (centred),121,0.7427149059334298,0.7666685962373372,0.7355922432323997,0.7659336724804756,0.7282190284242164,0.7558196962453015,2.395369030390737,3.0341429248075924,2.7600667821085167
STA-LSTM,9,majority (centred),5,0.7427149059334298,0.7431316931982633,0.7355922432323997,0.7360206217087777,0.7282190284242164,0.7286525766706696,0.0416787264833518,0.042837847637799964,0.04335482464532525
STA-LSTM,9,majority (centred),11,0.7427149059334298,0.7440463096960926,0.7355922432323997,0.7370114587440542,0.7282190284242164,0.7295952455517791,0.13314037626628306,0.14192155116544702,0.1376217127562751
STA-LSTM,9,majority (centred),31,0.7427149059334298,0.750726483357453,0.7355922432323997,0.7447706824571111,0.7282190284242164,0.7367943138015353,0.8011577424023142,0.9178439224711399,0.8575285377318886
STA-LSTM,9,majority (centred),61,0.7427149059334298,0.7593053545586107,0.7355922432323997,0.7568595771308503,0.7282190284242164,0.7472850742553568,1.6590448625180887,2.126733389845059,1.9066045831140466
STA-LSTM,9,majority (centred),121,0.7427149059334298,0.7696787264833574,0.7355922432323997,0.7707490882451657,0.7282190284242164,0.759241745734958,2.696382054992763,3.515684501276606,3.1022717310741577
STA-LSTM,9,"majority (causal, trailing)",5,0.7427149059334298,0.7424602026049204,0.7355922432323997,0.735357337000241,0.7282190284242164,0.728026417916375,-0.025470332850940913,-0.023490623215871587,-0.019261050784136202
STA-LSTM,9,"majority (causal, trailing)",11,0.7427149059334298,0.7421128798842258,0.7355922432323997,0.7350427237530041,0.7282190284242164,0.7277306261166471,-0.06020260492040075,-0.05495194793956326,-0.048840230756930225
STA-LSTM,9,"majority (causal, trailing)",31,0.7427149059334298,0.7432937771345876,0.7355922432323997,0.7372800756730209,0.7282190284242164,0.7295399655365552,0.057887120115773794,0.16878324406212064,0.1320937112338827
STA-LSTM,9,"majority (causal, trailing)",61,0.7427149059334298,0.7434674384949349,0.7355922432323997,0.7410165186814485,0.7282190284242164,0.7318453333723399,0.07525325615050926,0.5424275449048777,0.3626304948123549
STA-LSTM,9,"majority (causal, trailing)",121,0.7427149059334298,0.7363820549927641,0.7355922432323997,0.7363644901781945,0.7282190284242164,0.7260199606781425,-0.6332850940665713,0.07722469457948078,-0.21990677460739239
STA-LSTM,10,median (centred),5,0.7511664254703329,0.7517568740955137,0.776198762006907,0.7769574247212532,0.7118278331729565,0.7124485944459202,0.05904486251808727,0.07586627143462144,0.06207612729637324
STA-LSTM,10,median (centred),11,0.7511664254703329,0.752602026049204,0.776198762006907,0.7778961185699913,0.7118278331729565,0.7131972024244243,0.14356005788711546,0.169735656308434,0.13693692514678002
STA-LSTM,10,median (centred),31,0.7511664254703329,0.754616497829233,0.776198762006907,0.780216110900175,0.7118278331729565,0.7147480498180664,0.3450072358900158,0.4017348893267991,0.29202166451098854
STA-LSTM,10,median (centred),61,0.7511664254703329,0.7615166425470333,0.776198762006907,0.7866258732249359,0.7118278331729565,0.7213556215817931,1.0350217076700474,1.0427111218028973,0.9527788408836613
STA-LSTM,10,median (centred),121,0.7511664254703329,0.7697366136034732,0.776198762006907,0.7937670331901612,0.7118278331729565,0.7300767803624878,1.8570188133140375,1.7568271183254214,1.8248947189531295
STA-LSTM,10,majority (centred),5,0.7511664254703329,0.7517452966714906,0.776198762006907,0.7769404638899239,0.7118278331729565,0.7124180477921946,0.057887120115773794,0.07417018830169209,0.059021461923813856
STA-LSTM,10,majority (centred),11,0.7511664254703329,0.752451519536903,0.776198762006907,0.7777665468883613,0.7118278331729565,0.7129877626578124,0.12850940665701804,0.15677848814543704,0.11599294848558817
STA-LSTM,10,majority (centred),31,0.7511664254703329,0.7539565846599132,0.776198762006907,0.7799789586188219,0.7118278331729565,0.7140537747769425,0.27901591895803657,0.37801966119149766,0.2225941603986037
STA-LSTM,10,majority (centred),61,0.7511664254703329,0.7615282199710565,0.776198762006907,0.7876115930311527,0.7118278331729565,0.7213953012281863,1.036179450072361,1.1412831024245729,0.9567468055229789
STA-LSTM,10,majority (centred),121,0.7511664254703329,0.7689956584659913,0.776198762006907,0.7934493066585767,0.7118278331729565,0.7290348615433794,1.7829232995658417,1.7250544651669752,1.7207028370422872
STA-LSTM,10,"majority (causal, trailing)",5,0.7511664254703329,0.7531345875542692,0.776198762006907,0.7782326452705973,0.7118278331729565,0.713680770520997,0.19681620839363534,0.20338832636903614,0.18529373480404843
STA-LSTM,10,"majority (causal, trailing)",11,0.7511664254703329,0.7559363241678726,0.776198762006907,0.7812822473468514,0.7118278331729565,0.7162483956199545,0.4769898697539743,0.5083485339944405,0.44205624469979554
STA-LSTM,10,"majority (causal, trailing)",31,0.7511664254703329,0.7612040520984081,0.776198762006907,0.7878236568191906,0.7118278331729565,0.7209488151358903,1.003762662807528,1.1624894812283681,0.9120981962933761
STA-LSTM,10,"majority (causal, trailing)",61,0.7511664254703329,0.7648393632416787,0.776198762006907,0.7919380395006229,0.7118278331729565,0.7251401061523105,1.3672937771345817,1.5739277493715953,1.3312272979354
STA-LSTM,10,"majority (causal, trailing)",121,0.7511664254703329,0.7590390738060782,0.776198762006907,0.7836287486393777,0.7118278331729565,0.7206183557308726,0.7872648335745303,0.7429986632470742,0.8790522557916125
STA-LSTM,11,median (centred),5,0.7804457308248914,0.7810361794500723,0.7645101960237519,0.7653652210269408,0.7015094151042817,0.7021537593028198,0.05904486251808727,0.08550250031889028,0.06443441985380938
STA-LSTM,11,median (centred),11,0.7804457308248914,0.7821591895803184,0.7645101960237519,0.7678564854167117,0.7015094151042817,0.7037167366341017,0.17134587554269443,0.3346289392959778,0.2207321529820061
STA-LSTM,11,median (centred),31,0.7804457308248914,0.7827843704775688,0.7645101960237519,0.7744215640781668,0.7015094151042817,0.7063404603631427,0.23386396526773323,0.9911368054414837,0.4831045258861022
STA-LSTM,11,median (centred),61,0.7804457308248914,0.7861070911722142,0.7645101960237519,0.7897950474453351,0.7015094151042817,0.7135224423551089,0.5661360347322786,2.528485142158321,1.2013027250827202
STA-LSTM,11,median (centred),121,0.7804457308248914,0.7867438494934877,0.7645101960237519,0.7940604091335466,0.7015094151042817,0.7152029384331405,0.6298118668596309,2.9550213109794665,1.369352332885887
STA-LSTM,11,majority (centred),5,0.7804457308248914,0.7811056439942113,0.7645101960237519,0.7653679420104648,0.7015094151042817,0.7022080954229698,0.06599131693199034,0.08577459867128434,0.06986803186881385
STA-LSTM,11,majority (centred),11,0.7804457308248914,0.7820434153400868,0.7645101960237519,0.7677380665727981,0.7015094151042817,0.7036234750191676,0.15976845151953745,0.32278705490461634,0.21140599148858907
STA-LSTM,11,majority (centred),31,0.7804457308248914,0.7833516642547034,0.7645101960237519,0.7751982096878617,0.7015094151042817,0.7070153512126204,0.29059334298119355,1.0688013664109763,0.5505936108338716
STA-LSTM,11,majority (centred),61,0.7804457308248914,0.7888162083936324,0.7645101960237519,0.791681461198764,0.7015094151042817,0.7157574617294032,0.8370477568740986,2.7171265175012116,1.424804662512158
STA-LSTM,11,majority (centred),121,0.7804457308248914,0.7880752532561505,0.7645101960237519,0.7970049004648624,0.7015094151042817,0.7170191021515118,0.7629522431259028,3.2494704441110467,1.5509687047230103
STA-LSTM,11,"majority (causal, trailing)",5,0.7804457308248914,0.7818813314037627,0.7645101960237519,0.7666261844082997,0.7015094151042817,0.7031174776732089,0.14356005788712656,0.211598838454774,0.16080625689272043
STA-LSTM,11,"majority (causal, trailing)",11,0.7804457308248914,0.7837568740955138,0.7645101960237519,0.7706436420749743,0.7015094151042817,0.705680003990412,0.3311143270622319,0.6133446051222347,0.4170588886130311
STA-LSTM,11,"majority (causal, trailing)",31,0.7804457308248914,0.7858986975397974,0.7645101960237519,0.7822153294329292,0.7015094151042817,0.711166999986976,0.5452966714905916,1.7705133409177232,0.9657584882694303
STA-LSTM,11,"majority (causal, trailing)",61,0.7804457308248914,0.7800752532561505,0.7645101960237519,0.7839343389516514,0.7015094151042817,0.7083782887581238,-0.03704775687409789,1.9424142927899513,0.6868873653842145
STA-LSTM,11,"majority (causal, trailing)",121,0.7804457308248914,0.767027496382055,0.7645101960237519,0.7750305170299044,0.7015094151042817,0.6979483088661976,-1.3418234442836408,1.0520321006152522,-0.3561106238084033
STA-LSTM,12,median (centred),5,0.8341534008683068,0.8343617945007236,0.8499044530114009,0.8503827568633717,0.8105777904610264,0.8108680272579173,0.0208393632416759,0.047830385197078495,0.02902367968908859
STA-LSTM,12,median (centred),11,0.8341534008683068,0.8354269175108539,0.8499044530114009,0.8516160837278376,0.8105777904610264,0.8119304453965688,0.12735166425470457,0.17116307164366518,0.13526549355423745
STA-LSTM,12,median (centred),31,0.8341534008683068,0.8360173661360347,0.8499044530114009,0.8537744637943097,0.8105777904610264,0.8129389881622827,0.18639652677279184,0.3870010782908717,0.23611977012563123
STA-LSTM,12,median (centred),61,0.8341534008683068,0.8355079594790159,0.8499044530114009,0.8538382253875367,0.8105777904610264,0.8126760190179508,0.13545586107091,0.3933772376135791,0.20982285569244308
STA-LSTM,12,median (centred),121,0.8341534008683068,0.8332619392185239,0.8499044530114009,0.8546184368414114,0.8105777904610264,0.8118613890845046,-0.0891461649782932,0.47139838300104264,0.1283598623478155
STA-LSTM,12,majority (centred),5,0.8341534008683068,0.8343270622286542,0.8499044530114009,0.8503497198888619,0.8105777904610264,0.8108350936668103,0.01736613603473547,0.044526687746093696,0.025730320578387644
STA-LSTM,12,majority (centred),11,0.8341534008683068,0.835287988422576,0.8499044530114009,0.8514867914141533,0.8105777904610264,0.8117838948485878,0.11345875542692063,0.1582338402752348,0.1206104387561413
STA-LSTM,12,majority (centred),31,0.8341534008683068,0.836040520984081,0.8499044530114009,0.8541138960937523,0.8105777904610264,0.813074448133101,0.1887120115774188,0.4209443082351383,0.24966576720746314
STA-LSTM,12,majority (centred),61,0.8341534008683068,0.8355658465991317,0.8499044530114009,0.8545580626689055,0.8105777904610264,0.8129241192916042,0.1412445730824885,0.46536096575046093,0.23463288305778374
STA-LSTM,12,majority (centred),121,0.8341534008683068,0.8335745296671491,0.8499044530114009,0.8555546969297089,0.8105777904610264,0.8123433591514724,-0.057887120115773794,0.5650243918307929,0.17655686904459733
STA-LSTM,12,"majority (causal, trailing)",5,0.8341534008683068,0.8341534008683068,0.8499044530114009,0.8501014184976543,0.8105777904610264,0.8106498086744413,0.0,0.01969654862533643,0.0072018213414848375
STA-LSTM,12,"majority (causal, trailing)",11,0.8341534008683068,0.8343617945007236,0.8499044530114009,0.850598158845731,0.8105777904610264,0.8109764772825766,0.0208393632416759,0.06937058343300384,0.03986868215501982
STA-LSTM,12,"majority (causal, trailing)",31,0.8341534008683068,0.8310853835021708,0.8499044530114009,0.849696929312114,0.8105777904610264,0.8087905397882397,-0.30680173661360444,-0.02075236992868934,-0.17872506727867332
STA-LSTM,12,"majority (causal, trailing)",61,0.8341534008683068,0.8182807525325615,0.8499044530114009,0.8375594786471009,0.8105777904610264,0.7969233334678832,-1.587264833574531,-1.2344974364300043,-1.365445699314316
STA-LSTM,12,"majority (causal, trailing)",121,0.8341534008683068,0.8021881331403763,0.8499044530114009,0.8226860939136494,0.8105777904610264,0.78207747560891,-3.1965267727930513,-2.72183590977515,-2.850031485211635
STA-LSTM,13,median (centred),5,0.8316410998552822,0.8324978292329956,0.792455104608316,0.7934549182645885,0.7774362711890127,0.7784198324475927,0.08567293777134166,0.09998136562724413,0.09835612585800124
STA-LSTM,13,median (centred),11,0.8316410998552822,0.8339913169319826,0.792455104608316,0.7942302617645464,0.7774362711890127,0.7797295615046208,0.2350217076700356,0.17751571562303337,0.22932903156080986
STA-LSTM,13,median (centred),31,0.8316410998552822,0.8418639652677279,0.792455104608316,0.803266134118132,0.7774362711890127,0.788722879754061,1.0222865412445659,1.081102950981594,1.1286608565048262
STA-LSTM,13,median (centred),61,0.8316410998552822,0.8532098408104197,0.792455104608316,0.8168503207503693,0.7774362711890127,0.8032825854797864,2.15687409551375,2.439521614205331,2.5846314290773664
STA-LSTM,13,median (centred),121,0.8316410998552822,0.8571693198263386,0.792455104608316,0.8193049021447316,0.7774362711890127,0.8068006708368353,2.5528219971056365,2.6849797536415587,2.936439964782256
STA-LSTM,13,majority (centred),5,0.8316410998552822,0.8325094066570188,0.792455104608316,0.7934522879543429,0.7774362711890127,0.7784280574685504,0.08683068017365514,0.09971833460268309,0.09917862795376653
STA-LSTM,13,majority (centred),11,0.8316410998552822,0.8341070911722142,0.792455104608316,0.7945889760696794,0.7774362711890127,0.7799304203823606,0.24659913169319259,0.21338714613633458,0.24941491933478943
STA-LSTM,13,majority (centred),31,0.8316410998552822,0.8406483357452966,0.792455104608316,0.8036436385787282,0.7774362711890127,0.7881306715914042,0.9007235890014398,1.1188533970412196,1.0694400402391446
STA-LSTM,13,majority (centred),61,0.8316410998552822,0.8521794500723588,0.792455104608316,0.8210859534287285,0.7774362711890127,0.8038324576889148,2.0538350217076617,2.8630848820412447,2.6396186499902052
STA-LSTM,13,majority (centred),121,0.8316410998552822,0.8610940665701882,0.792455104608316,0.834117920310813,0.7774362711890127,0.8152866712915722,2.9452966714905937,4.166281570249697,3.7850400102559467
STA-LSTM,13,"majority (causal, trailing)",5,0.8316410998552822,0.8344081041968162,0.792455104608316,0.7955139944747373,0.7774362711890127,0.7803901794898574,0.2767004341533985,0.30588898664212216,0.2953908300844743
STA-LSTM,13,"majority (causal, trailing)",11,0.8316410998552822,0.8390738060781476,0.792455104608316,0.8003788886892722,0.7774362711890127,0.7853924962989981,0.7432706222865404,0.7923784080956175,0.7956225109985393
STA-LSTM,13,"majority (causal, trailing)",31,0.8316410998552822,0.8532793053545586,0.792455104608316,0.8180566935304298,0.7774362711890127,0.8017917048142507,2.163820549927642,2.5601588922113727,2.4355433625237954
STA-LSTM,13,"majority (causal, trailing)",61,0.8316410998552822,0.8613719247467438,0.792455104608316,0.8319943756297651,0.7774362711890127,0.8141694396118417,2.9730824891461616,3.953927102144905,3.6733168422829032
STA-LSTM,13,"majority (causal, trailing)",121,0.8316410998552822,0.8491114327062229,0.792455104608316,0.821932155532235,0.7774362711890127,0.803656257826672,1.7470332850940684,2.9477050923918946,2.6219986637659343
STA-LSTM,14,median (centred),5,0.7985180897250361,0.7996063675832127,0.7536809861613869,0.7547246796924645,0.748842260545311,0.7500339703572498,0.10882778581765562,0.1043693531077583,0.11917098119388347
STA-LSTM,14,median (centred),11,0.7985180897250361,0.802315484804631,0.7536809861613869,0.7570636848160529,0.748842260545311,0.7529933925294618,0.37973950795948674,0.33826986546660054,0.41511319841508465
STA-LSTM,14,median (centred),31,0.7985180897250361,0.8106049204052098,0.7536809861613869,0.7660540717670449,0.748842260545311,0.7629453782319152,1.2086830680173688,1.2373085605657974,1.4103117686604216
STA-LSTM,14,median (centred),61,0.7985180897250361,0.8286888567293778,0.7536809861613869,0.7835978113770657,0.748842260545311,0.7828429994727865,3.0170767004341625,2.9916825215678844,3.400073892747546
STA-LSTM,14,median (centred),121,0.7985180897250361,0.8401852387843705,0.7536809861613869,0.7957333712440278,0.748842260545311,0.7969024522967331,4.166714905933433,4.205238508264086,4.806019175142207
STA-LSTM,14,majority (centred),5,0.7985180897250361,0.7996410998552822,0.7536809861613869,0.7547144392898734,0.748842260545311,0.7500623126778257,0.11230101302460715,0.10334531284864612,0.12200521325147484
STA-LSTM,14,majority (centred),11,0.7985180897250361,0.802315484804631,0.7536809861613869,0.7569617776321395,0.748842260545311,0.7529591118570056,0.37973950795948674,0.3280791470752553,0.41168513116945915
STA-LSTM,14,majority (centred),31,0.7985180897250361,0.810547033285094,0.7536809861613869,0.7658445062671696,0.748842260545311,0.7627895746855903,1.2028943560057903,1.21635201057827,1.3947314140279277
STA-LSTM,14,majority (centred),61,0.7985180897250361,0.8277510853835022,0.7536809861613869,0.7829702577639651,0.748842260545311,0.78190598738378,2.9232995658466043,2.9289271602578215,3.306372683846903
STA-LSTM,14,majority (centred),121,0.7985180897250361,0.8382981186685963,0.7536809861613869,0.7944782075269377,0.748842260545311,0.794802591859899,3.978002894356014,4.079722136555075,4.596033131458799
STA-LSTM,14,"majority (causal, trailing)",5,0.7985180897250361,0.800972503617945,0.7536809861613869,0.756551056746963,0.748842260545311,0.7517379870193365,0.2454413892908902,0.287007058557609,0.2895726474025473
STA-LSTM,14,"majority (causal, trailing)",11,0.7985180897250361,0.8058581765557163,0.7536809861613869,0.7617312802836961,0.748842260545311,0.7573218426697386,0.7340086830680215,0.8050294122309176,0.8479582124427565
STA-LSTM,14,"majority (causal, trailing)",31,0.7985180897250361,0.8230969609261939,0.7536809861613869,0.7813582987105585,0.748842260545311,0.7772433694482156,2.457887120115776,2.7677312549171607,2.8401108902904593
STA-LSTM,14,"majority (causal, trailing)",61,0.7985180897250361,0.8500028943560057,0.7536809861613869,0.8080107141881531,0.748842260545311,0.8057738857515768,5.148480463096961,5.432972802676616,5.693162520626583
STA-LSTM,14,"majority (causal, trailing)",121,0.7985180897250361,0.8618234442836469,0.7536809861613869,0.8194304560783149,0.748842260545311,0.8189755566984794,6.3305354558610745,6.574946991692798,7.013329615316843
STA-LSTM,15,median (centred),5,0.7367525325615051,0.7370188133140376,0.7321284846087068,0.732752210835931,0.7057746410607777,0.7061677749032403,0.02662807525325439,0.0623726227224175,0.039313384246264516
STA-LSTM,15,median (centred),11,0.7367525325615051,0.7388596237337193,0.7321284846087068,0.7353170994385897,0.7057746410607777,0.7082350229000963,0.21070911722141927,0.3188614829882863,0.2460381839318626
STA-LSTM,15,median (centred),31,0.7367525325615051,0.7507380607814761,0.7321284846087068,0.7518795850349855,0.7057746410607777,0.7213615936941808,1.398552821997101,1.97511004262787,1.558695263340315
STA-LSTM,15,median (centred),61,0.7367525325615051,0.7618639652677279,0.7321284846087068,0.7671573259650577,0.7057746410607777,0.7337116264039637,2.5111432706222847,3.502884135635087,2.7936985343186005
STA-LSTM,15,median (centred),121,0.7367525325615051,0.7768451519536903,0.7321284846087068,0.7818691495460947,0.7057746410607777,0.7486847234351539,4.009261939218522,4.974066493738782,4.291008237437621
STA-LSTM,15,majority (centred),5,0.7367525325615051,0.7370188133140376,0.7321284846087068,0.732750984911671,0.7057746410607777,0.7061698449401522,0.02662807525325439,0.06225003029641796,0.03952038793745283
STA-LSTM,15,majority (centred),11,0.7367525325615051,0.7389059334298118,0.7321284846087068,0.7353640793169912,0.7057746410607777,0.7082849900674195,0.21534008683067318,0.3235594708284384,0.2510349006641821
STA-LSTM,15,majority (centred),31,0.7367525325615051,0.7505528219971056,0.7321284846087068,0.7519415566508915,0.7057746410607777,0.7212801091444212,1.3800289435600521,1.9813072042184632,1.5505468083643503
STA-LSTM,15,majority (centred),61,0.7367525325615051,0.7613545586107091,0.7321284846087068,0.7669695832546161,0.7057746410607777,0.7333339508698482,2.460202604920403,3.484109864590923,2.755930980907051
STA-LSTM,15,majority (centred),121,0.7367525325615051,0.7732098408104197,0.7321284846087068,0.7799205846256007,0.7057746410607777,0.7455502893280389,3.6457308248914577,4.779210001689382,3.977564826726121
STA-LSTM,15,"majority (causal, trailing)",5,0.7367525325615051,0.7369146164978292,0.7321284846087068,0.7323592855106066,0.7057746410607777,0.7059596397295144,0.01620839363241089,0.023080090189975255,0.018499866873666893
STA-LSTM,15,"majority (causal, trailing)",11,0.7367525325615051,0.7385701881331403,0.7321284846087068,0.7342750147332716,0.7057746410607777,0.7076575015803348,0.18176555716352683,0.21465301245647828,0.18828605195571058
STA-LSTM,15,"majority (causal, trailing)",31,0.7367525325615051,0.7495571635311143,0.7321284846087068,0.7498984069787985,0.7057746410607777,0.719920876778431,1.2804630969609265,1.7769922370091673,1.4146235717653277
STA-LSTM,15,"majority (causal, trailing)",61,0.7367525325615051,0.757232995658466,0.7321284846087068,0.7633820612259123,0.7057746410607777,0.7298434491619877,2.0480463096960944,3.1253576617205514,2.4068808101210037
STA-LSTM,15,"majority (causal, trailing)",121,0.7367525325615051,0.7597684515195369,0.7321284846087068,0.7686084129737448,0.7057746410607777,0.7339958841871046,2.301591895803179,3.6479928365037995,2.82212431263269
STA-LSTM,16,median (centred),5,0.7704428364688857,0.7713111432706223,0.6653295594495162,0.66610155734869,0.676279554899069,0.677123683052142,0.08683068017366624,0.07719978991738152,0.08441281530729983
STA-LSTM,16,median (centred),11,0.7704428364688857,0.7742633863965268,0.6653295594495162,0.6693677190682187,0.676279554899069,0.6808449223215148,0.3820549927641137,0.4038159618702464,0.4565367422445843
STA-LSTM,16,median (centred),31,0.7704428364688857,0.7839421128798842,0.6653295594495162,0.6770819939789036,0.676279554899069,0.6902206016657156,1.3499276410998573,1.1752434529387346,1.3941046766646648
STA-LSTM,16,median (centred),61,0.7704428364688857,0.7922199710564399,0.6653295594495162,0.6825256421731393,0.676279554899069,0.6971376640281846,2.177713458755426,1.7196082723623052,2.0858109129115565
STA-LSTM,16,median (centred),121,0.7704428364688857,0.802547033285094,0.6653295594495162,0.6866327742823479,0.676279554899069,0.7044039043345373,3.2104196816208352,2.1303214832831707,2.8124349435468265
STA-LSTM,16,majority (centred),5,0.7704428364688857,0.7708943560057887,0.6653295594495162,0.6656840393699651,0.676279554899069,0.6767346434615314,0.04515195369030334,0.03544799204489024,0.04550885624624579
STA-LSTM,16,majority (centred),11,0.7704428364688857,0.7731403762662807,0.6653295594495162,0.6684368852803266,0.676279554899069,0.6798736427431574,0.26975397973950654,0.31073258308104146,0.3594087844088434
STA-LSTM,16,majority (centred),31,0.7704428364688857,0.7802141823444284,0.6653295594495162,0.6751385770670734,0.676279554899069,0.6879611025819802,0.9771345875542736,0.9809017617557148,1.1681547682911186
STA-LSTM,16,majority (centred),61,0.7704428364688857,0.7889088277858176,0.6653295594495162,0.6834470123168126,0.676279554899069,0.6978164434427637,1.846599131693194,1.811745286729638,2.153688854369473
STA-LSTM,16,majority (centred),121,0.7704428364688857,0.7970246020260492,0.6653295594495162,0.6892594893765458,0.676279554899069,0.7068281684083636,2.6581765557163517,2.392992992702958,3.054861350929461
STA-LSTM,16,"majority (causal, trailing)",5,0.7704428364688857,0.7725383502170767,0.6653295594495162,0.6675804165960164,0.676279554899069,0.6786642283887262,0.2095513748191058,0.22508571465001959,0.23846734896572075
STA-LSTM,16,"majority (causal, trailing)",11,0.7704428364688857,0.7774819102749638,0.6653295594495162,0.6732492404207003,0.676279554899069,0.6847720392689354,0.7039073806078155,0.7919680971184118,0.8492484369866382
STA-LSTM,16,"majority (causal, trailing)",31,0.7704428364688857,0.7926830680173661,0.6653295594495162,0.6897722825289803,0.676279554899069,0.7030170819652218,2.2240231548480427,2.4442723079464046,2.6737527066152844
STA-LSTM,16,"majority (causal, trailing)",61,0.7704428364688857,0.80627496382055,0.6653295594495162,0.7024271203635223,0.676279554899069,0.7173467134229566,3.58321273516643,3.7097560914006067,4.106715852388765
STA-LSTM,16,"majority (causal, trailing)",121,0.7704428364688857,0.8122257597684516,0.6653295594495162,0.7072549729633254,0.676279554899069,0.7259281720939343,4.17829232995659,4.192541351380918,4.964861719486535
STA-LSTM,17,median (centred),5,0.7693082489146165,0.7705470332850941,0.7856379215268227,0.7871377551044914,0.7296443871408486,0.7309205523023418,0.12387843704776413,0.14998335776686966,0.12761651614932035
STA-LSTM,17,median (centred),11,0.7693082489146165,0.7716237337192474,0.7856379215268227,0.7889507652493916,0.7296443871408486,0.7322246142159083,0.23154848046309517,0.33128437225689034,0.2580227075059782
STA-LSTM,17,median (centred),31,0.7693082489146165,0.7758263386396527,0.7856379215268227,0.7955150963220979,0.7296443871408486,0.7371718913055635,0.6518089725036202,0.9877174795275279,0.7527504164714927
STA-LSTM,17,median (centred),61,0.7693082489146165,0.7848335745296672,0.7856379215268227,0.8065609755058034,0.7296443871408486,0.7467609325437271,1.5525325615050711,2.0923053978980755,1.7116545402878547
STA-LSTM,17,median (centred),121,0.7693082489146165,0.7924052098408104,0.7856379215268227,0.8180815342347407,0.7296443871408486,0.7557447619930526,2.3096960926193955,3.244361270791807,2.6100374852204067
STA-LSTM,17,majority (centred),5,0.7693082489146165,0.7705470332850941,0.7856379215268227,0.7871286023651547,0.7296443871408486,0.7309182819888894,0.12387843704776413,0.1490680838332037,0.12738948480408574
STA-LSTM,17,majority (centred),11,0.7693082489146165,0.7717163531114327,0.7856379215268227,0.7890126747221043,0.7296443871408486,0.7322970226520815,0.2408104196816252,0.3374753195281688,0.2652635511232959
STA-LSTM,17,majority (centred),31,0.7693082489146165,0.7763820549927641,0.7856379215268227,0.7962533141319459,0.7296443871408486,0.7377202400458668,0.7073806078147671,1.061539260512323,0.8075852905018222
STA-LSTM,17,majority (centred),61,0.7693082489146165,0.7858292329956584,0.7856379215268227,0.807624210366614,0.7296443871408486,0.7476692642558783,1.6520984081041967,2.198628883979137,1.8024877115029758
STA-LSTM,17,majority (centred),121,0.7693082489146165,0.7930188133140377,0.7856379215268227,0.818501079713382,0.7296443871408486,0.7562247318418555,2.371056439942121,3.2863158186559382,2.6580344701006897
STA-LSTM,17,"majority (causal, trailing)",5,0.7693082489146165,0.7720057887120115,0.7856379215268227,0.7886628043251345,0.7296443871408486,0.7322975186270951,0.26975397973950654,0.3024882798311812,0.2653131486246574
STA-LSTM,17,"majority (causal, trailing)",11,0.7693082489146165,0.7754095513748192,0.7856379215268227,0.7930734246597216,0.7296443871408486,0.7358751488476271,0.6101302460202684,0.743550313289898,0.6230761706778498
STA-LSTM,17,"majority (causal, trailing)",31,0.7693082489146165,0.7845904486251809,0.7856379215268227,0.8061537820374398,0.7296443871408486,0.7460274820697249,1.5282199710564437,2.0515860510617157,1.6383094928876352
STA-LSTM,17,"majority (causal, trailing)",61,0.7693082489146165,0.789534008683068,0.7856379215268227,0.8122276437877737,0.7296443871408486,0.751606647743147,2.0225759768451534,2.658972226095102,2.1962260602298445
STA-LSTM,17,"majority (causal, trailing)",121,0.7693082489146165,0.7820202604920405,0.7856379215268227,0.8064675645467698,0.7296443871408486,0.7458007722224821,1.2712011577424076,2.0829643019947164,1.6156385081633529
STA-LSTM,18,median (centred),5,0.7521620839363242,0.7535166425470333,0.7356853730805212,0.7374134498837689,0.6913294812238271,0.6929112553910998,0.13545586107091,0.17280768032477134,0.1581774167272676
STA-LSTM,18,median (centred),11,0.7521620839363242,0.7558784370477569,0.7356853730805212,0.7413140350810216,0.6913294812238271,0.6960441815801662,0.3716353111432702,0.5628662000500384,0.4714700356339141
STA-LSTM,18,median (centred),31,0.7521620839363242,0.7619681620839364,0.7356853730805212,0.7520018275586194,0.6913294812238271,0.703960912378586,0.9806078147612141,1.6316454478098263,1.2631431154758954
STA-LSTM,18,median (centred),61,0.7521620839363242,0.7663328509406657,0.7356853730805212,0.7614776810018634,0.6913294812238271,0.7110092494848802,1.41707670043415,2.579230792134224,1.967976826105311
STA-LSTM,18,median (centred),121,0.7521620839363242,0.7637047756874096,0.7356853730805212,0.7619406101497495,0.6913294812238271,0.7106840519257962,1.1542691751085354,2.6255237069228277,1.935457070196911
STA-LSTM,18,majority (centred),5,0.7521620839363242,0.7534008683068018,0.7356853730805212,0.7371328475486286,0.6913294812238271,0.692740072738666,0.12387843704775303,0.14474744681074458,0.14105915148389103
STA-LSTM,18,majority (centred),11,0.7521620839363242,0.7560636758321273,0.7356853730805212,0.7412267901779263,0.6913294812238271,0.6962261005827153,0.39015918958030804,0.5541417097405077,0.4896619358888188
STA-LSTM,18,majority (centred),31,0.7521620839363242,0.761713458755427,0.7356853730805212,0.7515681483812395,0.6913294812238271,0.7039230862296296,0.9551374819102731,1.5882775300718355,1.2593605005802533
STA-LSTM,18,majority (centred),61,0.7521620839363242,0.7660318379160637,0.7356853730805212,0.7600879370049981,0.6913294812238271,0.7108059006232957,1.386975397973944,2.4402563924476928,1.9476419399468647
STA-LSTM,18,majority (centred),121,0.7521620839363242,0.7614819102749638,0.7356853730805212,0.7584203637862114,0.6913294812238271,0.7080606697277138,0.9319826338639592,2.2734990705690183,1.6731188503886663
STA-LSTM,18,"majority (causal, trailing)",5,0.7521620839363242,0.7530303907380608,0.7356853730805212,0.7364332202111316,0.6913294812238271,0.6921023085553951,0.08683068017365514,0.07478471306103796,0.07728273315680267
STA-LSTM,18,"majority (causal, trailing)",11,0.7521620839363242,0.7547091172214182,0.7356853730805212,0.7386480595922374,0.6913294812238271,0.6941066482564109,0.25470332850939803,0.29626865117162726,0.2777167032583794
STA-LSTM,18,"majority (causal, trailing)",31,0.7521620839363242,0.7548133140376266,0.7356853730805212,0.742616954562858,0.6913294812238271,0.6961204318259636,0.26512301013024153,0.6931581482336857,0.47909506021365234
STA-LSTM,18,"majority (causal, trailing)",61,0.7521620839363242,0.750575976845152,0.7356853730805212,0.7435105646266806,0.6913294812238271,0.6950373191653981,-0.15861070911722397,0.782519154615946,0.3707837941571035
STA-LSTM,18,"majority (causal, trailing)",121,0.7521620839363242,0.736972503617945,0.7356853730805212,0.7330895816804904,0.6913294812238271,0.6832542818598824,-1.5189580318379248,-0.25957914000307447,-0.8075199363944741
